solid 
facet normal -0.7203268 -0.32515 -0.61270446
 outer loop
  vertex 0.008628767 -2.021376 0.29838958
  vertex 0.042093314 -1.9278414 0.20941007
  vertex 0.07356715 -1.9587159 0.18879229
 endloop
endfacet
facet normal -0.72032624 -0.32515094 -0.61270463
 outer loop
  vertex 0.008628767 -2.021376 0.29838958
  vertex 0.07356715 -1.9587159 0.18879229
  vertex 0.040102616 -2.0522501 0.27777174
 endloop
endfacet
facet normal -0.7484953 -0.42072052 -0.5125905
 outer loop
  vertex 0.042093314 -1.9278414 0.20941007
  vertex 0.057223193 -1.8610616 0.132506
  vertex 0.08869706 -1.8919361 0.111888155
 endloop
endfacet
facet normal -0.7484952 -0.42072073 -0.5125905
 outer loop
  vertex 0.042093314 -1.9278414 0.20941007
  vertex 0.08869706 -1.8919361 0.111888155
  vertex 0.07356715 -1.9587159 0.18879229
 endloop
endfacet
facet normal -0.7620373 -0.56175405 -0.32207388
 outer loop
  vertex 0.057223193 -1.8610616 0.132506
  vertex 0.053053327 -1.7952703 0.027620405
  vertex 0.084527194 -1.8261447 0.007002592
 endloop
endfacet
facet normal -0.76203835 -0.5617527 -0.3220737
 outer loop
  vertex 0.057223193 -1.8610616 0.132506
  vertex 0.084527194 -1.8261447 0.007002592
  vertex 0.08869706 -1.8919361 0.111888155
 endloop
endfacet
facet normal 0.84952587 -0.397808 -0.34648886
 outer loop
  vertex 0.055097938 -1.856791 0.3494171
  vertex 0.038400345 -1.7927947 0.23500279
  vertex 0.07098512 -1.7432195 0.25797668
 endloop
endfacet
facet normal 0.84952575 -0.39780816 -0.3464891
 outer loop
  vertex 0.055097938 -1.856791 0.3494171
  vertex 0.07098512 -1.7432195 0.25797668
  vertex 0.08768274 -1.8072158 0.372391
 endloop
endfacet
facet normal 0.8278509 -0.33595634 -0.44921744
 outer loop
  vertex 0.038400345 -1.7927947 0.23500279
  vertex 0.0012968238 -1.7069786 0.10244636
  vertex 0.033881642 -1.6574033 0.12542023
 endloop
endfacet
facet normal 0.8278513 -0.33595595 -0.44921696
 outer loop
  vertex 0.038400345 -1.7927947 0.23500279
  vertex 0.033881642 -1.6574033 0.12542023
  vertex 0.07098512 -1.7432195 0.25797668
 endloop
endfacet
facet normal 0.8539839 -0.41729 -0.31077403
 outer loop
  vertex 0.0012968238 -1.7069786 0.10244636
  vertex -0.0074892044 -1.6620724 0.01800555
  vertex 0.025095556 -1.6124973 0.040979385
 endloop
endfacet
facet normal 0.853984 -0.41728997 -0.31077388
 outer loop
  vertex 0.0012968238 -1.7069786 0.10244636
  vertex 0.025095556 -1.6124973 0.040979385
  vertex 0.033881642 -1.6574033 0.12542023
 endloop
endfacet
facet normal 0.17651747 -0.9723766 -0.15272631
 outer loop
  vertex 0.14829978 -1.8200021 0.58686006
  vertex 0.09862443 -1.8024149 0.4174725
  vertex 0.17920643 -1.7843692 0.3957143
 endloop
endfacet
facet normal 0.17651765 -0.9723766 -0.15272631
 outer loop
  vertex 0.14829978 -1.8200021 0.58686006
  vertex 0.17920643 -1.7843692 0.3957143
  vertex 0.22888172 -1.8019564 0.56510186
 endloop
endfacet
facet normal 0.14114769 -0.953099 -0.26773062
 outer loop
  vertex 0.09862443 -1.8024149 0.4174725
  vertex 0.033429403 -1.7552364 0.21515006
  vertex 0.114011385 -1.7371907 0.19339183
 endloop
endfacet
facet normal 0.14114778 -0.953099 -0.2677306
 outer loop
  vertex 0.09862443 -1.8024149 0.4174725
  vertex 0.114011385 -1.7371907 0.19339183
  vertex 0.17920643 -1.7843692 0.3957143
 endloop
endfacet
facet normal 0.1878289 -0.97561854 -0.11352848
 outer loop
  vertex 0.033429403 -1.7552364 0.21515006
  vertex -0.0017100722 -1.7475952 0.091347635
  vertex 0.07887193 -1.7295494 0.069589466
 endloop
endfacet
facet normal 0.18782733 -0.9756188 -0.11352902
 outer loop
  vertex 0.033429403 -1.7552364 0.21515006
  vertex 0.07887193 -1.7295494 0.069589466
  vertex 0.114011385 -1.7371907 0.19339183
 endloop
endfacet
facet normal -0.6304529 -0.7756192 0.03072356
 outer loop
  vertex 0.029743355 -1.8542008 0.61851925
  vertex 0.0021582209 -1.8393084 0.428429
  vertex 0.06730767 -1.8928049 0.4147836
 endloop
endfacet
facet normal -0.6304537 -0.77561855 0.030723305
 outer loop
  vertex 0.029743355 -1.8542008 0.61851925
  vertex 0.06730767 -1.8928049 0.4147836
  vertex 0.09489283 -1.9076974 0.60487396
 endloop
endfacet
facet normal -0.6454666 -0.72402257 -0.2432369
 outer loop
  vertex 0.0021582209 -1.8393084 0.428429
  vertex 0.011164673 -1.7684282 0.19354603
  vertex 0.07631413 -1.8219248 0.17990066
 endloop
endfacet
facet normal -0.64546597 -0.72402316 -0.24323674
 outer loop
  vertex 0.0021582209 -1.8393084 0.428429
  vertex 0.07631413 -1.8219248 0.17990066
  vertex 0.06730767 -1.8928049 0.4147836
 endloop
endfacet
facet normal -0.6351444 -0.772381 -0.0043717986
 outer loop
  vertex 0.011164673 -1.7684282 0.19354603
  vertex -0.00955677 -1.7504292 0.024046779
  vertex 0.055592693 -1.8039256 0.010401398
 endloop
endfacet
facet normal -0.63514537 -0.7723803 -0.00437218
 outer loop
  vertex 0.011164673 -1.7684282 0.19354603
  vertex 0.055592693 -1.8039256 0.010401398
  vertex 0.07631413 -1.8219248 0.17990066
 endloop
endfacet
facet normal -0.2758462 -0.9380566 -0.20966342
 outer loop
  vertex -0.1335367 -1.6789083 0.5248946
  vertex -0.07285248 -1.6597431 0.35930717
  vertex 0.0038563237 -1.6878562 0.38416547
 endloop
endfacet
facet normal -0.2758462 -0.9380566 -0.20966347
 outer loop
  vertex -0.1335367 -1.6789083 0.5248946
  vertex 0.0038563237 -1.6878562 0.38416547
  vertex -0.056827918 -1.7070215 0.5497529
 endloop
endfacet
facet normal -0.2321911 -0.9179519 -0.3216392
 outer loop
  vertex -0.07285248 -1.6597431 0.35930717
  vertex 0.00838533 -1.6115509 0.16312224
  vertex 0.08509413 -1.639664 0.18798052
 endloop
endfacet
facet normal -0.23219103 -0.9179519 -0.32163915
 outer loop
  vertex -0.07285248 -1.6597431 0.35930717
  vertex 0.08509413 -1.639664 0.18798052
  vertex 0.0038563237 -1.6878562 0.38416547
 endloop
endfacet
facet normal -0.28961214 -0.94169146 -0.17129485
 outer loop
  vertex 0.00838533 -1.6115509 0.16312224
  vertex 0.05099465 -1.6025827 0.041778922
  vertex 0.12770346 -1.6306958 0.06663717
 endloop
endfacet
facet normal -0.2896121 -0.94169146 -0.17129482
 outer loop
  vertex 0.00838533 -1.6115509 0.16312224
  vertex 0.12770346 -1.6306958 0.06663717
  vertex 0.08509413 -1.639664 0.18798052
 endloop
endfacet
facet normal 0.6659058 -0.74456537 0.04681773
 outer loop
  vertex -0.16446158 -1.6799366 0.62667584
  vertex -0.10956839 -1.6482906 0.34919178
  vertex -0.048025254 -1.5920806 0.367777
 endloop
endfacet
facet normal 0.66590595 -0.74456525 0.04681784
 outer loop
  vertex -0.16446158 -1.6799366 0.62667584
  vertex -0.048025254 -1.5920806 0.367777
  vertex -0.10291847 -1.6237266 0.64526093
 endloop
endfacet
facet normal 0.6151212 -0.78592104 0.06288196
 outer loop
  vertex -0.10956839 -1.6482906 0.34919178
  vertex -0.085714854 -1.6393892 0.2271066
  vertex -0.019480508 -1.5866556 0.23827434
 endloop
endfacet
facet normal 0.6514564 -0.7503497 0.11216009
 outer loop
  vertex -0.10956839 -1.6482906 0.34919178
  vertex -0.019480508 -1.5866556 0.23827434
  vertex -0.048025254 -1.5920806 0.367777
 endloop
endfacet
facet normal 0.58988446 -0.78283703 0.19799621
 outer loop
  vertex -0.085714854 -1.6393892 0.2271066
  vertex -0.036887646 -1.6560009 0.015957803
  vertex 0.02934669 -1.6032673 0.027125508
 endloop
endfacet
facet normal 0.58988434 -0.7828371 0.19799612
 outer loop
  vertex -0.085714854 -1.6393892 0.2271066
  vertex 0.02934669 -1.6032673 0.027125508
  vertex -0.019480508 -1.5866556 0.23827434
 endloop
endfacet
facet normal -0.73304355 0.63352567 -0.24757299
 outer loop
  vertex 0.03924822 -1.7533271 0.32120615
  vertex 0.071859166 -1.765889 0.19250253
  vertex 0.0409669 -1.8032672 0.18832329
 endloop
endfacet
facet normal -0.7330436 0.63352567 -0.24757297
 outer loop
  vertex 0.03924822 -1.7533271 0.32120615
  vertex 0.0409669 -1.8032672 0.18832329
  vertex 0.0083559565 -1.7907053 0.3170269
 endloop
endfacet
facet normal -0.7601831 0.6404773 -0.10913508
 outer loop
  vertex 0.071859166 -1.765889 0.19250253
  vertex 0.086152054 -1.7663004 0.09053074
  vertex 0.055259787 -1.8036786 0.086351484
 endloop
endfacet
facet normal -0.76018316 0.6404773 -0.10913508
 outer loop
  vertex 0.071859166 -1.765889 0.19250253
  vertex 0.055259787 -1.8036786 0.086351484
  vertex 0.0409669 -1.8032672 0.18832329
 endloop
endfacet
facet normal -0.7714803 0.6233672 0.12740225
 outer loop
  vertex 0.086152054 -1.7663004 0.09053074
  vertex 0.08066225 -1.7480764 -0.031880915
  vertex 0.049769975 -1.7854546 -0.036060154
 endloop
endfacet
facet normal -0.77148044 0.6233671 0.12740229
 outer loop
  vertex 0.086152054 -1.7663004 0.09053074
  vertex 0.049769975 -1.7854546 -0.036060154
  vertex 0.055259787 -1.8036786 0.086351484
 endloop
endfacet
facet normal -0.9849876 0.110326424 -0.13276823
 outer loop
  vertex -0.029541554 -1.5438361 0.40374297
  vertex -0.012127085 -1.5913937 0.23502867
  vertex -0.021129861 -1.6522459 0.2512526
 endloop
endfacet
facet normal -0.9849877 0.11032624 -0.13276808
 outer loop
  vertex -0.029541554 -1.5438361 0.40374297
  vertex -0.021129861 -1.6522459 0.2512526
  vertex -0.038544327 -1.6046884 0.41996688
 endloop
endfacet
facet normal -0.9678064 0.079513624 -0.23880601
 outer loop
  vertex -0.012127085 -1.5913937 0.23502867
  vertex 0.021636453 -1.6369107 0.08304009
  vertex 0.012633681 -1.6977628 0.09926398
 endloop
endfacet
facet normal -0.9678064 0.07951363 -0.238806
 outer loop
  vertex -0.012127085 -1.5913937 0.23502867
  vertex 0.012633681 -1.6977628 0.09926398
  vertex -0.021129861 -1.6522459 0.2512526
 endloop
endfacet
facet normal -0.98874915 0.12395806 -0.083723545
 outer loop
  vertex 0.021636453 -1.6369107 0.08304009
  vertex 0.026291773 -1.6622655 -0.0094772875
  vertex 0.017289031 -1.7231178 0.00674659
 endloop
endfacet
facet normal -0.98874897 0.123958595 -0.08372416
 outer loop
  vertex 0.021636453 -1.6369107 0.08304009
  vertex 0.017289031 -1.7231178 0.00674659
  vertex 0.012633681 -1.6977628 0.09926398
 endloop
endfacet
facet normal -0.5146212 -0.82860917 -0.2203903
 outer loop
  vertex -0.08380107 -1.7495222 0.5057867
  vertex -0.047719225 -1.7261548 0.33367875
  vertex 0.023411006 -1.7726197 0.3422823
 endloop
endfacet
facet normal -0.5146209 -0.8286094 -0.22039011
 outer loop
  vertex -0.08380107 -1.7495222 0.5057867
  vertex 0.023411006 -1.7726197 0.3422823
  vertex -0.012670818 -1.7959871 0.51439035
 endloop
endfacet
facet normal -0.4860614 -0.80643576 -0.33675757
 outer loop
  vertex -0.047719225 -1.7261548 0.33367875
  vertex 0.009868696 -1.6757416 0.12983385
  vertex 0.0809989 -1.7222065 0.13843745
 endloop
endfacet
facet normal -0.48606142 -0.8064357 -0.3367576
 outer loop
  vertex -0.047719225 -1.7261548 0.33367875
  vertex 0.0809989 -1.7222065 0.13843745
  vertex 0.023411006 -1.7726197 0.3422823
 endloop
endfacet
facet normal -0.5225135 -0.8333044 -0.18050888
 outer loop
  vertex 0.009868696 -1.6757416 0.12983385
  vertex 0.03335405 -1.6631447 0.0036992133
  vertex 0.10448427 -1.7096097 0.012302786
 endloop
endfacet
facet normal -0.5225127 -0.83330506 -0.18050802
 outer loop
  vertex 0.009868696 -1.6757416 0.12983385
  vertex 0.10448427 -1.7096097 0.012302786
  vertex 0.0809989 -1.7222065 0.13843745
 endloop
endfacet
facet normal -0.8319062 0.27058825 -0.48447308
 outer loop
  vertex -0.24639803 -1.3501586 0.5193653
  vertex -0.15536252 -1.4866754 0.2867975
  vertex -0.19408691 -1.557956 0.31348085
 endloop
endfacet
facet normal -0.8319064 0.27058792 -0.48447278
 outer loop
  vertex -0.24639803 -1.3501586 0.5193653
  vertex -0.19408691 -1.557956 0.31348085
  vertex -0.2851224 -1.4214393 0.54604864
 endloop
endfacet
facet normal -0.80110794 0.3221166 -0.5044471
 outer loop
  vertex -0.15536252 -1.4866754 0.2867975
  vertex -0.122124575 -1.5345037 0.20347166
  vertex -0.16259694 -1.607614 0.22106057
 endloop
endfacet
facet normal -0.84600353 0.29280558 -0.44558161
 outer loop
  vertex -0.15536252 -1.4866754 0.2867975
  vertex -0.16259694 -1.607614 0.22106057
  vertex -0.19408691 -1.557956 0.31348085
 endloop
endfacet
facet normal -0.8512297 0.3855742 -0.35600656
 outer loop
  vertex -0.122124575 -1.5345037 0.20347166
  vertex -0.073138386 -1.6092854 0.005350679
  vertex -0.113610744 -1.6823958 0.022939593
 endloop
endfacet
facet normal -0.85122925 0.38557458 -0.3560069
 outer loop
  vertex -0.122124575 -1.5345037 0.20347166
  vertex -0.113610744 -1.6823958 0.022939593
  vertex -0.16259694 -1.607614 0.22106057
 endloop
endfacet
facet normal 0.7706932 0.16943307 -0.61426747
 outer loop
  vertex 0.17823967 -1.4241686 0.32720488
  vertex 0.10469497 -1.4625713 0.22433913
  vertex 0.084949136 -1.4026604 0.21609013
 endloop
endfacet
facet normal 0.77069324 0.16943271 -0.6142676
 outer loop
  vertex 0.17823967 -1.4241686 0.32720488
  vertex 0.084949136 -1.4026604 0.21609013
  vertex 0.15849388 -1.3642576 0.31895593
 endloop
endfacet
facet normal 0.69728434 0.13283151 -0.7043794
 outer loop
  vertex 0.10469497 -1.4625713 0.22433913
  vertex -0.00011097081 -1.5127006 0.11113551
  vertex -0.019856816 -1.4527897 0.10288653
 endloop
endfacet
facet normal 0.6972844 0.13283119 -0.70437944
 outer loop
  vertex 0.10469497 -1.4625713 0.22433913
  vertex -0.019856816 -1.4527897 0.10288653
  vertex 0.084949136 -1.4026604 0.21609013
 endloop
endfacet
facet normal 0.79281825 0.1811799 -0.58190477
 outer loop
  vertex -0.00011097081 -1.5127006 0.11113551
  vertex -0.050485153 -1.53992 0.034028083
  vertex -0.07023093 -1.480009 0.025779068
 endloop
endfacet
facet normal 0.7928183 0.1811816 -0.5819041
 outer loop
  vertex -0.00011097081 -1.5127006 0.11113551
  vertex -0.07023093 -1.480009 0.025779068
  vertex -0.019856816 -1.4527897 0.10288653
 endloop
endfacet
facet normal 0.6907406 0.6758662 -0.25706455
 outer loop
  vertex 0.10603673 -1.4526811 0.32105768
  vertex 0.11916504 -1.5113723 0.20202461
  vertex 0.0842981 -1.4825971 0.18399093
 endloop
endfacet
facet normal 0.6907403 0.6758666 -0.25706455
 outer loop
  vertex 0.10603673 -1.4526811 0.32105768
  vertex 0.0842981 -1.4825971 0.18399093
  vertex 0.07116977 -1.4239058 0.30302405
 endloop
endfacet
facet normal 0.66998154 0.7311283 -0.12874846
 outer loop
  vertex 0.11916504 -1.5113723 0.20202461
  vertex 0.1392211 -1.5464303 0.10730721
  vertex 0.10435421 -1.5176551 0.08927359
 endloop
endfacet
facet normal 0.66998106 0.7311287 -0.12874842
 outer loop
  vertex 0.11916504 -1.5113723 0.20202461
  vertex 0.10435421 -1.5176551 0.08927359
  vertex 0.0842981 -1.4825971 0.18399093
 endloop
endfacet
facet normal 0.60517997 0.79078585 0.09173324
 outer loop
  vertex 0.1392211 -1.5464303 0.10730721
  vertex 0.18223715 -1.5660675 -0.0071954727
  vertex 0.14737025 -1.5372922 -0.025229126
 endloop
endfacet
facet normal 0.6051801 0.79078573 0.09173323
 outer loop
  vertex 0.1392211 -1.5464303 0.10730721
  vertex 0.14737025 -1.5372922 -0.025229126
  vertex 0.10435421 -1.5176551 0.08927359
 endloop
endfacet
facet normal 0.5225063 -0.72652215 -0.44626528
 outer loop
  vertex 0.014371213 -1.7162927 0.32197854
  vertex 0.007138841 -1.6510426 0.20728299
  vertex 0.061270066 -1.6206396 0.22116585
 endloop
endfacet
facet normal 0.5225049 -0.72652256 -0.44626632
 outer loop
  vertex 0.014371213 -1.7162927 0.32197854
  vertex 0.061270066 -1.6206396 0.22116585
  vertex 0.0685025 -1.6858898 0.33586144
 endloop
endfacet
facet normal 0.51197124 -0.66107523 -0.5485115
 outer loop
  vertex 0.007138841 -1.6510426 0.20728299
  vertex -0.011981163 -1.5572135 0.07635239
  vertex 0.04215 -1.5268105 0.09023526
 endloop
endfacet
facet normal 0.51197076 -0.6610754 -0.5485119
 outer loop
  vertex 0.007138841 -1.6510426 0.20728299
  vertex 0.04215 -1.5268105 0.09023526
  vertex 0.061270066 -1.6206396 0.22116585
 endloop
endfacet
facet normal 0.5243067 -0.74611634 -0.41038138
 outer loop
  vertex -0.011981163 -1.5572135 0.07635239
  vertex -0.015179473 -1.5126886 -0.008684754
  vertex 0.03895174 -1.4822857 0.0051980913
 endloop
endfacet
facet normal 0.52430856 -0.746116 -0.41037974
 outer loop
  vertex -0.011981163 -1.5572135 0.07635239
  vertex 0.03895174 -1.4822857 0.0051980913
  vertex 0.04215 -1.5268105 0.09023526
 endloop
endfacet
facet normal 0.92571557 -0.28475937 -0.24892318
 outer loop
  vertex -0.028994866 -1.8434412 0.44451028
  vertex -0.054215793 -1.7817281 0.28011906
  vertex -0.024285965 -1.7054483 0.304163
 endloop
endfacet
facet normal 0.92571557 -0.28475937 -0.2489232
 outer loop
  vertex -0.028994866 -1.8434412 0.44451028
  vertex -0.024285965 -1.7054483 0.304163
  vertex 0.00093492493 -1.7671615 0.46855423
 endloop
endfacet
facet normal 0.9015506 -0.24033192 -0.35978776
 outer loop
  vertex -0.054215793 -1.7817281 0.28011906
  vertex -0.10945894 -1.6990007 0.086431175
  vertex -0.07952915 -1.6227208 0.11047515
 endloop
endfacet
facet normal 0.9015503 -0.24033229 -0.35978812
 outer loop
  vertex -0.054215793 -1.7817281 0.28011906
  vertex -0.07952915 -1.6227208 0.11047515
  vertex -0.024285965 -1.7054483 0.304163
 endloop
endfacet
facet normal 0.930758 -0.29875445 -0.21079668
 outer loop
  vertex -0.10945894 -1.6990007 0.086431175
  vertex -0.12288936 -1.6556914 -0.034250647
  vertex -0.09295959 -1.5794114 -0.010206699
 endloop
endfacet
facet normal 0.9307578 -0.29875478 -0.21079715
 outer loop
  vertex -0.10945894 -1.6990007 0.086431175
  vertex -0.09295959 -1.5794114 -0.010206699
  vertex -0.07952915 -1.6227208 0.11047515
 endloop
endfacet
facet normal -0.35063744 -0.46499956 -0.8129138
 outer loop
  vertex -0.04643131 -1.8628241 0.28753626
  vertex 0.00079519115 -1.7644356 0.21088612
  vertex 0.042992495 -1.7882552 0.20631015
 endloop
endfacet
facet normal -0.35063803 -0.46499884 -0.8129139
 outer loop
  vertex -0.04643131 -1.8628241 0.28753626
  vertex 0.042992495 -1.7882552 0.20631015
  vertex -0.0042339712 -1.8866438 0.2829603
 endloop
endfacet
facet normal -0.4126132 -0.59914917 -0.6861273
 outer loop
  vertex 0.00079519115 -1.7644356 0.21088612
  vertex 0.037806757 -1.6805142 0.11534566
  vertex 0.080004096 -1.7043338 0.110769674
 endloop
endfacet
facet normal -0.41261327 -0.5991491 -0.6861273
 outer loop
  vertex 0.00079519115 -1.7644356 0.21088612
  vertex 0.080004096 -1.7043338 0.110769674
  vertex 0.042992495 -1.7882552 0.20631015
 endloop
endfacet
facet normal -0.4568447 -0.70513827 -0.5422849
 outer loop
  vertex 0.037806757 -1.6805142 0.11534566
  vertex 0.06247122 -1.6169499 0.011913955
  vertex 0.104668595 -1.6407696 0.0073379874
 endloop
endfacet
facet normal -0.45684373 -0.7051391 -0.5422846
 outer loop
  vertex 0.037806757 -1.6805142 0.11534566
  vertex 0.104668595 -1.6407696 0.0073379874
  vertex 0.080004096 -1.7043338 0.110769674
 endloop
endfacet
facet normal -0.08575946 -0.7555566 -0.64944553
 outer loop
  vertex -0.085598394 -1.8964535 0.32683977
  vertex -0.05299116 -1.8151205 0.22791216
  vertex 0.008418158 -1.8293988 0.23641422
 endloop
endfacet
facet normal -0.08575971 -0.7555565 -0.6494457
 outer loop
  vertex -0.085598394 -1.8964535 0.32683977
  vertex 0.008418158 -1.8293988 0.23641422
  vertex -0.024189053 -1.9107318 0.3353418
 endloop
endfacet
facet normal -0.06536305 -0.70287776 -0.7083011
 outer loop
  vertex -0.05299116 -1.8151205 0.22791216
  vertex 0.0014303196 -1.6698751 0.07875687
  vertex 0.06283968 -1.6841534 0.08725889
 endloop
endfacet
facet normal -0.06536263 -0.70287806 -0.70830095
 outer loop
  vertex -0.05299116 -1.8151205 0.22791216
  vertex 0.06283968 -1.6841534 0.08725889
  vertex 0.008418158 -1.8293988 0.23641422
 endloop
endfacet
facet normal -0.09578298 -0.7801058 -0.6182722
 outer loop
  vertex 0.0014303196 -1.6698751 0.07875687
  vertex 0.024770297 -1.6137862 0.004370749
  vertex 0.08617964 -1.6280645 0.012872845
 endloop
endfacet
facet normal -0.095783554 -0.7801054 -0.61827266
 outer loop
  vertex 0.0014303196 -1.6698751 0.07875687
  vertex 0.08617964 -1.6280645 0.012872845
  vertex 0.06283968 -1.6841534 0.08725889
 endloop
endfacet
facet normal 0.38032836 -0.9240188 -0.039237402
 outer loop
  vertex 0.025923908 -1.6248924 0.5770982
  vertex 0.0283961 -1.6140825 0.34649414
  vertex 0.10736968 -1.5816772 0.3488599
 endloop
endfacet
facet normal 0.38032848 -0.92401874 -0.039237335
 outer loop
  vertex 0.025923908 -1.6248924 0.5770982
  vertex 0.10736968 -1.5816772 0.3488599
  vertex 0.10489745 -1.5924871 0.5794639
 endloop
endfacet
facet normal 0.37912497 -0.9129142 -0.15116842
 outer loop
  vertex 0.0283961 -1.6140825 0.34649414
  vertex 0.021412343 -1.5813558 0.13134116
  vertex 0.1003859 -1.5489506 0.13370691
 endloop
endfacet
facet normal 0.37912488 -0.9129143 -0.15116847
 outer loop
  vertex 0.0283961 -1.6140825 0.34649414
  vertex 0.1003859 -1.5489506 0.13370691
  vertex 0.10736968 -1.5816772 0.3488599
 endloop
endfacet
facet normal 0.37930876 -0.9252043 0.011045544
 outer loop
  vertex 0.021412343 -1.5813558 0.13134116
  vertex 0.025257003 -1.581318 0.0024792254
  vertex 0.10423053 -1.5489128 0.004844904
 endloop
endfacet
facet normal 0.37930873 -0.92520434 0.011045459
 outer loop
  vertex 0.021412343 -1.5813558 0.13134116
  vertex 0.10423053 -1.5489128 0.004844904
  vertex 0.1003859 -1.5489506 0.13370691
 endloop
endfacet
facet normal 0.14123318 0.7282407 -0.67061067
 outer loop
  vertex 0.10559922 -1.5911194 0.3041606
  vertex 0.090978116 -1.67937 0.20524675
  vertex 0.04309073 -1.6706933 0.2045839
 endloop
endfacet
facet normal 0.14123274 0.72824085 -0.6706106
 outer loop
  vertex 0.10559922 -1.5911194 0.3041606
  vertex 0.04309073 -1.6706933 0.2045839
  vertex 0.05771178 -1.5824426 0.30349776
 endloop
endfacet
facet normal 0.15527068 0.8142087 -0.559424
 outer loop
  vertex 0.090978116 -1.67937 0.20524675
  vertex 0.081850804 -1.7362632 0.119908854
  vertex 0.033963382 -1.7275864 0.119246006
 endloop
endfacet
facet normal 0.15527084 0.81420857 -0.55942404
 outer loop
  vertex 0.090978116 -1.67937 0.20524675
  vertex 0.033963382 -1.7275864 0.119246006
  vertex 0.04309073 -1.6706933 0.2045839
 endloop
endfacet
facet normal 0.17845467 0.9745114 -0.13594674
 outer loop
  vertex 0.081850804 -1.7362632 0.119908854
  vertex 0.08103182 -1.7464353 0.045916587
  vertex 0.033144463 -1.7377585 0.045253724
 endloop
endfacet
facet normal 0.1784544 0.97451144 -0.13594656
 outer loop
  vertex 0.081850804 -1.7362632 0.119908854
  vertex 0.033144463 -1.7377585 0.045253724
  vertex 0.033963382 -1.7275864 0.119246006
 endloop
endfacet
facet normal -0.9574792 0.0030534905 -0.2884861
 outer loop
  vertex 0.031983823 -1.5669024 0.37751693
  vertex 0.06997726 -1.576621 0.25131467
  vertex 0.068442084 -1.6400666 0.25573835
 endloop
endfacet
facet normal -0.95747924 0.0030534738 -0.28848615
 outer loop
  vertex 0.031983823 -1.5669024 0.37751693
  vertex 0.068442084 -1.6400666 0.25573835
  vertex 0.030448645 -1.6303478 0.3819406
 endloop
endfacet
facet normal -0.91540325 -0.0059134034 -0.4024947
 outer loop
  vertex 0.06997726 -1.576621 0.25131467
  vertex 0.1351558 -1.5885216 0.10325241
  vertex 0.13362059 -1.6519672 0.1076761
 endloop
endfacet
facet normal -0.9154033 -0.005913713 -0.40249452
 outer loop
  vertex 0.06997726 -1.576621 0.25131467
  vertex 0.13362059 -1.6519672 0.1076761
  vertex 0.068442084 -1.6400666 0.25573835
 endloop
endfacet
facet normal -0.96844053 0.0060600517 -0.24917091
 outer loop
  vertex 0.1351558 -1.5885216 0.10325241
  vertex 0.1589812 -1.5955665 0.0104800165
  vertex 0.15744603 -1.6590121 0.014903665
 endloop
endfacet
facet normal -0.9684405 0.006060348 -0.2491711
 outer loop
  vertex 0.1351558 -1.5885216 0.10325241
  vertex 0.15744603 -1.6590121 0.014903665
  vertex 0.13362059 -1.6519672 0.1076761
 endloop
endfacet
facet normal -0.76635206 0.6059411 -0.21340078
 outer loop
  vertex -0.015044556 -1.599841 0.4134775
  vertex 0.008314513 -1.6312344 0.24045178
  vertex -0.04538104 -1.6974657 0.2452196
 endloop
endfacet
facet normal -0.76635146 0.6059417 -0.21340123
 outer loop
  vertex -0.015044556 -1.599841 0.4134775
  vertex -0.04538104 -1.6974657 0.2452196
  vertex -0.0687401 -1.6660721 0.41824532
 endloop
endfacet
facet normal -0.7381188 0.5727446 -0.356573
 outer loop
  vertex 0.008314513 -1.6312344 0.24045178
  vertex 0.056025036 -1.6830112 0.05852297
  vertex 0.0023295209 -1.7492424 0.06329079
 endloop
endfacet
facet normal -0.7381185 0.57274485 -0.35657313
 outer loop
  vertex 0.008314513 -1.6312344 0.24045178
  vertex 0.0023295209 -1.7492424 0.06329079
  vertex -0.04538104 -1.6974657 0.2452196
 endloop
endfacet
facet normal -0.77629983 0.6220008 -0.10234063
 outer loop
  vertex 0.056025036 -1.6830112 0.05852297
  vertex 0.05941289 -1.6911832 -0.01684302
  vertex 0.005717352 -1.7574145 -0.012075216
 endloop
endfacet
facet normal -0.7762999 0.6220007 -0.10234037
 outer loop
  vertex 0.056025036 -1.6830112 0.05852297
  vertex 0.005717352 -1.7574145 -0.012075216
  vertex 0.0023295209 -1.7492424 0.06329079
 endloop
endfacet
facet normal 0.009318299 0.97722477 -0.2120024
 outer loop
  vertex 0.13580373 -1.5264901 0.569013
  vertex 0.13164553 -1.5672884 0.3807705
  vertex 0.04627282 -1.5661201 0.3824031
 endloop
endfacet
facet normal 0.0093180835 0.97722477 -0.21200229
 outer loop
  vertex 0.13580373 -1.5264901 0.569013
  vertex 0.04627282 -1.5661201 0.3824031
  vertex 0.05043105 -1.5253218 0.5706457
 endloop
endfacet
facet normal 0.0029896628 0.88059986 -0.47385126
 outer loop
  vertex 0.13164553 -1.5672884 0.3807705
  vertex 0.1259206 -1.6835774 0.16462418
  vertex 0.04054793 -1.682409 0.16625683
 endloop
endfacet
facet normal 0.0029886707 0.88060004 -0.47385097
 outer loop
  vertex 0.13164553 -1.5672884 0.3807705
  vertex 0.04054793 -1.682409 0.16625683
  vertex 0.04627282 -1.5661201 0.3824031
 endloop
endfacet
facet normal 0.009565937 0.97959715 -0.20074318
 outer loop
  vertex 0.1259206 -1.6835774 0.16462418
  vertex 0.12337323 -1.7073616 0.048439592
  vertex 0.03800053 -1.7061933 0.050072253
 endloop
endfacet
facet normal 0.009567321 0.979597 -0.20074421
 outer loop
  vertex 0.1259206 -1.6835774 0.16462418
  vertex 0.03800053 -1.7061933 0.050072253
  vertex 0.04054793 -1.682409 0.16625683
 endloop
endfacet
facet normal 0.18144488 -0.95913625 0.2171066
 outer loop
  vertex -0.035320945 -1.545026 0.60310054
  vertex -0.039199278 -1.5882483 0.41539377
  vertex 0.044761933 -1.573525 0.41026872
 endloop
endfacet
facet normal 0.18144329 -0.95913684 0.21710601
 outer loop
  vertex -0.035320945 -1.545026 0.60310054
  vertex 0.044761933 -1.573525 0.41026872
  vertex 0.048640266 -1.5303028 0.5979756
 endloop
endfacet
facet normal 0.16698803 -0.982203 -0.08597786
 outer loop
  vertex -0.039199278 -1.5882483 0.41539377
  vertex -0.0556425 -1.5716398 0.19372371
  vertex 0.0283187 -1.5569166 0.18859869
 endloop
endfacet
facet normal 0.16698937 -0.9822029 -0.08597744
 outer loop
  vertex -0.039199278 -1.5882483 0.41539377
  vertex 0.0283187 -1.5569166 0.18859869
  vertex 0.044761933 -1.573525 0.41026872
 endloop
endfacet
facet normal 0.18061452 -0.9665056 0.18233298
 outer loop
  vertex -0.0556425 -1.5716398 0.19372371
  vertex -0.06020446 -1.6042827 0.025209785
  vertex 0.023756742 -1.5895594 0.020084769
 endloop
endfacet
facet normal 0.18061316 -0.96650594 0.18233241
 outer loop
  vertex -0.0556425 -1.5716398 0.19372371
  vertex 0.023756742 -1.5895594 0.020084769
  vertex 0.0283187 -1.5569166 0.18859869
 endloop
endfacet
facet normal -0.95747924 0.0030534933 -0.2884862
 outer loop
  vertex -0.1530664 -1.505238 0.37751693
  vertex -0.11507295 -1.5149567 0.25131467
  vertex -0.11660813 -1.5784022 0.25573835
 endloop
endfacet
facet normal -0.95747924 0.0030534742 -0.2884862
 outer loop
  vertex -0.1530664 -1.505238 0.37751693
  vertex -0.11660813 -1.5784022 0.25573835
  vertex -0.15460157 -1.5686835 0.3819406
 endloop
endfacet
facet normal -0.91540325 -0.0059136203 -0.40249455
 outer loop
  vertex -0.11507295 -1.5149567 0.25131467
  vertex -0.049894437 -1.5268573 0.10325241
  vertex -0.051429622 -1.5903028 0.10767609
 endloop
endfacet
facet normal -0.91540337 -0.0059137233 -0.40249446
 outer loop
  vertex -0.11507295 -1.5149567 0.25131467
  vertex -0.051429622 -1.5903028 0.10767609
  vertex -0.11660813 -1.5784022 0.25573835
 endloop
endfacet
facet normal -0.96844053 0.0060599158 -0.24917099
 outer loop
  vertex -0.049894437 -1.5268573 0.10325241
  vertex -0.02606902 -1.5339022 0.0104800165
  vertex -0.027604189 -1.5973476 0.014903665
 endloop
endfacet
facet normal -0.96844053 0.0060600457 -0.2491711
 outer loop
  vertex -0.049894437 -1.5268573 0.10325241
  vertex -0.027604189 -1.5973476 0.014903665
  vertex -0.051429622 -1.5903028 0.10767609
 endloop
endfacet
facet normal 0.31107122 0.93664783 -0.1610141
 outer loop
  vertex 0.11352699 1.3091806 0.61754966
  vertex 0.07183359 1.2749852 0.33807918
  vertex -0.008356035 1.3030826 0.34660438
 endloop
endfacet
facet normal 0.3110715 0.9366477 -0.16101421
 outer loop
  vertex 0.11352699 1.3091806 0.61754966
  vertex -0.008356035 1.3030826 0.34660438
  vertex 0.0333373 1.337278 0.62607455
 endloop
endfacet
facet normal 0.34899616 0.86285895 -0.36561733
 outer loop
  vertex 0.07183359 1.2749852 0.33807918
  vertex 0.04451442 1.2297186 0.20517246
  vertex -0.03465154 1.2617384 0.20517246
 endloop
endfacet
facet normal 0.28337803 0.905015 -0.31724566
 outer loop
  vertex 0.07183359 1.2749852 0.33807918
  vertex -0.03465154 1.2617384 0.20517246
  vertex -0.008356035 1.3030826 0.34660438
 endloop
endfacet
facet normal 0.37495616 0.92704254 -0
 outer loop
  vertex 0.04451442 1.2297186 0.20517246
  vertex 0.04451442 1.2297186 -0.012184143
  vertex -0.03465154 1.2617384 -0.012184143
 endloop
endfacet
facet normal 0.37495616 0.92704254 0
 outer loop
  vertex 0.04451442 1.2297186 0.20517246
  vertex -0.03465154 1.2617384 -0.012184143
  vertex -0.03465154 1.2617384 0.20517246
 endloop
endfacet
facet normal 0.95953137 0.18373823 -0.21340084
 outer loop
  vertex 0.1412263 1.1627414 0.49779087
  vertex 0.10219968 1.1655903 0.32476518
  vertex 0.087188266 1.2495215 0.32953295
 endloop
endfacet
facet normal 0.95953137 0.18373804 -0.21340092
 outer loop
  vertex 0.1412263 1.1627414 0.49779087
  vertex 0.087188266 1.2495215 0.32953295
  vertex 0.1262149 1.2466726 0.50255865
 endloop
endfacet
facet normal 0.9256493 0.1843273 -0.33044946
 outer loop
  vertex 0.10219968 1.1655903 0.32476518
  vertex 0.029241316 1.164195 0.11961712
  vertex 0.014229909 1.2481261 0.12438491
 endloop
endfacet
facet normal 0.9256493 0.18432732 -0.33044943
 outer loop
  vertex 0.10219968 1.1655903 0.32476518
  vertex 0.014229909 1.2481261 0.12438491
  vertex 0.087188266 1.2495215 0.32953295
 endloop
endfacet
facet normal 0.9677294 0.18292731 -0.1733132
 outer loop
  vertex 0.029241316 1.164195 0.11961712
  vertex 0.0059645474 1.1672328 -0.0071471035
  vertex -0.0090468675 1.251164 -0.0023792982
 endloop
endfacet
facet normal 0.9677294 0.1829272 -0.1733133
 outer loop
  vertex 0.029241316 1.164195 0.11961712
  vertex -0.0090468675 1.251164 -0.0023792982
  vertex 0.014229909 1.2481261 0.12438491
 endloop
endfacet
facet normal -0.09246065 -0.98638296 -0.13601334
 outer loop
  vertex -0.052082546 1.0030844 0.60879016
  vertex -0.047313146 1.053965 0.23655686
  vertex 0.037710384 1.0459951 0.23655686
 endloop
endfacet
facet normal -0.09246 -0.9863831 -0.13601318
 outer loop
  vertex -0.052082546 1.0030844 0.60879016
  vertex 0.037710384 1.0459951 0.23655686
  vertex 0.032940943 0.9951146 0.60879016
 endloop
endfacet
facet normal -0.076348126 -0.8144926 -0.57512856
 outer loop
  vertex -0.047313146 1.053965 0.23655686
  vertex -0.033810847 1.1871701 0.046120316
  vertex 0.0512127 1.1792003 0.046120316
 endloop
endfacet
facet normal -0.07634816 -0.8144926 -0.5751286
 outer loop
  vertex -0.047313146 1.053965 0.23655686
  vertex 0.0512127 1.1792003 0.046120316
  vertex 0.037710384 1.0459951 0.23655686
 endloop
endfacet
facet normal -0.09080051 -0.9686725 0.23114683
 outer loop
  vertex -0.033810847 1.1871701 0.046120316
  vertex -0.035103627 1.1733786 -0.012184143
  vertex 0.04991992 1.1654087 -0.012184143
 endloop
endfacet
facet normal -0.09080051 -0.9686725 0.23114683
 outer loop
  vertex -0.033810847 1.1871701 0.046120316
  vertex 0.04991992 1.1654087 -0.012184143
  vertex 0.0512127 1.1792003 0.046120316
 endloop
endfacet
facet normal -0.7457996 -0.55376005 -0.37031436
 outer loop
  vertex -0.1636473 1.1386182 0.55921054
  vertex -0.09407737 1.1902742 0.34185398
  vertex -0.04316909 1.1217114 0.34185398
 endloop
endfacet
facet normal -0.7458006 -0.55375814 -0.37031505
 outer loop
  vertex -0.1636473 1.1386182 0.55921054
  vertex -0.04316909 1.1217114 0.34185398
  vertex -0.11273917 1.0700552 0.55921054
 endloop
endfacet
facet normal -0.7298542 -0.5419188 -0.41669756
 outer loop
  vertex -0.09407737 1.1902742 0.34185398
  vertex -0.04317101 1.2268122 0.20517246
  vertex 0.0077371895 1.1582493 0.20517248
 endloop
endfacet
facet normal -0.72985363 -0.54192007 -0.41669685
 outer loop
  vertex -0.09407737 1.1902742 0.34185398
  vertex 0.0077371895 1.1582493 0.20517248
  vertex -0.04316909 1.1217114 0.34185398
 endloop
endfacet
facet normal -0.8028796 -0.5961413 3.2695385e-07
 outer loop
  vertex -0.04317101 1.2268122 0.20517246
  vertex -0.04317101 1.2268121 -0.012184143
  vertex 0.0077371895 1.1582493 -0.012184143
 endloop
endfacet
facet normal -0.80288005 -0.5961406 -0
 outer loop
  vertex -0.04317101 1.2268122 0.20517246
  vertex 0.0077371895 1.1582493 -0.012184143
  vertex 0.0077371895 1.1582493 0.20517248
 endloop
endfacet
facet normal 0.7333599 -0.6459399 -0.21200216
 outer loop
  vertex 0.13325956 1.0092652 0.5374622
  vertex 0.105106615 1.0390847 0.34921956
  vertex 0.16180544 1.1029211 0.35085222
 endloop
endfacet
facet normal 0.73335814 -0.64594156 -0.21200328
 outer loop
  vertex 0.13325956 1.0092652 0.5374622
  vertex 0.16180544 1.1029211 0.35085222
  vertex 0.18995877 1.0731018 0.5390948
 endloop
endfacet
facet normal 0.6260766 -0.5417288 -0.56085473
 outer loop
  vertex 0.105106615 1.0390847 0.34921956
  vertex -0.0049418733 1.1439129 0.12512009
  vertex 0.051756896 1.2077495 0.1267527
 endloop
endfacet
facet normal 0.62607586 -0.54172933 -0.560855
 outer loop
  vertex 0.105106615 1.0390847 0.34921956
  vertex 0.051756896 1.2077495 0.1267527
  vertex 0.16180544 1.1029211 0.35085222
 endloop
endfacet
facet normal 0.73340786 -0.64598864 -0.21168774
 outer loop
  vertex -0.0049418733 1.1439129 0.12512009
  vertex -0.023617052 1.1636989 3.9368868e-05
  vertex 0.033081714 1.2275355 0.0016720295
 endloop
endfacet
facet normal 0.7334077 -0.64598876 -0.21168782
 outer loop
  vertex -0.0049418733 1.1439129 0.12512009
  vertex 0.033081714 1.2275355 0.0016720295
  vertex 0.051756896 1.2077495 0.1267527
 endloop
endfacet
facet normal -0.8902454 0.3905215 0.23442711
 outer loop
  vertex -0.058402844 1.2205675 0.8901519
  vertex -0.114543684 1.2780305 0.58123
  vertex -0.15059257 1.2011139 0.5724649
 endloop
endfacet
facet normal -0.8902454 0.39052165 0.2344271
 outer loop
  vertex -0.058402844 1.2205675 0.8901519
  vertex -0.15059257 1.2011139 0.5724649
  vertex -0.09445178 1.1436508 0.8813869
 endloop
endfacet
facet normal -0.9005213 0.4296586 -0.066744946
 outer loop
  vertex -0.114543684 1.2780305 0.58123
  vertex -0.07855188 1.2823408 0.12337586
  vertex -0.11460083 1.2054242 0.114610866
 endloop
endfacet
facet normal -0.9005215 0.42965797 -0.06674485
 outer loop
  vertex -0.114543684 1.2780305 0.58123
  vertex -0.11460083 1.2054242 0.114610866
  vertex -0.15059257 1.2011139 0.5724649
 endloop
endfacet
facet normal -0.6783682 0.38896364 -0.6233169
 outer loop
  vertex -0.07855188 1.2823408 0.12337586
  vertex 0.02167771 1.2538718 -0.003471285
  vertex -0.014371201 1.1769551 -0.012236267
 endloop
endfacet
facet normal -0.67836756 0.38896438 -0.62331706
 outer loop
  vertex -0.07855188 1.2823408 0.12337586
  vertex -0.014371201 1.1769551 -0.012236267
  vertex -0.11460083 1.2054242 0.114610866
 endloop
endfacet
facet normal -0.92865515 0.021605376 -0.3703145
 outer loop
  vertex -0.24255642 1.3212845 0.58818316
  vertex -0.1559293 1.3192692 0.37082666
  vertex -0.15791553 1.2338961 0.3708267
 endloop
endfacet
facet normal -0.92865515 0.021605456 -0.37031457
 outer loop
  vertex -0.24255642 1.3212845 0.58818316
  vertex -0.15791553 1.2338961 0.3708267
  vertex -0.24454266 1.2359115 0.58818316
 endloop
endfacet
facet normal -0.91350013 0.021252887 -0.406283
 outer loop
  vertex -0.1559293 1.3192692 0.37082666
  vertex -0.07701806 1.3164214 0.19325104
  vertex -0.079004295 1.2310482 0.19325104
 endloop
endfacet
facet normal -0.91350013 0.02125279 -0.40628293
 outer loop
  vertex -0.1559293 1.3192692 0.37082666
  vertex -0.079004295 1.2310482 0.19325104
  vertex -0.15791553 1.2338961 0.3708267
 endloop
endfacet
facet normal -0.99972945 0.023259042 0
 outer loop
  vertex -0.07701806 1.3164214 0.19325104
  vertex -0.07701806 1.3164214 -0.024105519
  vertex -0.079004295 1.2310482 -0.024105519
 endloop
endfacet
facet normal -0.99972945 0.023259042 0
 outer loop
  vertex -0.07701806 1.3164214 0.19325104
  vertex -0.079004295 1.2310482 -0.024105519
  vertex -0.079004295 1.2310482 0.19325104
 endloop
endfacet
facet normal 0.18144408 -0.9602778 -0.2120017
 outer loop
  vertex -0.035320945 0.95421326 0.51610655
  vertex -0.03919927 0.995039 0.32786402
  vertex 0.044761937 1.010543 0.32949662
 endloop
endfacet
facet normal 0.18144344 -0.9602778 -0.21200198
 outer loop
  vertex -0.035320945 0.95421326 0.51610655
  vertex 0.044761937 1.010543 0.32949662
  vertex 0.04864027 0.9697172 0.5177392
 endloop
endfacet
facet normal 0.16698878 -0.85208243 -0.49605468
 outer loop
  vertex -0.03919927 0.995039 0.32786402
  vertex -0.055642493 1.1044625 0.13436985
  vertex 0.028318703 1.1199665 0.13600251
 endloop
endfacet
facet normal 0.16698839 -0.85208243 -0.49605483
 outer loop
  vertex -0.03919927 0.995039 0.32786402
  vertex 0.028318703 1.1199665 0.13600251
  vertex 0.044761937 1.010543 0.32949662
 endloop
endfacet
facet normal 0.18061389 -0.9521374 -0.2466027
 outer loop
  vertex -0.055642493 1.1044625 0.13436985
  vertex -0.06020447 1.1466873 -0.032001942
  vertex 0.023756742 1.1621913 -0.030369282
 endloop
endfacet
facet normal 0.18061389 -0.9521375 -0.24660271
 outer loop
  vertex -0.055642493 1.1044625 0.13436985
  vertex 0.023756742 1.1621913 -0.030369282
  vertex 0.028318703 1.1199665 0.13600251
 endloop
endfacet
facet normal -0.46218854 0.8552343 0.23442723
 outer loop
  vertex -0.02552934 1.2890605 0.88891554
  vertex -0.03449308 1.3688945 0.57999367
  vertex -0.11020545 1.3303803 0.57122856
 endloop
endfacet
facet normal -0.46218708 0.8552351 0.23442696
 outer loop
  vertex -0.02552934 1.2890605 0.88891554
  vertex -0.11020545 1.3303803 0.57122856
  vertex -0.10124176 1.2505465 0.8801505
 endloop
endfacet
facet normal -0.4462369 0.89242244 -0.06674501
 outer loop
  vertex -0.03449308 1.3688945 0.57999367
  vertex -0.0034535974 1.3501718 0.12213956
  vertex -0.07916594 1.3116579 0.11337456
 endloop
endfacet
facet normal -0.44623902 0.8924213 -0.066744685
 outer loop
  vertex -0.03449308 1.3688945 0.57999367
  vertex -0.07916594 1.3116579 0.11337456
  vertex -0.11020545 1.3303803 0.57122856
 endloop
endfacet
facet normal -0.29601672 0.72377515 -0.62331665
 outer loop
  vertex -0.0034535974 1.3501718 0.12213956
  vertex 0.058108665 1.2661091 -0.0047076046
  vertex -0.017603718 1.2275951 -0.013472587
 endloop
endfacet
facet normal -0.29601565 0.7237753 -0.62331694
 outer loop
  vertex -0.0034535974 1.3501718 0.12213956
  vertex -0.017603718 1.2275951 -0.013472587
  vertex -0.07916594 1.3116579 0.11337456
 endloop
endfacet
facet normal -0.67921764 -0.7212237 -0.13601343
 outer loop
  vertex -0.24243993 1.0842149 0.5968685
  vertex -0.20740384 1.1214178 0.22463545
  vertex -0.14523649 1.0628712 0.22463545
 endloop
endfacet
facet normal -0.67921644 -0.72122496 -0.13601306
 outer loop
  vertex -0.24243993 1.0842149 0.5968685
  vertex -0.14523649 1.0628712 0.22463545
  vertex -0.18027237 1.0256684 0.5968685
 endloop
endfacet
facet normal -0.5273861 -0.56000376 -0.63895196
 outer loop
  vertex -0.20740384 1.1214178 0.22463545
  vertex -0.11117362 1.2221243 0.05694437
  vertex -0.049005978 1.1635777 0.05694437
 endloop
endfacet
facet normal -0.5273867 -0.5600028 -0.6389523
 outer loop
  vertex -0.20740384 1.1214178 0.22463545
  vertex -0.049005978 1.1635777 0.05694437
  vertex -0.14523649 1.0628712 0.22463545
 endloop
endfacet
facet normal -0.6670215 -0.70827496 0.23114702
 outer loop
  vertex -0.11117362 1.2221243 0.05694437
  vertex -0.12067037 1.2120402 -0.001360029
  vertex -0.058502756 1.1534935 -0.001360029
 endloop
endfacet
facet normal -0.6670212 -0.708275 0.23114732
 outer loop
  vertex -0.11117362 1.2221243 0.05694437
  vertex -0.058502756 1.1534935 -0.001360029
  vertex -0.049005978 1.1635777 0.05694437
 endloop
endfacet
facet normal 0.8698107 -0.4448475 -0.21340118
 outer loop
  vertex 0.10706483 1.0272722 0.4377512
  vertex 0.07803178 1.0535073 0.26472557
  vertex 0.117779456 1.1289388 0.26949337
 endloop
endfacet
facet normal 0.869811 -0.44484693 -0.21340081
 outer loop
  vertex 0.10706483 1.0272722 0.4377512
  vertex 0.117779456 1.1289388 0.26949337
  vertex 0.1468125 1.1027038 0.442519
 endloop
endfacet
facet normal 0.8380649 -0.41956562 -0.34872898
 outer loop
  vertex 0.07803178 1.0535073 0.26472557
  vertex 0.02261582 1.0942218 0.08256528
  vertex 0.062363483 1.1696533 0.08733308
 endloop
endfacet
facet normal 0.8380648 -0.4195657 -0.34872907
 outer loop
  vertex 0.07803178 1.0535073 0.26472557
  vertex 0.062363483 1.1696533 0.08733308
  vertex 0.117779456 1.1289388 0.26949337
 endloop
endfacet
facet normal 0.875779 -0.45052606 -0.17331323
 outer loop
  vertex 0.02261582 1.0942218 0.08256528
  vertex 0.0061223805 1.1109252 -0.0441989
  vertex 0.045870043 1.1863567 -0.039431095
 endloop
endfacet
facet normal 0.8757789 -0.45052612 -0.17331325
 outer loop
  vertex 0.02261582 1.0942218 0.08256528
  vertex 0.045870043 1.1863567 -0.039431095
  vertex 0.062363483 1.1696533 0.08733308
 endloop
endfacet
facet normal 0.82108647 0.5476235 -0.16101372
 outer loop
  vertex 0.22335413 1.1911072 0.6056285
  vertex 0.16944824 1.1897609 0.32615772
  vertex 0.123465106 1.261213 0.33468294
 endloop
endfacet
facet normal 0.82108665 0.5476232 -0.16101384
 outer loop
  vertex 0.22335413 1.1911072 0.6056285
  vertex 0.123465106 1.261213 0.33468294
  vertex 0.177371 1.2625592 0.6141535
 endloop
endfacet
facet normal 0.80564725 0.46610823 -0.36561683
 outer loop
  vertex 0.16944824 1.1897609 0.32615772
  vertex 0.12007579 1.1708466 0.19325106
  vertex 0.07731106 1.2447635 0.19325104
 endloop
endfacet
facet normal 0.7797991 0.5396935 -0.3172449
 outer loop
  vertex 0.16944824 1.1897609 0.32615772
  vertex 0.07731106 1.2447635 0.19325104
  vertex 0.123465106 1.261213 0.33468294
 endloop
endfacet
facet normal 0.8655749 0.5007795 -0
 outer loop
  vertex 0.12007579 1.1708466 0.19325106
  vertex 0.12007579 1.1708466 -0.024105519
  vertex 0.07731106 1.2447635 -0.024105519
 endloop
endfacet
facet normal 0.8655749 0.50077957 0
 outer loop
  vertex 0.12007579 1.1708466 0.19325106
  vertex 0.07731106 1.2447635 -0.024105519
  vertex 0.07731106 1.2447635 0.19325104
 endloop
endfacet
facet normal 0.93968934 0.18373783 -0.28848618
 outer loop
  vertex 0.17688447 1.1276147 0.37751693
  vertex 0.1377252 1.129737 0.2513147
  vertex 0.1268574 1.1922637 0.25573835
 endloop
endfacet
facet normal 0.93968934 0.18373796 -0.28848612
 outer loop
  vertex 0.17688447 1.1276147 0.37751693
  vertex 0.1268574 1.1922637 0.25573835
  vertex 0.16601667 1.1901414 0.3819406
 endloop
endfacet
facet normal 0.89667255 0.18432756 -0.40249452
 outer loop
  vertex 0.1377252 1.129737 0.2513147
  vertex 0.071477324 1.1286976 0.10325244
  vertex 0.06060951 1.1912242 0.1076761
 endloop
endfacet
facet normal 0.8966724 0.1843269 -0.4024947
 outer loop
  vertex 0.1377252 1.129737 0.2513147
  vertex 0.06060951 1.1912242 0.1076761
  vertex 0.1268574 1.1922637 0.25573835
 endloop
endfacet
facet normal 0.95102656 0.18292716 -0.24917096
 outer loop
  vertex 0.071477324 1.1286976 0.10325244
  vertex 0.04673545 1.1309607 0.010479987
  vertex 0.035867635 1.1934874 0.014903665
 endloop
endfacet
facet normal 0.95102656 0.18292744 -0.24917077
 outer loop
  vertex 0.071477324 1.1286976 0.10325244
  vertex 0.035867635 1.1934874 0.014903665
  vertex 0.06060951 1.1912242 0.1076761
 endloop
endfacet
facet normal 0.0035046139 -0.74180126 -0.67061067
 outer loop
  vertex -0.018802784 1.0223383 0.2503333
  vertex -0.021673568 1.1117458 0.15141943
  vertex 0.026986487 1.1125749 0.15075661
 endloop
endfacet
facet normal 0.0035038835 -0.7418011 -0.67061085
 outer loop
  vertex -0.018802784 1.0223383 0.2503333
  vertex 0.026986487 1.1125749 0.15075661
  vertex 0.029857278 1.0231674 0.24967045
 endloop
endfacet
facet normal 0.0065019163 -0.8288562 -0.5594239
 outer loop
  vertex -0.021673568 1.1117458 0.15141943
  vertex -0.023817137 1.1693265 0.066081524
  vertex 0.024842925 1.1701556 0.06541866
 endloop
endfacet
facet normal 0.0065023806 -0.82885635 -0.55942374
 outer loop
  vertex -0.021673568 1.1117458 0.15141943
  vertex 0.024842925 1.1701556 0.06541866
  vertex 0.026986487 1.1125749 0.15075661
 endloop
endfacet
facet normal 0.014094455 -0.9811482 -0.1927426
 outer loop
  vertex -0.023817137 1.1693265 0.066081524
  vertex -0.025199078 1.1853089 -0.0153772235
  vertex 0.023460984 1.1861382 -0.016040027
 endloop
endfacet
facet normal 0.0140918 -0.9811478 -0.19274406
 outer loop
  vertex -0.023817137 1.1693265 0.066081524
  vertex 0.023460984 1.1861382 -0.016040027
  vertex 0.024842925 1.1701556 0.06541866
 endloop
endfacet
facet normal -0.31107002 -0.9366483 -0.1610135
 outer loop
  vertex 0.0760074 1.254075 0.61754966
  vertex 0.11770074 1.2882704 0.33807918
  vertex 0.19789037 1.2601731 0.34660438
 endloop
endfacet
facet normal -0.31107178 -0.9366476 -0.16101427
 outer loop
  vertex 0.0760074 1.254075 0.61754966
  vertex 0.19789037 1.2601731 0.34660438
  vertex 0.15619701 1.2259777 0.62607455
 endloop
endfacet
facet normal -0.34899622 -0.86285895 -0.36561748
 outer loop
  vertex 0.11770074 1.2882704 0.33807918
  vertex 0.14501996 1.333537 0.20517246
  vertex 0.22418591 1.3015171 0.20517246
 endloop
endfacet
facet normal -0.28337693 -0.9050155 -0.31724492
 outer loop
  vertex 0.11770074 1.2882704 0.33807918
  vertex 0.22418591 1.3015171 0.20517246
  vertex 0.19789037 1.2601731 0.34660438
 endloop
endfacet
facet normal -0.37495622 -0.92704254 0
 outer loop
  vertex 0.14501996 1.333537 0.20517246
  vertex 0.14501996 1.333537 -0.012184143
  vertex 0.22418591 1.3015171 -0.012184143
 endloop
endfacet
facet normal -0.37495622 -0.92704254 -0
 outer loop
  vertex 0.14501996 1.333537 0.20517246
  vertex 0.22418591 1.3015171 -0.012184143
  vertex 0.22418591 1.3015171 0.20517246
 endloop
endfacet
facet normal -0.9595313 -0.18373829 -0.21340095
 outer loop
  vertex 0.04830807 1.4005141 0.49779084
  vertex 0.0873347 1.3976654 0.32476515
  vertex 0.102346115 1.3137342 0.32953295
 endloop
endfacet
facet normal -0.9595313 -0.18373816 -0.213401
 outer loop
  vertex 0.04830807 1.4005141 0.49779084
  vertex 0.102346115 1.3137342 0.32953295
  vertex 0.063319474 1.3165829 0.50255865
 endloop
endfacet
facet normal -0.9256493 -0.18432732 -0.33044925
 outer loop
  vertex 0.0873347 1.3976654 0.32476515
  vertex 0.16029307 1.3990605 0.11961709
  vertex 0.17530447 1.3151293 0.12438491
 endloop
endfacet
facet normal -0.9256494 -0.18432744 -0.33044928
 outer loop
  vertex 0.0873347 1.3976654 0.32476515
  vertex 0.17530447 1.3151293 0.12438491
  vertex 0.102346115 1.3137342 0.32953295
 endloop
endfacet
facet normal -0.9677294 -0.18292715 -0.17331322
 outer loop
  vertex 0.16029307 1.3990605 0.11961709
  vertex 0.18356983 1.3960227 -0.0071471035
  vertex 0.19858123 1.3120915 -0.0023792982
 endloop
endfacet
facet normal -0.9677294 -0.18292719 -0.17331317
 outer loop
  vertex 0.16029307 1.3990605 0.11961709
  vertex 0.19858123 1.3120915 -0.0023792982
  vertex 0.17530447 1.3151293 0.12438491
 endloop
endfacet
facet normal 0.09246371 0.9863824 -0.13601498
 outer loop
  vertex 0.24133825 1.5572003 0.59978676
  vertex 0.23656884 1.5063192 0.2275537
  vertex 0.15154563 1.5142893 0.2275537
 endloop
endfacet
facet normal 0.09246096 0.9863828 -0.13601434
 outer loop
  vertex 0.24133825 1.5572003 0.59978676
  vertex 0.15154563 1.5142893 0.2275537
  vertex 0.15631503 1.5651702 0.59978676
 endloop
endfacet
facet normal 0.076348126 0.8144926 -0.57512856
 outer loop
  vertex 0.23656884 1.5063192 0.2275537
  vertex 0.22306672 1.373114 0.037117153
  vertex 0.13804317 1.3810838 0.037117153
 endloop
endfacet
facet normal 0.07635063 0.8144918 -0.57512933
 outer loop
  vertex 0.23656884 1.5063192 0.2275537
  vertex 0.13804317 1.3810838 0.037117153
  vertex 0.15154563 1.5142893 0.2275537
 endloop
endfacet
facet normal 0.088319845 0.9422086 0.32317597
 outer loop
  vertex 0.22306672 1.373114 0.037117153
  vertex 0.22463802 1.389877 -0.012184143
  vertex 0.13961446 1.3978468 -0.012184143
 endloop
endfacet
facet normal 0.088319845 0.9422086 0.32317597
 outer loop
  vertex 0.22306672 1.373114 0.037117153
  vertex 0.13961446 1.3978468 -0.012184143
  vertex 0.13804317 1.3810838 0.037117153
 endloop
endfacet
facet normal 0.745801 0.55375934 -0.3703128
 outer loop
  vertex 0.3503608 1.4225432 0.55039984
  vertex 0.28079143 1.3708872 0.3330433
  vertex 0.22988322 1.4394501 0.3330433
 endloop
endfacet
facet normal 0.74580336 0.5537549 -0.37031448
 outer loop
  vertex 0.3503608 1.4225432 0.55039984
  vertex 0.22988322 1.4394501 0.3330433
  vertex 0.29945326 1.491106 0.55039984
 endloop
endfacet
facet normal 0.7287147 0.5410726 -0.4197801
 outer loop
  vertex 0.28079143 1.3708872 0.3330433
  vertex 0.23270538 1.3364433 0.20517246
  vertex 0.18179718 1.4050063 0.20517245
 endloop
endfacet
facet normal 0.72871464 0.54107267 -0.41978005
 outer loop
  vertex 0.28079143 1.3708872 0.3330433
  vertex 0.18179718 1.4050063 0.20517245
  vertex 0.22988322 1.4394501 0.3330433
 endloop
endfacet
facet normal 0.80288 0.5961406 -0
 outer loop
  vertex 0.23270538 1.3364433 0.20517246
  vertex 0.23270538 1.3364433 -0.012184143
  vertex 0.18179718 1.4050063 -0.012184143
 endloop
endfacet
facet normal 0.80288005 0.5961407 0
 outer loop
  vertex 0.23270538 1.3364433 0.20517246
  vertex 0.18179718 1.4050063 -0.012184143
  vertex 0.18179718 1.4050063 0.20517245
 endloop
endfacet
facet normal -0.7333608 0.6459389 -0.21200214
 outer loop
  vertex 0.08441518 1.5272123 0.5206128
  vertex 0.112568125 1.4973928 0.3323702
  vertex 0.055869356 1.4335562 0.33400285
 endloop
endfacet
facet normal -0.7333607 0.645939 -0.2120022
 outer loop
  vertex 0.08441518 1.5272123 0.5206128
  vertex 0.055869356 1.4335562 0.33400285
  vertex 0.027716406 1.4633757 0.5222454
 endloop
endfacet
facet normal -0.6643841 0.57797796 -0.47385138
 outer loop
  vertex 0.112568125 1.4973928 0.3323702
  vertex 0.1968197 1.4170337 0.116223946
  vertex 0.14012091 1.3531971 0.11785661
 endloop
endfacet
facet normal -0.6643842 0.5779779 -0.47385135
 outer loop
  vertex 0.112568125 1.4973928 0.3323702
  vertex 0.14012091 1.3531971 0.11785661
  vertex 0.055869356 1.4335562 0.33400285
 endloop
endfacet
facet normal -0.734994 0.6476773 -0.20074338
 outer loop
  vertex 0.1968197 1.4170337 0.116223946
  vertex 0.21315143 1.3995565 3.9368868e-05
  vertex 0.15645267 1.33572 0.0016720295
 endloop
endfacet
facet normal -0.7349938 0.6476775 -0.20074354
 outer loop
  vertex 0.1968197 1.4170337 0.116223946
  vertex 0.15645267 1.33572 0.0016720295
  vertex 0.14012091 1.3531971 0.11785661
 endloop
endfacet
facet normal 0.8902474 -0.39051673 0.2344275
 outer loop
  vertex 0.24793723 1.3426883 0.8901519
  vertex 0.30407828 1.285225 0.58123
  vertex 0.34012657 1.3621414 0.5724649
 endloop
endfacet
facet normal 0.89024556 -0.39052126 0.23442669
 outer loop
  vertex 0.24793723 1.3426883 0.8901519
  vertex 0.34012657 1.3621414 0.5724649
  vertex 0.28398612 1.419605 0.8813869
 endloop
endfacet
facet normal 0.9005208 -0.42965963 -0.06674475
 outer loop
  vertex 0.30407828 1.285225 0.58123
  vertex 0.26808655 1.2809148 0.12337586
  vertex 0.30413544 1.357831 0.114610866
 endloop
endfacet
facet normal 0.90052384 -0.4296534 -0.06674378
 outer loop
  vertex 0.30407828 1.285225 0.58123
  vertex 0.30413544 1.357831 0.114610866
  vertex 0.34012657 1.3621414 0.5724649
 endloop
endfacet
facet normal 0.67836756 -0.38896352 -0.6233176
 outer loop
  vertex 0.26808655 1.2809148 0.12337586
  vertex 0.16785666 1.3093836 -0.003471285
  vertex 0.20390558 1.3863003 -0.012236267
 endloop
endfacet
facet normal 0.6783661 -0.38896513 -0.62331814
 outer loop
  vertex 0.26808655 1.2809148 0.12337586
  vertex 0.20390558 1.3863003 -0.012236267
  vertex 0.30413544 1.357831 0.114610866
 endloop
endfacet
facet normal 0.9286549 -0.021605823 -0.37031505
 outer loop
  vertex 0.4320908 1.2419709 0.58818316
  vertex 0.3454635 1.2439862 0.37082666
  vertex 0.34744978 1.3293593 0.37082666
 endloop
endfacet
facet normal 0.92865497 -0.021605482 -0.37031493
 outer loop
  vertex 0.4320908 1.2419709 0.58818316
  vertex 0.34744978 1.3293593 0.37082666
  vertex 0.43407702 1.3273442 0.58818316
 endloop
endfacet
facet normal 0.9135004 -0.021252895 -0.40628222
 outer loop
  vertex 0.3454635 1.2439862 0.37082666
  vertex 0.26655245 1.2468342 0.19325104
  vertex 0.26853868 1.3322073 0.19325104
 endloop
endfacet
facet normal 0.91350037 -0.021253249 -0.4062824
 outer loop
  vertex 0.3454635 1.2439862 0.37082666
  vertex 0.26853868 1.3322073 0.19325104
  vertex 0.34744978 1.3293593 0.37082666
 endloop
endfacet
facet normal 0.99972945 -0.023259042 0
 outer loop
  vertex 0.26655245 1.2468342 0.19325104
  vertex 0.26655245 1.2468342 -0.024105519
  vertex 0.26853868 1.3322073 -0.024105519
 endloop
endfacet
facet normal 0.99972945 -0.023259042 0
 outer loop
  vertex 0.26655245 1.2468342 0.19325104
  vertex 0.26853868 1.3322073 -0.024105519
  vertex 0.26853868 1.3322073 0.19325104
 endloop
endfacet
facet normal -0.18144411 0.9602778 -0.21200174
 outer loop
  vertex 0.22555867 1.6043502 0.50771916
  vertex 0.229437 1.5635245 0.31947666
  vertex 0.14547578 1.5480205 0.3211093
 endloop
endfacet
facet normal -0.18144424 0.9602778 -0.21200167
 outer loop
  vertex 0.22555867 1.6043502 0.50771916
  vertex 0.14547578 1.5480205 0.3211093
  vertex 0.14159745 1.5888462 0.50935185
 endloop
endfacet
facet normal -0.16880696 0.8642736 -0.47385147
 outer loop
  vertex 0.229437 1.5635245 0.31947666
  vertex 0.24650136 1.4483519 0.103330374
  vertex 0.16254015 1.432848 0.104963034
 endloop
endfacet
facet normal -0.16880803 0.86427355 -0.47385117
 outer loop
  vertex 0.229437 1.5635245 0.31947666
  vertex 0.16254015 1.432848 0.104963034
  vertex 0.14547578 1.5480205 0.3211093
 endloop
endfacet
facet normal -0.18166387 0.96265286 -0.20074283
 outer loop
  vertex 0.24650136 1.4483519 0.103330374
  vertex 0.2486414 1.4245276 -0.012854189
  vertex 0.1646802 1.4090236 -0.011221528
 endloop
endfacet
facet normal -0.18166253 0.9626529 -0.20074381
 outer loop
  vertex 0.24650136 1.4483519 0.103330374
  vertex 0.1646802 1.4090236 -0.011221528
  vertex 0.16254015 1.432848 0.104963034
 endloop
endfacet
facet normal 0.46218845 -0.8552343 0.23442735
 outer loop
  vertex 0.21506372 1.2741951 0.88891554
  vertex 0.22402754 1.1943611 0.57999367
  vertex 0.29973993 1.2328752 0.57122856
 endloop
endfacet
facet normal 0.46218726 -0.855235 0.23442712
 outer loop
  vertex 0.21506372 1.2741951 0.88891554
  vertex 0.29973993 1.2328752 0.57122856
  vertex 0.2907761 1.3127091 0.8801505
 endloop
endfacet
facet normal 0.44623798 -0.89242184 -0.06674484
 outer loop
  vertex 0.22402754 1.1943611 0.57999367
  vertex 0.19298805 1.2130836 0.12213956
  vertex 0.26870042 1.2515976 0.11337456
 endloop
endfacet
facet normal 0.44623893 -0.89242136 -0.06674468
 outer loop
  vertex 0.22402754 1.1943611 0.57999367
  vertex 0.26870042 1.2515976 0.11337456
  vertex 0.29973993 1.2328752 0.57122856
 endloop
endfacet
facet normal 0.2960167 -0.723775 -0.62331676
 outer loop
  vertex 0.19298805 1.2130836 0.12213956
  vertex 0.13142571 1.2971463 -0.0047076046
  vertex 0.20713809 1.3356603 -0.013472587
 endloop
endfacet
facet normal 0.29601654 -0.7237751 -0.62331676
 outer loop
  vertex 0.19298805 1.2130836 0.12213956
  vertex 0.20713809 1.3356603 -0.013472587
  vertex 0.26870042 1.2515976 0.11337456
 endloop
endfacet
facet normal 0.67921716 0.7212241 -0.13601393
 outer loop
  vertex 0.42992824 1.4768684 0.58786523
  vertex 0.39489216 1.4396653 0.21563227
  vertex 0.33272448 1.4982121 0.21563227
 endloop
endfacet
facet normal 0.67921656 0.7212247 -0.13601375
 outer loop
  vertex 0.42992824 1.4768684 0.58786523
  vertex 0.33272448 1.4982121 0.21563227
  vertex 0.3677606 1.535415 0.58786523
 endloop
endfacet
facet normal 0.5608541 0.59554166 -0.5751285
 outer loop
  vertex 0.39489216 1.4396653 0.21563227
  vertex 0.30236676 1.3428925 0.025195748
  vertex 0.24019912 1.4014392 0.025195748
 endloop
endfacet
facet normal 0.5608545 0.5955411 -0.5751287
 outer loop
  vertex 0.39489216 1.4396653 0.21563227
  vertex 0.24019912 1.4014392 0.025195748
  vertex 0.33272448 1.4982121 0.21563227
 endloop
endfacet
facet normal 0.64879876 0.6889252 0.32317528
 outer loop
  vertex 0.30236676 1.3428925 0.025195748
  vertex 0.3139096 1.3551493 -0.024105519
  vertex 0.25174198 1.4136959 -0.024105519
 endloop
endfacet
facet normal 0.6487985 0.6889253 0.32317564
 outer loop
  vertex 0.30236676 1.3428925 0.025195748
  vertex 0.25174198 1.4136959 -0.024105519
  vertex 0.24019912 1.4014392 0.025195748
 endloop
endfacet
facet normal -0.86981094 0.44484717 -0.21340077
 outer loop
  vertex 0.08581127 1.5336708 0.42902368
  vertex 0.11484432 1.5074358 0.25599796
  vertex 0.07509664 1.4320042 0.26076573
 endloop
endfacet
facet normal -0.86981064 0.4448476 -0.21340105
 outer loop
  vertex 0.08581127 1.5336708 0.42902368
  vertex 0.07509664 1.4320042 0.26076573
  vertex 0.046063587 1.4582393 0.4337915
 endloop
endfacet
facet normal -0.83564514 0.41779494 -0.3565733
 outer loop
  vertex 0.11484432 1.5074358 0.25599796
  vertex 0.17173654 1.4659579 0.07406914
  vertex 0.13198885 1.3905264 0.07883695
 endloop
endfacet
facet normal -0.8356454 0.4177946 -0.35657313
 outer loop
  vertex 0.11484432 1.5074358 0.25599796
  vertex 0.13198885 1.3905264 0.07883695
  vertex 0.07509664 1.4320042 0.26076573
 endloop
endfacet
facet normal -0.8826998 0.4586585 -0.102339625
 outer loop
  vertex 0.17173654 1.4659579 0.07406914
  vertex 0.17665309 1.4586036 -0.0012968779
  vertex 0.1369054 1.383172 0.0034709275
 endloop
endfacet
facet normal -0.88269943 0.458659 -0.10234037
 outer loop
  vertex 0.17173654 1.4659579 0.07406914
  vertex 0.1369054 1.383172 0.0034709275
  vertex 0.13198885 1.3905264 0.07883695
 endloop
endfacet
facet normal -0.82108605 -0.54762423 -0.1610137
 outer loop
  vertex -0.033819877 1.3721484 0.6056285
  vertex 0.020086035 1.3734946 0.32615772
  vertex 0.06606925 1.3020426 0.33468294
 endloop
endfacet
facet normal -0.82108617 -0.54762405 -0.16101378
 outer loop
  vertex -0.033819877 1.3721484 0.6056285
  vertex 0.06606925 1.3020426 0.33468294
  vertex 0.012163281 1.3006965 0.6141535
 endloop
endfacet
facet normal -0.80564684 -0.4661089 -0.36561686
 outer loop
  vertex 0.020086035 1.3734946 0.32615772
  vertex 0.06945859 1.3924088 0.19325103
  vertex 0.11222332 1.318492 0.19325104
 endloop
endfacet
facet normal -0.7797986 -0.53969413 -0.31724492
 outer loop
  vertex 0.020086035 1.3734946 0.32615772
  vertex 0.11222332 1.318492 0.19325104
  vertex 0.06606925 1.3020426 0.33468294
 endloop
endfacet
facet normal -0.86557454 -0.5007801 0
 outer loop
  vertex 0.06945859 1.3924088 0.19325103
  vertex 0.06945859 1.3924088 -0.024105519
  vertex 0.11222332 1.318492 -0.024105519
 endloop
endfacet
facet normal -0.86557454 -0.50078017 -0
 outer loop
  vertex 0.06945859 1.3924088 0.19325103
  vertex 0.11222332 1.318492 -0.024105519
  vertex 0.11222332 1.318492 0.19325104
 endloop
endfacet
facet normal -0.93968934 -0.18373792 -0.28848624
 outer loop
  vertex 0.012649901 1.4356408 0.37751693
  vertex 0.05180918 1.4335185 0.25131467
  vertex 0.06267698 1.3709918 0.25573835
 endloop
endfacet
facet normal -0.93968934 -0.18373832 -0.28848603
 outer loop
  vertex 0.012649901 1.4356408 0.37751693
  vertex 0.06267698 1.3709918 0.25573835
  vertex 0.023517706 1.3731142 0.3819406
 endloop
endfacet
facet normal -0.89667255 -0.18432723 -0.40249452
 outer loop
  vertex 0.05180918 1.4335185 0.25131467
  vertex 0.11805706 1.4345579 0.10325241
  vertex 0.12892486 1.3720312 0.1076761
 endloop
endfacet
facet normal -0.89667255 -0.1843272 -0.4024945
 outer loop
  vertex 0.05180918 1.4335185 0.25131467
  vertex 0.12892486 1.3720312 0.1076761
  vertex 0.06267698 1.3709918 0.25573835
 endloop
endfacet
facet normal -0.95102656 -0.18292724 -0.24917103
 outer loop
  vertex 0.11805706 1.4345579 0.10325241
  vertex 0.14279893 1.4322948 0.010479987
  vertex 0.15366675 1.3697681 0.014903665
 endloop
endfacet
facet normal -0.95102656 -0.18292704 -0.24917114
 outer loop
  vertex 0.11805706 1.4345579 0.10325241
  vertex 0.15366675 1.3697681 0.014903665
  vertex 0.12892486 1.3720312 0.1076761
 endloop
endfacet
facet normal -0.003504613 0.74180114 -0.6706107
 outer loop
  vertex 0.2085385 1.5350714 0.2428668
  vertex 0.21140927 1.4456638 0.14395294
  vertex 0.16274923 1.4448347 0.14329012
 endloop
endfacet
facet normal -0.003506035 0.7418015 -0.6706103
 outer loop
  vertex 0.2085385 1.5350714 0.2428668
  vertex 0.16274923 1.4448347 0.14329012
  vertex 0.1598784 1.5342422 0.24220395
 endloop
endfacet
facet normal -0.006500204 0.8288556 -0.5594248
 outer loop
  vertex 0.21140927 1.4456638 0.14395294
  vertex 0.21355286 1.388083 0.05861506
  vertex 0.1648928 1.387254 0.057952225
 endloop
endfacet
facet normal -0.0065024784 0.8288561 -0.559424
 outer loop
  vertex 0.21140927 1.4456638 0.14395294
  vertex 0.1648928 1.387254 0.057952225
  vertex 0.16274923 1.4448347 0.14329012
 endloop
endfacet
facet normal -0.015026769 0.99060225 -0.13594615
 outer loop
  vertex 0.21355286 1.388083 0.05861506
  vertex 0.21473345 1.3779465 -0.0153772235
  vertex 0.1660734 1.3771174 -0.016040027
 endloop
endfacet
facet normal -0.015024232 0.9906021 -0.13594773
 outer loop
  vertex 0.21355286 1.388083 0.05861506
  vertex 0.1660734 1.3771174 -0.016040027
  vertex 0.1648928 1.387254 0.057952225
 endloop
endfacet
facet normal 0.021213155 0.9284087 0.37095466
 outer loop
  vertex 0.56979275 1.1832131 0.637205
  vertex 0.502345 1.2685981 0.42736438
  vertex 0.4203107 1.2610922 0.45084095
 endloop
endfacet
facet normal 0.01066423 0.92563856 0.37825844
 outer loop
  vertex 0.56979275 1.1832131 0.637205
  vertex 0.4203107 1.2610922 0.45084095
  vertex 0.488168 1.1752334 0.65903354
 endloop
endfacet
facet normal -0.12236047 0.9872091 -0.10220644
 outer loop
  vertex 0.502345 1.2685981 0.42736438
  vertex 0.43810505 1.236317 0.19247015
  vertex 0.35627252 1.228571 0.21562098
 endloop
endfacet
facet normal -0.12004916 0.98732424 -0.10382267
 outer loop
  vertex 0.502345 1.2685981 0.42736438
  vertex 0.35627252 1.228571 0.21562098
  vertex 0.4203107 1.2610922 0.45084095
 endloop
endfacet
facet normal -0.13438235 0.97994584 -0.14713106
 outer loop
  vertex 0.43810505 1.236317 0.19247015
  vertex 0.38266936 1.1973362 -0.016524047
  vertex 0.30083683 1.1895902 0.006626785
 endloop
endfacet
facet normal -0.13438232 0.97994584 -0.14713104
 outer loop
  vertex 0.43810505 1.236317 0.19247015
  vertex 0.30083683 1.1895902 0.006626785
  vertex 0.35627252 1.228571 0.21562098
 endloop
endfacet
facet normal -0.2685755 -0.91509414 -0.3007821
 outer loop
  vertex 0.44397536 1.297378 0.5481999
  vertex 0.37268886 1.3908485 0.32748008
  vertex 0.44836038 1.3774108 0.30079395
 endloop
endfacet
facet normal -0.3061031 -0.90418255 -0.29791746
 outer loop
  vertex 0.44397536 1.297378 0.5481999
  vertex 0.44836038 1.3774108 0.30079395
  vertex 0.5212254 1.2821134 0.51515526
 endloop
endfacet
facet normal -0.39044192 -0.7116913 -0.58399534
 outer loop
  vertex 0.37268886 1.3908485 0.32748008
  vertex 0.29097685 1.584172 0.14651482
  vertex 0.36822683 1.5689074 0.11347017
 endloop
endfacet
facet normal -0.33967346 -0.7264849 -0.5973623
 outer loop
  vertex 0.37268886 1.3908485 0.32748008
  vertex 0.36822683 1.5689074 0.11347017
  vertex 0.44836038 1.3774108 0.30079395
 endloop
endfacet
facet normal -0.3064932 -0.90367156 -0.2990646
 outer loop
  vertex 0.29097685 1.584172 0.14651482
  vertex 0.24011311 1.6509893 -0.0032571256
  vertex 0.3173631 1.6357248 -0.03630182
 endloop
endfacet
facet normal -0.30649447 -0.90367115 -0.29906464
 outer loop
  vertex 0.29097685 1.584172 0.14651482
  vertex 0.3173631 1.6357248 -0.03630182
  vertex 0.36822683 1.5689074 0.11347017
 endloop
endfacet
facet normal -0.9142279 0.4027557 0.044443488
 outer loop
  vertex 0.4406195 1.3371016 0.6369263
  vertex 0.43020195 1.3392459 0.40319893
  vertex 0.39580977 1.2610875 0.40401897
 endloop
endfacet
facet normal -0.9142994 0.40258566 0.044512738
 outer loop
  vertex 0.4406195 1.3371016 0.6369263
  vertex 0.39580977 1.2610875 0.40401897
  vertex 0.4062378 1.2589321 0.637707
 endloop
endfacet
facet normal -0.9152936 0.40275142 0.0053773397
 outer loop
  vertex 0.43020195 1.3392459 0.40319893
  vertex 0.42808992 1.3370405 0.20888133
  vertex 0.39370155 1.2588786 0.20969827
 endloop
endfacet
facet normal -0.9152705 0.40280434 0.005351022
 outer loop
  vertex 0.43020195 1.3392459 0.40319893
  vertex 0.39370155 1.2588786 0.20969827
  vertex 0.39580977 1.2610875 0.40401897
 endloop
endfacet
facet normal -0.8327771 0.37068865 0.4111838
 outer loop
  vertex 0.42808992 1.3370405 0.20888133
  vertex 0.3455169 1.371299 0.010760307
  vertex 0.3111285 1.293137 0.011577278
 endloop
endfacet
facet normal -0.8327772 0.37068877 0.41118383
 outer loop
  vertex 0.42808992 1.3370405 0.20888133
  vertex 0.3111285 1.293137 0.011577278
  vertex 0.39370155 1.2588786 0.20969827
 endloop
endfacet
facet normal -0.7902831 -0.6075744 0.07941004
 outer loop
  vertex 0.39939386 1.2996404 0.8327521
  vertex 0.3017383 1.3804343 0.47905296
  vertex 0.3641916 1.2751374 0.2949467
 endloop
endfacet
facet normal -0.8935017 -0.4421225 0.07862808
 outer loop
  vertex 0.39939386 1.2996404 0.8327521
  vertex 0.3641916 1.2751374 0.2949467
  vertex 0.43788746 1.2164135 0.8021982
 endloop
endfacet
facet normal -0.9260825 -0.28010094 -0.2528136
 outer loop
  vertex 0.3017383 1.3804343 0.47905296
  vertex 0.37555704 1.4455552 0.1364975
  vertex 0.40546122 1.3697629 0.11092828
 endloop
endfacet
facet normal -0.9583228 -0.10142606 -0.26707718
 outer loop
  vertex 0.3017383 1.3804343 0.47905296
  vertex 0.40546122 1.3697629 0.11092828
  vertex 0.3641916 1.2751374 0.2949467
 endloop
endfacet
facet normal -0.85618454 -0.43293875 0.2819788
 outer loop
  vertex 0.37555704 1.4455552 0.1364975
  vertex 0.3375323 1.4613311 0.04526308
  vertex 0.36743644 1.3855388 0.019693851
 endloop
endfacet
facet normal -0.8561842 -0.43293935 0.28197908
 outer loop
  vertex 0.37555704 1.4455552 0.1364975
  vertex 0.36743644 1.3855388 0.019693851
  vertex 0.40546122 1.3697629 0.11092828
 endloop
endfacet
facet normal 0.4765076 -0.6777868 -0.5599514
 outer loop
  vertex 0.37451914 1.3328178 0.4533215
  vertex 0.26920795 1.4145172 0.2648117
  vertex 0.33338997 1.4695549 0.25280952
 endloop
endfacet
facet normal 0.47650805 -0.6777865 -0.55995136
 outer loop
  vertex 0.37451914 1.3328178 0.4533215
  vertex 0.33338997 1.4695549 0.25280952
  vertex 0.4387011 1.3878555 0.44131935
 endloop
endfacet
facet normal 0.42226392 -0.63375515 -0.6481107
 outer loop
  vertex 0.26920795 1.4145172 0.2648117
  vertex 0.15886219 1.507657 0.10184121
  vertex 0.22304413 1.5626948 0.08983904
 endloop
endfacet
facet normal 0.4222636 -0.6337553 -0.64811075
 outer loop
  vertex 0.26920795 1.4145172 0.2648117
  vertex 0.22304413 1.5626948 0.08983904
  vertex 0.33338997 1.4695549 0.25280952
 endloop
endfacet
facet normal 0.49884537 -0.69472593 -0.5181789
 outer loop
  vertex 0.15886219 1.507657 0.10184121
  vertex 0.10321978 1.5488262 -0.0069209337
  vertex 0.1674017 1.603864 -0.018923134
 endloop
endfacet
facet normal 0.49884546 -0.6947259 -0.5181788
 outer loop
  vertex 0.15886219 1.507657 0.10184121
  vertex 0.1674017 1.603864 -0.018923134
  vertex 0.22304413 1.5626948 0.08983904
 endloop
endfacet
facet normal 0.71118623 -0.40824983 -0.57231647
 outer loop
  vertex 0.4893312 1.2332655 0.53221214
  vertex 0.33732057 1.2948306 0.29940078
  vertex 0.35109916 1.3550397 0.27357376
 endloop
endfacet
facet normal 0.8982447 0.124302804 -0.42155108
 outer loop
  vertex 0.4893312 1.2332655 0.53221214
  vertex 0.35109916 1.3550397 0.27357376
  vertex 0.49057254 1.3079852 0.55688983
 endloop
endfacet
facet normal 0.71858716 0.20666553 -0.6640195
 outer loop
  vertex 0.33732057 1.2948306 0.29940078
  vertex 0.23803034 1.3222834 0.20049536
  vertex 0.2303519 1.4054952 0.21808426
 endloop
endfacet
facet normal 0.22412041 -0.4270574 -0.8760091
 outer loop
  vertex 0.33732057 1.2948306 0.29940078
  vertex 0.2303519 1.4054952 0.21808426
  vertex 0.35109916 1.3550397 0.27357376
 endloop
endfacet
facet normal 0.92064846 0.16020474 -0.35600653
 outer loop
  vertex 0.23803034 1.3222834 0.20049536
  vertex 0.15545732 1.3565418 0.002374351
  vertex 0.14777887 1.4397535 0.019963264
 endloop
endfacet
facet normal 0.9206486 0.16020466 -0.35600662
 outer loop
  vertex 0.23803034 1.3222834 0.20049536
  vertex 0.14777887 1.4397535 0.019963264
  vertex 0.2303519 1.4054952 0.21808426
 endloop
endfacet
facet normal 0.7519573 -0.113052465 -0.6494455
 outer loop
  vertex 0.3701622 1.3253586 0.34238592
  vertex 0.29006276 1.3608885 0.2434583
  vertex 0.30655456 1.4217408 0.25196037
 endloop
endfacet
facet normal 0.7315218 -0.14273646 -0.66671
 outer loop
  vertex 0.3701622 1.3253586 0.34238592
  vertex 0.30655456 1.4217408 0.25196037
  vertex 0.38729304 1.3854711 0.34831256
 endloop
endfacet
facet normal 0.70005095 -0.09076269 -0.7083013
 outer loop
  vertex 0.29006276 1.3608885 0.2434583
  vertex 0.14688247 1.4205317 0.09430304
  vertex 0.16337429 1.481384 0.10280506
 endloop
endfacet
facet normal 0.70005125 -0.09076221 -0.7083012
 outer loop
  vertex 0.29006276 1.3608885 0.2434583
  vertex 0.16337429 1.481384 0.10280506
  vertex 0.30655456 1.4217408 0.25196037
 endloop
endfacet
facet normal 0.7761274 -0.123958744 -0.61827224
 outer loop
  vertex 0.14688247 1.4205317 0.09430304
  vertex 0.09167517 1.4458867 0.019916922
  vertex 0.10816696 1.5067389 0.028418958
 endloop
endfacet
facet normal 0.7761273 -0.12395886 -0.61827236
 outer loop
  vertex 0.14688247 1.4205317 0.09430304
  vertex 0.10816696 1.5067389 0.028418958
  vertex 0.16337429 1.481384 0.10280506
 endloop
endfacet
facet normal -0.5360797 -0.5806994 -0.61270446
 outer loop
  vertex 0.35416976 1.3044877 0.28863317
  vertex 0.34843794 1.4036627 0.19965367
  vertex 0.38947165 1.387536 0.17903587
 endloop
endfacet
facet normal -0.53608114 -0.58069843 -0.61270416
 outer loop
  vertex 0.35416976 1.3044877 0.28863317
  vertex 0.38947165 1.387536 0.17903587
  vertex 0.39520347 1.288361 0.26801535
 endloop
endfacet
facet normal -0.51758915 -0.7137985 -0.47179773
 outer loop
  vertex 0.34843794 1.4036627 0.19965367
  vertex 0.32909513 1.4853809 0.09723964
  vertex 0.3701288 1.4692543 0.07662186
 endloop
endfacet
facet normal -0.5175891 -0.71379864 -0.47179776
 outer loop
  vertex 0.34843794 1.4036627 0.19965367
  vertex 0.3701288 1.4692543 0.07662186
  vertex 0.38947165 1.387536 0.17903587
 endloop
endfacet
facet normal -0.48205373 -0.8147962 -0.32207367
 outer loop
  vertex 0.32909513 1.4853809 0.09723964
  vertex 0.29955634 1.544316 -0.007645905
  vertex 0.3405901 1.5281893 -0.028263718
 endloop
endfacet
facet normal -0.48205224 -0.81479704 -0.32207382
 outer loop
  vertex 0.32909513 1.4853809 0.09723964
  vertex 0.3405901 1.5281893 -0.028263718
  vertex 0.3701288 1.4692543 0.07662186
 endloop
endfacet
facet normal 0.5596655 0.78186345 -0.27470708
 outer loop
  vertex 0.60035837 1.281645 0.55243057
  vertex 0.44598144 1.3086722 0.31483963
  vertex 0.39247432 1.3612914 0.35559198
 endloop
endfacet
facet normal 0.55966556 0.7818634 -0.27470714
 outer loop
  vertex 0.60035837 1.281645 0.55243057
  vertex 0.39247432 1.3612914 0.35559198
  vertex 0.5468512 1.334264 0.59318215
 endloop
endfacet
facet normal 0.48558968 0.7327096 -0.4768012
 outer loop
  vertex 0.44598144 1.3086722 0.31483963
  vertex 0.3551435 1.2973517 0.20493095
  vertex 0.3007627 1.3545799 0.2374915
 endloop
endfacet
facet normal 0.46487582 0.786943 -0.4057229
 outer loop
  vertex 0.44598144 1.3086722 0.31483963
  vertex 0.3007627 1.3545799 0.2374915
  vertex 0.39247432 1.3612914 0.35559198
 endloop
endfacet
facet normal 0.6709382 0.72529906 -0.15421806
 outer loop
  vertex 0.3551435 1.2973517 0.20493095
  vertex 0.27257046 1.3316101 0.00680992
  vertex 0.21818969 1.3888383 0.039370477
 endloop
endfacet
facet normal 0.6709382 0.72529906 -0.15421805
 outer loop
  vertex 0.3551435 1.2973517 0.20493095
  vertex 0.21818969 1.3888383 0.039370477
  vertex 0.3007627 1.3545799 0.2374915
 endloop
endfacet
facet normal 0.7971873 -0.13181801 -0.58916587
 outer loop
  vertex 0.44175407 1.2592474 0.45359996
  vertex 0.34425667 1.302782 0.31193808
  vertex 0.36559317 1.3847979 0.32245806
 endloop
endfacet
facet normal 0.79718745 -0.1318178 -0.58916575
 outer loop
  vertex 0.44175407 1.2592474 0.45359996
  vertex 0.36559317 1.3847979 0.32245806
  vertex 0.46309054 1.3412633 0.46411994
 endloop
endfacet
facet normal 0.7244209 -0.100990646 -0.6819203
 outer loop
  vertex 0.34425667 1.302782 0.31193808
  vertex 0.20436199 1.3593118 0.15495257
  vertex 0.2256985 1.4413277 0.16547254
 endloop
endfacet
facet normal 0.724421 -0.10099041 -0.6819202
 outer loop
  vertex 0.34425667 1.302782 0.31193808
  vertex 0.2256985 1.4413277 0.16547254
  vertex 0.36559317 1.3847979 0.32245806
 endloop
endfacet
facet normal 0.8190078 -0.14174908 -0.5559978
 outer loop
  vertex 0.20436199 1.3593118 0.15495257
  vertex 0.13777171 1.3902282 0.048980355
  vertex 0.15910819 1.472244 0.059500307
 endloop
endfacet
facet normal 0.8190076 -0.14174922 -0.5559979
 outer loop
  vertex 0.20436199 1.3593118 0.15495257
  vertex 0.15910819 1.472244 0.059500307
  vertex 0.2256985 1.4413277 0.16547254
 endloop
endfacet
facet normal -0.3012649 -0.9361616 -0.1812207
 outer loop
  vertex 0.34213853 1.1491138 0.79890895
  vertex 0.22424212 1.2531133 0.45765498
  vertex 0.34010428 1.252279 0.2693529
 endloop
endfacet
facet normal -0.48060057 -0.86110234 -0.16590916
 outer loop
  vertex 0.34213853 1.1491138 0.79890895
  vertex 0.34010428 1.252279 0.2693529
  vertex 0.42208114 1.1121695 0.75908196
 endloop
endfacet
facet normal -0.589428 -0.6832442 -0.43098953
 outer loop
  vertex 0.22424212 1.2531133 0.45765498
  vertex 0.24666381 1.4393132 0.13180953
  vertex 0.3151925 1.402253 0.096839786
 endloop
endfacet
facet normal -0.6852197 -0.59576267 -0.41897595
 outer loop
  vertex 0.22424212 1.2531133 0.45765498
  vertex 0.3151925 1.402253 0.096839786
  vertex 0.34010428 1.252279 0.2693529
 endloop
endfacet
facet normal -0.46011662 -0.88702834 0.03838508
 outer loop
  vertex 0.24666381 1.4393132 0.13180953
  vertex 0.20863903 1.4550892 0.040575087
  vertex 0.2771677 1.418029 0.00560534
 endloop
endfacet
facet normal -0.46011522 -0.887029 0.038385533
 outer loop
  vertex 0.24666381 1.4393132 0.13180953
  vertex 0.2771677 1.418029 0.00560534
  vertex 0.3151925 1.402253 0.096839786
 endloop
endfacet
facet normal -0.9841269 -0.17549384 -0.026382908
 outer loop
  vertex 0.3424997 1.3129759 0.6464131
  vertex 0.33829418 1.3706456 0.4196785
  vertex 0.35247177 1.2939827 0.4007768
 endloop
endfacet
facet normal -0.97387064 -0.22602992 -0.022058971
 outer loop
  vertex 0.3424997 1.3129759 0.6464131
  vertex 0.35247177 1.2939827 0.4007768
  vertex 0.36299402 1.2290021 0.60206723
 endloop
endfacet
facet normal -0.9807446 -0.18282533 -0.06866416
 outer loop
  vertex 0.33829418 1.3706456 0.4196785
  vertex 0.3423083 1.4197192 0.2316804
  vertex 0.35889456 1.3386081 0.21074209
 endloop
endfacet
facet normal -0.98380387 -0.16423208 -0.07181681
 outer loop
  vertex 0.33829418 1.3706456 0.4196785
  vertex 0.35889456 1.3386081 0.21074209
  vertex 0.35247177 1.2939827 0.4007768
 endloop
endfacet
facet normal -0.90440834 -0.27018508 0.33022052
 outer loop
  vertex 0.3423083 1.4197192 0.2316804
  vertex 0.2597353 1.4539776 0.033559352
  vertex 0.27632156 1.3728665 0.012621105
 endloop
endfacet
facet normal -0.90440845 -0.270185 0.33022055
 outer loop
  vertex 0.3423083 1.4197192 0.2316804
  vertex 0.27632156 1.3728665 0.012621105
  vertex 0.35889456 1.3386081 0.21074209
 endloop
endfacet
facet normal 0.77051914 -0.3030238 -0.5607823
 outer loop
  vertex 0.48924285 1.2339551 0.52924
  vertex 0.3800735 1.326243 0.3293719
  vertex 0.4238317 1.3463464 0.378633
 endloop
endfacet
facet normal 0.20336859 -0.7402998 -0.6407788
 outer loop
  vertex 0.48924285 1.2339551 0.52924
  vertex 0.4238317 1.3463464 0.378633
  vertex 0.5620619 1.2728562 0.5074082
 endloop
endfacet
facet normal 0.11633861 -0.64272857 -0.7572088
 outer loop
  vertex 0.3800735 1.326243 0.3293719
  vertex 0.18666703 1.4811331 0.16818398
  vertex 0.25948602 1.5200342 0.14635225
 endloop
endfacet
facet normal 0.76601756 -0.11979633 -0.6315583
 outer loop
  vertex 0.3800735 1.326243 0.3293719
  vertex 0.25948602 1.5200342 0.14635225
  vertex 0.4238317 1.3463464 0.378633
 endloop
endfacet
facet normal 0.27371353 -0.80648714 -0.5240797
 outer loop
  vertex 0.18666703 1.4811331 0.16818398
  vertex 0.11027158 1.5458524 0.028690368
  vertex 0.18309057 1.5847534 0.0068585873
 endloop
endfacet
facet normal 0.27371496 -0.8064868 -0.52407944
 outer loop
  vertex 0.18666703 1.4811331 0.16818398
  vertex 0.18309057 1.5847534 0.0068585873
  vertex 0.25948602 1.5200342 0.14635225
 endloop
endfacet
facet normal -0.86136407 -0.27845576 -0.42486972
 outer loop
  vertex 0.4090349 1.3637431 0.30887222
  vertex 0.44352078 1.427699 0.1970408
  vertex 0.46480235 1.3871965 0.1804403
 endloop
endfacet
facet normal -0.8613639 -0.27845633 -0.42486975
 outer loop
  vertex 0.4090349 1.3637431 0.30887222
  vertex 0.46480235 1.3871965 0.1804403
  vertex 0.43031648 1.3232406 0.2922718
 endloop
endfacet
facet normal -0.89514554 -0.36611032 -0.2543181
 outer loop
  vertex 0.44352078 1.427699 0.1970408
  vertex 0.4550118 1.4828616 0.07718393
  vertex 0.47629339 1.4423593 0.060583502
 endloop
endfacet
facet normal -0.8951461 -0.36610913 -0.25431806
 outer loop
  vertex 0.44352078 1.427699 0.1970408
  vertex 0.47629339 1.4423593 0.060583502
  vertex 0.46480235 1.3871965 0.1804403
 endloop
endfacet
facet normal -0.89588463 -0.4362468 -0.08413912
 outer loop
  vertex 0.4550118 1.4828616 0.07718393
  vertex 0.4452531 1.5252727 -0.038802803
  vertex 0.46653464 1.4847703 -0.055403292
 endloop
endfacet
facet normal -0.8958839 -0.43624848 -0.08413908
 outer loop
  vertex 0.4550118 1.4828616 0.07718393
  vertex 0.46653464 1.4847703 -0.055403292
  vertex 0.47629339 1.4423593 0.060583502
 endloop
endfacet
facet normal 0.4437398 -0.6525107 -0.6142677
 outer loop
  vertex 0.28703162 1.4230552 0.29673392
  vertex 0.22404554 1.4770584 0.19386815
  vertex 0.2723258 1.5176569 0.18561916
 endloop
endfacet
facet normal 0.44373962 -0.6525108 -0.6142678
 outer loop
  vertex 0.28703162 1.4230552 0.29673392
  vertex 0.2723258 1.5176569 0.18561916
  vertex 0.33531192 1.4636537 0.28848493
 endloop
endfacet
facet normal 0.38247567 -0.59796476 -0.70437956
 outer loop
  vertex 0.22404554 1.4770584 0.19386815
  vertex 0.13855404 1.5557251 0.080664515
  vertex 0.18683426 1.5963235 0.07241556
 endloop
endfacet
facet normal 0.38247618 -0.59796447 -0.7043795
 outer loop
  vertex 0.22404554 1.4770584 0.19386815
  vertex 0.18683426 1.5963235 0.07241556
  vertex 0.2723258 1.5176569 0.18561916
 endloop
endfacet
facet normal 0.46286854 -0.66868496 -0.58190477
 outer loop
  vertex 0.13855404 1.5557251 0.080664515
  vertex 0.09456195 1.5923741 0.003557086
  vertex 0.1428422 1.6329725 -0.004691899
 endloop
endfacet
facet normal 0.46286905 -0.6686848 -0.5819046
 outer loop
  vertex 0.13855404 1.5557251 0.080664515
  vertex 0.1428422 1.6329725 -0.004691899
  vertex 0.18683426 1.5963235 0.07241556
 endloop
endfacet
facet normal -0.5262627 0.6482882 0.5502454
 outer loop
  vertex 0.6118422 1.2771916 0.6403346
  vertex 0.5126481 1.363422 0.44386896
  vertex 0.4494926 1.3063507 0.45070642
 endloop
endfacet
facet normal -0.5262604 0.6482915 0.55024385
 outer loop
  vertex 0.6118422 1.2771916 0.6403346
  vertex 0.4494926 1.3063507 0.45070642
  vertex 0.54868615 1.2201203 0.64717215
 endloop
endfacet
facet normal -0.66339546 0.74384737 0.0812253
 outer loop
  vertex 0.5126481 1.363422 0.44386896
  vertex 0.48393542 1.3644545 0.19990717
  vertex 0.4207799 1.3073831 0.20674461
 endloop
endfacet
facet normal -0.66339475 0.7438481 0.081224844
 outer loop
  vertex 0.5126481 1.363422 0.44386896
  vertex 0.4207799 1.3073831 0.20674461
  vertex 0.4494926 1.3063507 0.45070642
 endloop
endfacet
facet normal -0.66801876 0.74335045 0.034367584
 outer loop
  vertex 0.48393542 1.3644545 0.19990717
  vertex 0.46581262 1.3582875 -0.01896429
  vertex 0.40265706 1.301216 -0.012126863
 endloop
endfacet
facet normal -0.66801906 0.74335015 0.0343678
 outer loop
  vertex 0.48393542 1.3644545 0.19990717
  vertex 0.40265706 1.301216 -0.012126863
  vertex 0.4207799 1.3073831 0.20674461
 endloop
endfacet
facet normal 0.115685716 -0.89783233 -0.42486927
 outer loop
  vertex 0.4125915 1.5953573 0.30677056
  vertex 0.3560488 1.6409923 0.19493912
  vertex 0.39976835 1.6544812 0.17833865
 endloop
endfacet
facet normal 0.11568568 -0.89783233 -0.4248693
 outer loop
  vertex 0.4125915 1.5953573 0.30677056
  vertex 0.39976835 1.6544812 0.17833865
  vertex 0.4563111 1.6088462 0.2901701
 endloop
endfacet
facet normal 0.17426854 -0.9370869 -0.30248737
 outer loop
  vertex 0.3560488 1.6409923 0.19493912
  vertex 0.31450632 1.6628499 0.10329221
  vertex 0.35822585 1.6763389 0.08669174
 endloop
endfacet
facet normal 0.17426594 -0.93708736 -0.3024876
 outer loop
  vertex 0.3560488 1.6409923 0.19493912
  vertex 0.35822585 1.6763389 0.08669174
  vertex 0.39976835 1.6544812 0.17833865
 endloop
endfacet
facet normal 0.26446447 -0.96071804 -0.08413898
 outer loop
  vertex 0.31450632 1.6628499 0.10329221
  vertex 0.27102467 1.6610384 -0.012694538
  vertex 0.31474423 1.6745273 -0.029295027
 endloop
endfacet
facet normal 0.26446712 -0.9607173 -0.08413891
 outer loop
  vertex 0.31450632 1.6628499 0.10329221
  vertex 0.31474423 1.6745273 -0.029295027
  vertex 0.35822585 1.6763389 0.08669174
 endloop
endfacet
facet normal 0.72285086 0.31648463 -0.61426705
 outer loop
  vertex 0.24112347 1.7436652 0.34275106
  vertex 0.17648047 1.691657 0.23988527
  vertex 0.14542964 1.7465665 0.23163629
 endloop
endfacet
facet normal 0.72285116 0.31648386 -0.6142673
 outer loop
  vertex 0.24112347 1.7436652 0.34275106
  vertex 0.14542964 1.7465665 0.23163629
  vertex 0.21007265 1.7985749 0.33450207
 endloop
endfacet
facet normal 0.6579897 0.26626882 -0.7043795
 outer loop
  vertex 0.17648047 1.691657 0.23988527
  vertex 0.08346349 1.6220503 0.12668167
  vertex 0.05241264 1.6769599 0.11843267
 endloop
endfacet
facet normal 0.6579897 0.2662688 -0.70437956
 outer loop
  vertex 0.17648047 1.691657 0.23988527
  vertex 0.05241264 1.6769599 0.11843267
  vertex 0.14542964 1.7465665 0.23163629
 endloop
endfacet
facet normal 0.74225956 0.33232182 -0.5819046
 outer loop
  vertex 0.08346349 1.6220503 0.12668167
  vertex 0.039365064 1.5855293 0.049574196
  vertex 0.008314259 1.6404389 0.04132524
 endloop
endfacet
facet normal 0.74225956 0.3323219 -0.58190453
 outer loop
  vertex 0.08346349 1.6220503 0.12668167
  vertex 0.008314259 1.6404389 0.04132524
  vertex 0.05241264 1.6769599 0.11843267
 endloop
endfacet
facet normal -0.8934833 0.15903555 0.41999444
 outer loop
  vertex 0.40724918 1.5814507 0.6190654
  vertex 0.30727932 1.5350481 0.42396343
  vertex 0.30224285 1.4523399 0.44456738
 endloop
endfacet
facet normal -0.9002026 0.2578141 0.35095176
 outer loop
  vertex 0.40724918 1.5814507 0.6190654
  vertex 0.30224285 1.4523399 0.44456738
  vertex 0.3985535 1.5029757 0.6544095
 endloop
endfacet
facet normal -0.9922001 0.05856909 -0.110038854
 outer loop
  vertex 0.30727932 1.5350481 0.42396343
  vertex 0.32929936 1.4631371 0.18713756
  vertex 0.3218994 1.3812726 0.2102884
 endloop
endfacet
facet normal -0.99481946 0.036990527 -0.09468863
 outer loop
  vertex 0.30727932 1.5350481 0.42396343
  vertex 0.3218994 1.3812726 0.2102884
  vertex 0.30224285 1.4523399 0.44456738
 endloop
endfacet
facet normal -0.98796636 0.04769751 -0.1471306
 outer loop
  vertex 0.32929936 1.4631371 0.18713756
  vertex 0.35744712 1.4014903 -0.021856606
  vertex 0.35004714 1.3196259 0.0012942255
 endloop
endfacet
facet normal -0.98796636 0.047697153 -0.14713031
 outer loop
  vertex 0.32929936 1.4631371 0.18713756
  vertex 0.35004714 1.3196259 0.0012942255
  vertex 0.3218994 1.3812726 0.2102884
 endloop
endfacet
facet normal 0.84710044 -0.45898578 -0.26786736
 outer loop
  vertex 0.39654246 1.7307118 0.47308916
  vertex 0.31812623 1.6851939 0.30310076
  vertex 0.34730536 1.7583318 0.27005607
 endloop
endfacet
facet normal 0.84710026 -0.458986 -0.26786733
 outer loop
  vertex 0.39654246 1.7307118 0.47308916
  vertex 0.34730536 1.7583318 0.27005607
  vertex 0.42572162 1.8038497 0.44004446
 endloop
endfacet
facet normal 0.62572956 -0.51452965 -0.58627796
 outer loop
  vertex 0.31812623 1.6851939 0.30310076
  vertex 0.18180048 1.64662 0.19145466
  vertex 0.21097964 1.7197579 0.15841001
 endloop
endfacet
facet normal 0.62572944 -0.5145298 -0.58627784
 outer loop
  vertex 0.31812623 1.6851939 0.30310076
  vertex 0.21097964 1.7197579 0.15841001
  vertex 0.34730536 1.7583318 0.27005607
 endloop
endfacet
facet normal 0.8320953 -0.46709508 -0.29906464
 outer loop
  vertex 0.18180048 1.64662 0.19145466
  vertex 0.106784984 1.6088792 0.04168272
  vertex 0.13596416 1.6820171 0.008638054
 endloop
endfacet
facet normal 0.8320954 -0.46709487 -0.29906464
 outer loop
  vertex 0.18180048 1.64662 0.19145466
  vertex 0.13596416 1.6820171 0.008638054
  vertex 0.21097964 1.7197579 0.15841001
 endloop
endfacet
facet normal -0.5636095 -0.82484686 0.04440867
 outer loop
  vertex 0.29511124 1.4996184 0.630723
  vertex 0.2910991 1.4897751 0.39697284
  vertex 0.36162466 1.4416296 0.39778978
 endloop
endfacet
facet normal -0.5636083 -0.8248475 0.044409197
 outer loop
  vertex 0.29511124 1.4996184 0.630723
  vertex 0.36162466 1.4416296 0.39778978
  vertex 0.36563683 1.4514731 0.6315398
 endloop
endfacet
facet normal -0.5638501 -0.82585955 0.0053879786
 outer loop
  vertex 0.2910991 1.4897751 0.39697284
  vertex 0.29287943 1.4872918 0.20265608
  vertex 0.363405 1.4391463 0.20347302
 endloop
endfacet
facet normal -0.5638492 -0.82586014 0.005388502
 outer loop
  vertex 0.2910991 1.4897751 0.39697284
  vertex 0.363405 1.4391463 0.20347302
  vertex 0.36162466 1.4416296 0.39778978
 endloop
endfacet
facet normal -0.5171933 -0.7506259 0.4111836
 outer loop
  vertex 0.29287943 1.4872918 0.20265608
  vertex 0.24405223 1.4124063 0.004535109
  vertex 0.31457782 1.3642606 0.0053520203
 endloop
endfacet
facet normal -0.51719165 -0.7506266 0.41118422
 outer loop
  vertex 0.29287943 1.4872918 0.20265608
  vertex 0.31457782 1.3642606 0.0053520203
  vertex 0.363405 1.4391463 0.20347302
 endloop
endfacet
facet normal 0.45226166 -0.88834316 0.07940979
 outer loop
  vertex 0.42147246 1.5168989 0.8279101
  vertex 0.32413253 1.435725 0.47421116
  vertex 0.4391006 1.4777986 0.2901049
 endloop
endfacet
facet normal 0.2706759 -0.95945406 0.0786278
 outer loop
  vertex 0.42147246 1.5168989 0.8279101
  vertex 0.4391006 1.4777986 0.2901049
  vertex 0.5103497 1.5394685 0.7973563
 endloop
endfacet
facet normal 0.105429895 -0.9617535 -0.25281373
 outer loop
  vertex 0.32413253 1.435725 0.47421116
  vertex 0.27366108 1.5202389 0.13165565
  vertex 0.3536535 1.5357292 0.10608642
 endloop
endfacet
facet normal -0.07612531 -0.9606637 -0.26707712
 outer loop
  vertex 0.32413253 1.435725 0.47421116
  vertex 0.3536535 1.5357292 0.10608642
  vertex 0.4391006 1.4777986 0.2901049
 endloop
endfacet
facet normal 0.26849714 -0.9210849 0.28197834
 outer loop
  vertex 0.27366108 1.5202389 0.13165565
  vertex 0.2511762 1.4857543 0.040421188
  vertex 0.33116862 1.5012444 0.014851958
 endloop
endfacet
facet normal 0.2684986 -0.9210843 0.28197896
 outer loop
  vertex 0.27366108 1.5202389 0.13165565
  vertex 0.33116862 1.5012444 0.014851958
  vertex 0.3536535 1.5357292 0.10608642
 endloop
endfacet
facet normal 0.75772625 0.34764203 -0.55226433
 outer loop
  vertex 0.2657154 1.7146714 0.3912146
  vertex 0.19041651 1.6472204 0.2454425
  vertex 0.14808917 1.7204111 0.23344031
 endloop
endfacet
facet normal 0.757726 0.34764302 -0.55226415
 outer loop
  vertex 0.2657154 1.7146714 0.3912146
  vertex 0.14808917 1.7204111 0.23344031
  vertex 0.22338796 1.7878621 0.37921244
 endloop
endfacet
facet normal 0.66796196 0.27274856 -0.6924125
 outer loop
  vertex 0.19041651 1.6472204 0.2454425
  vertex 0.12757643 1.5523189 0.14743873
  vertex 0.08524905 1.6255095 0.13543656
 endloop
endfacet
facet normal 0.6679622 0.27274787 -0.6924125
 outer loop
  vertex 0.19041651 1.6472204 0.2454425
  vertex 0.08524905 1.6255095 0.13543656
  vertex 0.14808917 1.7204111 0.23344031
 endloop
endfacet
facet normal 0.7744595 0.36290947 -0.51817876
 outer loop
  vertex 0.12757643 1.5523189 0.14743873
  vertex 0.07689696 1.5051748 0.03867653
  vertex 0.034569588 1.5783653 0.02667433
 endloop
endfacet
facet normal 0.7744594 0.36290962 -0.51817864
 outer loop
  vertex 0.12757643 1.5523189 0.14743873
  vertex 0.034569588 1.5783653 0.02667433
  vertex 0.08524905 1.6255095 0.13543656
 endloop
endfacet
facet normal -0.086123854 0.8705563 -0.48447335
 outer loop
  vertex 0.25151494 1.6757908 0.48945463
  vertex 0.16302511 1.5376103 0.25688702
  vertex 0.082194716 1.5444633 0.2835703
 endloop
endfacet
facet normal -0.08612409 0.87055635 -0.4844732
 outer loop
  vertex 0.25151494 1.6757908 0.48945463
  vertex 0.082194716 1.5444633 0.2835703
  vertex 0.17068455 1.6826438 0.51613796
 endloop
endfacet
facet normal -0.01126353 0.8949334 -0.4460576
 outer loop
  vertex 0.16302511 1.5376103 0.25688702
  vertex 0.1896745 1.5204042 0.22169323
  vertex 0.10646657 1.5281237 0.23928215
 endloop
endfacet
facet normal -0.04200558 0.9296631 -0.36600816
 outer loop
  vertex 0.16302511 1.5376103 0.25688702
  vertex 0.10646657 1.5281237 0.23928215
  vertex 0.082194716 1.5444633 0.2835703
 endloop
endfacet
facet normal 0.011433281 0.9344137 -0.35600606
 outer loop
  vertex 0.1896745 1.5204042 0.22169323
  vertex 0.14084731 1.4455187 0.023572236
  vertex 0.057639353 1.4532381 0.04116118
 endloop
endfacet
facet normal 0.011434564 0.9344134 -0.35600692
 outer loop
  vertex 0.1896745 1.5204042 0.22169323
  vertex 0.057639353 1.4532381 0.04116118
  vertex 0.10646657 1.5281237 0.23928215
 endloop
endfacet
facet normal 0.24910088 0.71844923 -0.6494455
 outer loop
  vertex 0.24612775 1.6822884 0.34929946
  vertex 0.19650456 1.6100677 0.25037187
  vertex 0.1397112 1.6374446 0.25887394
 endloop
endfacet
facet normal 0.24910124 0.7184489 -0.6494458
 outer loop
  vertex 0.24612775 1.6822884 0.34929946
  vertex 0.1397112 1.6374446 0.25887394
  vertex 0.18933445 1.7096653 0.3578015
 endloop
endfacet
facet normal 0.20158197 0.64664626 -0.73567206
 outer loop
  vertex 0.19650456 1.6100677 0.25037187
  vertex 0.13113326 1.5079056 0.14266025
  vertex 0.07433994 1.5352826 0.15116231
 endloop
endfacet
facet normal 0.20158102 0.64664716 -0.73567146
 outer loop
  vertex 0.19650456 1.6100677 0.25037187
  vertex 0.07433994 1.5352826 0.15116231
  vertex 0.1397112 1.6374446 0.25887394
 endloop
endfacet
facet normal 0.2642568 0.7402079 -0.6182723
 outer loop
  vertex 0.13113326 1.5079056 0.14266025
  vertex 0.09607944 1.4582876 0.06827417
  vertex 0.039286133 1.4856645 0.07677621
 endloop
endfacet
facet normal 0.26425746 0.7402071 -0.6182729
 outer loop
  vertex 0.13113326 1.5079056 0.14266025
  vertex 0.039286133 1.4856645 0.07677621
  vertex 0.07433994 1.5352826 0.15116231
 endloop
endfacet
facet normal 0.47248113 -0.63352543 -0.61270475
 outer loop
  vertex 0.36710784 1.621521 0.29382896
  vertex 0.2685647 1.634083 0.2048495
  vertex 0.29194638 1.6714612 0.18423168
 endloop
endfacet
facet normal 0.4724811 -0.63352543 -0.61270475
 outer loop
  vertex 0.36710784 1.621521 0.29382896
  vertex 0.29194638 1.6714612 0.18423168
  vertex 0.39048952 1.6588992 0.27321115
 endloop
endfacet
facet normal 0.57187414 -0.6404774 -0.51259005
 outer loop
  vertex 0.2685647 1.634083 0.2048495
  vertex 0.20009361 1.6344943 0.12794544
  vertex 0.2234753 1.6718725 0.107327595
 endloop
endfacet
facet normal 0.57187456 -0.64047706 -0.5125901
 outer loop
  vertex 0.2685647 1.634083 0.2048495
  vertex 0.2234753 1.6718725 0.107327595
  vertex 0.29194638 1.6714612 0.18423168
 endloop
endfacet
facet normal 0.7125181 -0.6233672 -0.3220734
 outer loop
  vertex 0.20009361 1.6344943 0.12794544
  vertex 0.1367393 1.6162703 0.023059875
  vertex 0.160121 1.6536485 0.002442032
 endloop
endfacet
facet normal 0.7125181 -0.6233672 -0.3220734
 outer loop
  vertex 0.20009361 1.6344943 0.12794544
  vertex 0.160121 1.6536485 0.002442032
  vertex 0.2234753 1.6718725 0.107327595
 endloop
endfacet
facet normal -0.6659044 0.69361925 -0.27470666
 outer loop
  vertex 0.2994193 1.6470107 0.5279709
  vertex 0.24452609 1.5002134 0.29038006
  vertex 0.23558316 1.5159208 0.3517185
 endloop
endfacet
facet normal -0.665905 0.6936187 -0.2747061
 outer loop
  vertex 0.2994193 1.6470107 0.5279709
  vertex 0.23558316 1.5159208 0.3517185
  vertex 0.23787618 1.6040664 0.5687232
 endloop
endfacet
facet normal -0.6033961 0.76821655 -0.2139073
 outer loop
  vertex 0.24452609 1.5002134 0.29038006
  vertex 0.27327275 1.4988222 0.20429441
  vertex 0.2070384 1.4558648 0.236855
 endloop
endfacet
facet normal -0.53763324 0.7946658 -0.28188092
 outer loop
  vertex 0.24452609 1.5002134 0.29038006
  vertex 0.2070384 1.4558648 0.236855
  vertex 0.23558316 1.5159208 0.3517185
 endloop
endfacet
facet normal -0.5898835 0.7926249 -0.15421805
 outer loop
  vertex 0.27327275 1.4988222 0.20429441
  vertex 0.22444555 1.4239366 0.006173402
  vertex 0.1582112 1.3809792 0.03873396
 endloop
endfacet
facet normal -0.58988357 0.7926249 -0.154218
 outer loop
  vertex 0.27327275 1.4988222 0.20429441
  vertex 0.1582112 1.3809792 0.03873396
  vertex 0.2070384 1.4558648 0.236855
 endloop
endfacet
facet normal 0.27584654 0.7594684 -0.5891658
 outer loop
  vertex 0.24833935 1.6564753 0.41886523
  vertex 0.25907284 1.5728482 0.31609052
  vertex 0.11094627 1.6046431 0.28772333
 endloop
endfacet
facet normal 0.2758466 0.75946844 -0.5891658
 outer loop
  vertex 0.24833935 1.6564753 0.41886523
  vertex 0.11094627 1.6046431 0.28772333
  vertex 0.1716305 1.6924977 0.42938522
 endloop
endfacet
facet normal 0.2321915 0.6935935 -0.68192023
 outer loop
  vertex 0.25907284 1.5728482 0.31609052
  vertex 0.17783502 1.4457004 0.15910499
  vertex 0.101126224 1.4817228 0.16962497
 endloop
endfacet
facet normal 0.2753352 0.654514 -0.7041321
 outer loop
  vertex 0.25907284 1.5728482 0.31609052
  vertex 0.101126224 1.4817228 0.16962497
  vertex 0.11094627 1.6046431 0.28772333
 endloop
endfacet
facet normal 0.2896128 0.779096 -0.555998
 outer loop
  vertex 0.17783502 1.4457004 0.15910499
  vertex 0.13522568 1.385913 0.053132802
  vertex 0.058516916 1.4219354 0.06365278
 endloop
endfacet
facet normal 0.2896127 0.7790961 -0.55599797
 outer loop
  vertex 0.17783502 1.4457004 0.15910499
  vertex 0.058516916 1.4219354 0.06365278
  vertex 0.101126224 1.4817228 0.16962497
 endloop
endfacet
facet normal 0.8649956 -0.4679115 -0.18122183
 outer loop
  vertex 0.4801346 1.5362401 0.79681736
  vertex 0.35626918 1.4394262 0.4555632
  vertex 0.37834677 1.5531688 0.2672611
 endloop
endfacet
facet normal 0.7583077 -0.63043094 -0.16591033
 outer loop
  vertex 0.4801346 1.5362401 0.79681736
  vertex 0.37834677 1.5531688 0.2672611
  vertex 0.53111887 1.6080474 0.75699
 endloop
endfacet
facet normal 0.5429244 -0.70380896 -0.45813325
 outer loop
  vertex 0.35626918 1.4394262 0.4555632
  vertex 0.18259561 1.5036856 0.15102741
  vertex 0.2316002 1.5642512 0.11605762
 endloop
endfacet
facet normal 0.39355093 -0.8065829 -0.4410688
 outer loop
  vertex 0.35626918 1.4394262 0.4555632
  vertex 0.2316002 1.5642512 0.11605762
  vertex 0.37834677 1.5531688 0.2672611
 endloop
endfacet
facet normal 0.7875493 -0.6150549 0.03838563
 outer loop
  vertex 0.18259561 1.5036856 0.15102741
  vertex 0.16011077 1.4692008 0.059792966
  vertex 0.20911533 1.5297664 0.024823159
 endloop
endfacet
facet normal 0.78754914 -0.61505526 0.038385533
 outer loop
  vertex 0.18259561 1.5036856 0.15102741
  vertex 0.20911533 1.5297664 0.024823159
  vertex 0.2316002 1.5642512 0.11605762
 endloop
endfacet
facet normal 0.009387056 -0.99948156 -0.030798608
 outer loop
  vertex 0.32394987 1.5263748 0.6412579
  vertex 0.26648736 1.5328219 0.41452238
  vertex 0.34926468 1.5342445 0.39358407
 endloop
endfacet
facet normal 0.009386935 -0.99948156 -0.030798621
 outer loop
  vertex 0.32394987 1.5263748 0.6412579
  vertex 0.34926468 1.5342445 0.39358407
  vertex 0.40672734 1.5277975 0.6203193
 endloop
endfacet
facet normal -0.013679333 -0.9924961 -0.12150897
 outer loop
  vertex 0.26648736 1.5328219 0.41452238
  vertex 0.22496057 1.553824 0.24765077
  vertex 0.3077379 1.5552465 0.2267125
 endloop
endfacet
facet normal -0.013677864 -0.99249613 -0.12150866
 outer loop
  vertex 0.26648736 1.5328219 0.41452238
  vertex 0.3077379 1.5552465 0.2267125
  vertex 0.34926468 1.5342445 0.39358407
 endloop
endfacet
facet normal 0.09965888 -0.9386278 0.33022124
 outer loop
  vertex 0.22496057 1.553824 0.24765077
  vertex 0.17613336 1.4789382 0.04952979
  vertex 0.2589107 1.4803607 0.028591484
 endloop
endfacet
facet normal 0.09965878 -0.9386278 0.3302212
 outer loop
  vertex 0.22496057 1.553824 0.24765077
  vertex 0.2589107 1.4803607 0.028591484
  vertex 0.3077379 1.5552465 0.2267125
 endloop
endfacet
facet normal 0.85855764 0.13410863 -0.49486732
 outer loop
  vertex 0.3330479 1.7090977 0.46507955
  vertex 0.2517665 1.6390338 0.30507517
  vertex 0.22688654 1.7177541 0.28324345
 endloop
endfacet
facet normal 0.8585579 0.13410662 -0.49486756
 outer loop
  vertex 0.3330479 1.7090977 0.46507955
  vertex 0.22688654 1.7177541 0.28324345
  vertex 0.30816805 1.7878181 0.4432477
 endloop
endfacet
facet normal 0.6305935 -0.015894938 -0.77595055
 outer loop
  vertex 0.2517665 1.6390338 0.30507517
  vertex 0.13528982 1.5370443 0.21250701
  vertex 0.11040989 1.6157646 0.19067524
 endloop
endfacet
facet normal 0.6305933 -0.015894227 -0.7759507
 outer loop
  vertex 0.2517665 1.6390338 0.30507517
  vertex 0.11040989 1.6157646 0.19067524
  vertex 0.22688654 1.7177541 0.28324345
 endloop
endfacet
facet normal 0.8430164 0.121094376 -0.5240797
 outer loop
  vertex 0.13528982 1.5370443 0.21250701
  vertex 0.057652317 1.4738203 0.073013425
  vertex 0.032772377 1.5525407 0.051181614
 endloop
endfacet
facet normal 0.8430164 0.121094525 -0.5240797
 outer loop
  vertex 0.13528982 1.5370443 0.21250701
  vertex 0.032772377 1.5525407 0.051181614
  vertex 0.11040989 1.6157646 0.19067524
 endloop
endfacet
facet normal -0.6115083 -0.44138417 0.6566869
 outer loop
  vertex 0.4444375 1.668786 0.59985805
  vertex 0.33054847 1.5997393 0.44739538
  vertex 0.38182113 1.5253211 0.44512132
 endloop
endfacet
facet normal -0.8190366 -0.2158716 0.53158104
 outer loop
  vertex 0.4444375 1.668786 0.59985805
  vertex 0.38182113 1.5253211 0.44512132
  vertex 0.48569846 1.6059554 0.63791597
 endloop
endfacet
facet normal -0.8533086 -0.5176411 0.06254736
 outer loop
  vertex 0.33054847 1.5997393 0.44739538
  vertex 0.33374766 1.5667169 0.21774769
  vertex 0.37826258 1.4941622 0.22458515
 endloop
endfacet
facet normal -0.818547 -0.56681347 0.09329143
 outer loop
  vertex 0.33054847 1.5997393 0.44739538
  vertex 0.37826258 1.4941622 0.22458515
  vertex 0.38182113 1.5253211 0.44512132
 endloop
endfacet
facet normal -0.85329795 -0.5202899 0.034367338
 outer loop
  vertex 0.33374766 1.5667169 0.21774769
  vertex 0.33648494 1.5477703 -0.001123786
  vertex 0.38099983 1.4752156 0.0057136714
 endloop
endfacet
facet normal -0.8532977 -0.52029014 0.034367483
 outer loop
  vertex 0.33374766 1.5667169 0.21774769
  vertex 0.38099983 1.4752156 0.0057136714
  vertex 0.37826258 1.4941622 0.22458515
 endloop
endfacet
facet normal 0.90169984 -0.08014504 -0.42486948
 outer loop
  vertex 0.1801127 1.6840755 0.30409515
  vertex 0.12338364 1.6386725 0.19226371
  vertex 0.11961451 1.68427 0.17566322
 endloop
endfacet
facet normal 0.9016999 -0.08014479 -0.42486948
 outer loop
  vertex 0.1801127 1.6840755 0.30409515
  vertex 0.11961451 1.68427 0.17566322
  vertex 0.17634358 1.7296731 0.28749466
 endloop
endfacet
facet normal 0.9526366 -0.031379394 -0.3024878
 outer loop
  vertex 0.12338364 1.6386725 0.19226371
  vertex 0.09310179 1.602804 0.10061681
  vertex 0.089332655 1.6484016 0.08401632
 endloop
endfacet
facet normal 0.95263654 -0.031379662 -0.3024878
 outer loop
  vertex 0.12338364 1.6386725 0.19226371
  vertex 0.089332655 1.6484016 0.08401632
  vertex 0.11961451 1.68427 0.17566322
 endloop
endfacet
facet normal 0.9951158 0.051624727 -0.084139265
 outer loop
  vertex 0.09310179 1.602804 0.10061681
  vertex 0.08551802 1.5599504 -0.015369922
  vertex 0.08174889 1.605548 -0.03197041
 endloop
endfacet
facet normal 0.99511576 0.051624883 -0.084139265
 outer loop
  vertex 0.09310179 1.602804 0.10061681
  vertex 0.08174889 1.605548 -0.03197041
  vertex 0.089332655 1.6484016 0.08401632
 endloop
endfacet
facet normal -0.15358977 0.77400607 -0.6142678
 outer loop
  vertex -0.10723182 1.812143 0.34007564
  vertex -0.07034559 1.737826 0.23720986
  vertex -0.13064888 1.7193131 0.22896087
 endloop
endfacet
facet normal -0.15359285 0.77400595 -0.61426705
 outer loop
  vertex -0.10723182 1.812143 0.34007564
  vertex -0.13064888 1.7193131 0.22896087
  vertex -0.16753513 1.7936299 0.33182666
 endloop
endfacet
facet normal -0.118502796 0.69986206 -0.70437926
 outer loop
  vertex -0.07034559 1.737826 0.23720986
  vertex -0.022376306 1.632014 0.12400626
  vertex -0.08267959 1.6135011 0.11575727
 endloop
endfacet
facet normal -0.118501395 0.69986206 -0.70437944
 outer loop
  vertex -0.07034559 1.737826 0.23720986
  vertex -0.08267959 1.6135011 0.11575727
  vertex -0.13064888 1.7193131 0.22896087
 endloop
endfacet
facet normal -0.16488142 0.79636705 -0.5819051
 outer loop
  vertex -0.022376306 1.632014 0.12400626
  vertex 0.003804192 1.5810921 0.046898812
  vertex -0.0564991 1.5625793 0.038649827
 endloop
endfacet
facet normal -0.16488312 0.79636717 -0.58190453
 outer loop
  vertex -0.022376306 1.632014 0.12400626
  vertex -0.0564991 1.5625793 0.038649827
  vertex -0.08267959 1.6135011 0.11575727
 endloop
endfacet
facet normal -0.37854555 -0.847523 0.37203228
 outer loop
  vertex -0.036348246 1.5669136 0.6291413
  vertex -0.0076136515 1.4619657 0.4192981
  vertex 0.07074283 1.4371302 0.44244897
 endloop
endfacet
facet normal -0.3785497 -0.84752244 0.37202945
 outer loop
  vertex -0.036348246 1.5669136 0.6291413
  vertex 0.07074283 1.4371302 0.44244897
  vertex 0.042008206 1.5420778 0.6522924
 endloop
endfacet
facet normal -0.2744295 -0.95665675 -0.0974484
 outer loop
  vertex -0.0076136515 1.4619657 0.4192981
  vertex 0.05726669 1.4650098 0.20670082
  vertex 0.13562323 1.440174 0.22985166
 endloop
endfacet
facet normal -0.27442643 -0.9566579 -0.09744593
 outer loop
  vertex -0.0076136515 1.4619657 0.4192981
  vertex 0.13562323 1.440174 0.22985166
  vertex 0.07074283 1.4371302 0.44244897
 endloop
endfacet
facet normal -0.25909257 -0.95458037 -0.14713022
 outer loop
  vertex 0.05726669 1.4650098 0.20670082
  vertex 0.123525 1.4792384 -0.002293378
  vertex 0.20188154 1.4544026 0.020857483
 endloop
endfacet
facet normal -0.25909266 -0.9545803 -0.14713025
 outer loop
  vertex 0.05726669 1.4650098 0.20670082
  vertex 0.20188154 1.4544026 0.020857483
  vertex 0.13562323 1.440174 0.22985166
 endloop
endfacet
facet normal 0.6304535 0.7285434 -0.2678675
 outer loop
  vertex 0.031026952 1.8330469 0.47041374
  vertex 0.05861208 1.7466753 0.30042538
  vertex -0.0065373406 1.7909033 0.26738065
 endloop
endfacet
facet normal 0.6304541 0.72854275 -0.2678675
 outer loop
  vertex 0.031026952 1.8330469 0.47041374
  vertex -0.0065373406 1.7909033 0.26738065
  vertex -0.03412249 1.8772751 0.43736905
 endloop
endfacet
facet normal 0.63708067 0.50040674 -0.5862774
 outer loop
  vertex 0.05861208 1.7466753 0.30042538
  vertex 0.066959366 1.6052433 0.18877928
  vertex 0.0018099472 1.6494715 0.1557346
 endloop
endfacet
facet normal 0.6370804 0.500407 -0.58627754
 outer loop
  vertex 0.05861208 1.7466753 0.30042538
  vertex 0.0018099472 1.6494715 0.1557346
  vertex -0.0065373406 1.7909033 0.26738065
 endloop
endfacet
facet normal 0.6351448 0.7121456 -0.2990647
 outer loop
  vertex 0.066959366 1.6052433 0.18877928
  vertex 0.08768082 1.5238658 0.039007306
  vertex 0.022531375 1.5680939 0.0059626102
 endloop
endfacet
facet normal 0.6351458 0.71214473 -0.29906476
 outer loop
  vertex 0.066959366 1.6052433 0.18877928
  vertex 0.022531375 1.5680939 0.0059626102
  vertex 0.0018099472 1.6494715 0.1557346
 endloop
endfacet
facet normal 0.6843069 -0.72784054 0.044408776
 outer loop
  vertex 0.08533228 1.4510514 0.6280477
  vertex 0.09408221 1.4450158 0.39429742
  vertex 0.15627088 1.5035347 0.39511433
 endloop
endfacet
facet normal 0.6843064 -0.727841 0.044408478
 outer loop
  vertex 0.08533228 1.4510514 0.6280477
  vertex 0.15627088 1.5035347 0.39511433
  vertex 0.14752093 1.5095701 0.6288645
 endloop
endfacet
facet normal 0.6847962 -0.72705525 -0.0494441
 outer loop
  vertex 0.09408221 1.4450158 0.39429742
  vertex 0.0901542 1.4530816 0.22129032
  vertex 0.15234292 1.5116001 0.22210725
 endloop
endfacet
facet normal 0.6847988 -0.72705305 -0.04944238
 outer loop
  vertex 0.09408221 1.4450158 0.39429742
  vertex 0.15234292 1.5116001 0.22210725
  vertex 0.15627088 1.5035347 0.39511433
 endloop
endfacet
facet normal 0.6218074 -0.666546 0.41118363
 outer loop
  vertex 0.0901542 1.4530816 0.22129032
  vertex 0.1527841 1.3892895 0.023169339
  vertex 0.2149728 1.447808 0.02398625
 endloop
endfacet
facet normal 0.6218073 -0.6665462 0.41118357
 outer loop
  vertex 0.0901542 1.4530816 0.22129032
  vertex 0.2149728 1.447808 0.02398625
  vertex 0.15234292 1.5116001 0.22210725
 endloop
endfacet
facet normal 0.9875733 0.023572689 0.15538111
 outer loop
  vertex 0.21154258 1.6734031 0.5149855
  vertex 0.259537 1.5232058 0.23272814
  vertex 0.2719572 1.642333 0.13571516
 endloop
endfacet
facet normal 0.9875734 0.023572987 0.15538113
 outer loop
  vertex 0.21154258 1.6734031 0.5149855
  vertex 0.2719572 1.642333 0.13571516
  vertex 0.21362127 1.754855 0.48941654
 endloop
endfacet
facet normal 0.75202066 -0.21481168 -0.6231539
 outer loop
  vertex 0.259537 1.5232058 0.23272814
  vertex 0.16525477 1.4941045 0.12898025
  vertex 0.16733348 1.5755564 0.10341099
 endloop
endfacet
facet normal 0.5493789 -0.56132644 -0.618947
 outer loop
  vertex 0.259537 1.5232058 0.23272814
  vertex 0.16733348 1.5755564 0.10341099
  vertex 0.2719572 1.642333 0.13571516
 endloop
endfacet
facet normal 0.9572778 0.06408774 0.28197873
 outer loop
  vertex 0.16525477 1.4941045 0.12898025
  vertex 0.19409575 1.4647284 0.037745804
  vertex 0.19617447 1.5461802 0.0121765435
 endloop
endfacet
facet normal 0.9572778 0.064087935 0.2819788
 outer loop
  vertex 0.16525477 1.4941045 0.12898025
  vertex 0.19617447 1.5461802 0.0121765435
  vertex 0.16733348 1.5755564 0.10341099
 endloop
endfacet
facet normal -0.17651802 0.81476676 -0.552265
 outer loop
  vertex -0.082167424 1.7505188 0.38853922
  vertex -0.032492064 1.6624737 0.2427671
  vertex -0.11307407 1.6368804 0.23076493
 endloop
endfacet
facet normal -0.17651805 0.8147667 -0.55226487
 outer loop
  vertex -0.082167424 1.7505188 0.38853922
  vertex -0.11307407 1.6368804 0.23076493
  vertex -0.16274941 1.7249255 0.37653705
 endloop
endfacet
facet normal -0.122685395 0.7109946 -0.6924125
 outer loop
  vertex -0.032492064 1.6624737 0.2427671
  vertex 0.046671025 1.5806912 0.14476332
  vertex -0.033910953 1.5550979 0.13276115
 endloop
endfacet
facet normal -0.12268536 0.71099454 -0.6924125
 outer loop
  vertex -0.032492064 1.6624737 0.2427671
  vertex -0.033910953 1.5550979 0.13276115
  vertex -0.11307407 1.6368804 0.23076493
 endloop
endfacet
facet normal -0.18782821 0.83439296 -0.5181786
 outer loop
  vertex 0.046671025 1.5806912 0.14476332
  vertex 0.0818105 1.5210574 0.036001116
  vertex 0.0012285188 1.4954641 0.023998916
 endloop
endfacet
facet normal -0.18782845 0.8343929 -0.5181785
 outer loop
  vertex 0.046671025 1.5806912 0.14476332
  vertex 0.0012285188 1.4954641 0.023998916
  vertex -0.033910953 1.5550979 0.13276115
 endloop
endfacet
facet normal -0.8687036 0.103149116 -0.48447314
 outer loop
  vertex -0.18258134 1.6577138 0.5058553
  vertex -0.066669576 1.5415727 0.2732876
  vertex -0.09796176 1.5398335 0.329027
 endloop
endfacet
facet normal -0.8687037 0.103148825 -0.48447296
 outer loop
  vertex -0.18258134 1.6577138 0.5058553
  vertex -0.09796176 1.5398335 0.329027
  vertex -0.20666054 1.5802495 0.53253865
 endloop
endfacet
facet normal -0.87785715 0.18270437 -0.44270304
 outer loop
  vertex -0.066669576 1.5415727 0.2732876
  vertex -0.031955056 1.5768701 0.2190178
  vertex -0.057391874 1.4972703 0.23660673
 endloop
endfacet
facet normal -0.85482675 0.21282794 -0.47326046
 outer loop
  vertex -0.066669576 1.5415727 0.2732876
  vertex -0.057391874 1.4972703 0.23660673
  vertex -0.09796176 1.5398335 0.329027
 endloop
endfacet
facet normal -0.9100813 0.21215887 -0.3560066
 outer loop
  vertex -0.031955056 1.5768701 0.2190178
  vertex 0.030674852 1.513078 0.020896822
  vertex 0.0052380487 1.4334782 0.038485736
 endloop
endfacet
facet normal -0.91008127 0.21215895 -0.35600662
 outer loop
  vertex -0.031955056 1.5768701 0.2190178
  vertex 0.0052380487 1.4334782 0.038485736
  vertex -0.057391874 1.4972703 0.23660673
 endloop
endfacet
facet normal -0.64804983 0.39780876 -0.6494456
 outer loop
  vertex -0.13186893 1.7121506 0.34662402
  vertex -0.072012775 1.6481543 0.24769646
  vertex -0.11096511 1.5985792 0.25619856
 endloop
endfacet
facet normal -0.64804965 0.39780885 -0.64944565
 outer loop
  vertex -0.13186893 1.7121506 0.34662402
  vertex -0.11096511 1.5985792 0.25619856
  vertex -0.17082128 1.6625755 0.3551261
 endloop
endfacet
facet normal -0.58814985 0.33595663 -0.73567176
 outer loop
  vertex -0.072012775 1.6481543 0.24769646
  vertex 0.013696514 1.5623381 0.13998483
  vertex -0.025255822 1.512763 0.1484869
 endloop
endfacet
facet normal -0.58815 0.3359564 -0.73567164
 outer loop
  vertex -0.072012775 1.6481543 0.24769646
  vertex -0.025255822 1.512763 0.1484869
  vertex -0.11096511 1.5985792 0.25619856
 endloop
endfacet
facet normal -0.66603965 0.41728973 -0.6182721
 outer loop
  vertex 0.013696514 1.5623381 0.13998483
  vertex 0.05461297 1.517432 0.065598726
  vertex 0.015660658 1.4678569 0.07410082
 endloop
endfacet
facet normal -0.66603917 0.41729 -0.6182725
 outer loop
  vertex 0.013696514 1.5623381 0.13998483
  vertex 0.015660658 1.4678569 0.07410082
  vertex -0.025255822 1.512763 0.1484869
 endloop
endfacet
facet normal 0.72032696 0.32514995 -0.6127042
 outer loop
  vertex 0.06760573 1.7461563 0.29115352
  vertex 0.034141187 1.652622 0.20217405
  vertex 0.0026673377 1.6834965 0.18155624
 endloop
endfacet
facet normal 0.720327 0.3251499 -0.6127043
 outer loop
  vertex 0.06760573 1.7461563 0.29115352
  vertex 0.0026673377 1.6834965 0.18155624
  vertex 0.03613188 1.7770308 0.2705357
 endloop
endfacet
facet normal 0.7484953 0.42072022 -0.5125907
 outer loop
  vertex 0.034141187 1.652622 0.20217405
  vertex 0.019011289 1.5858421 0.12527002
  vertex -0.012462571 1.6167166 0.10465218
 endloop
endfacet
facet normal 0.7484952 0.4207204 -0.5125907
 outer loop
  vertex 0.034141187 1.652622 0.20217405
  vertex -0.012462571 1.6167166 0.10465218
  vertex 0.0026673377 1.6834965 0.18155624
 endloop
endfacet
facet normal 0.7620373 0.5617541 -0.3220739
 outer loop
  vertex 0.019011289 1.5858421 0.12527002
  vertex 0.023181148 1.5200509 0.02038443
  vertex -0.008292712 1.5509253 -0.00023335218
 endloop
endfacet
facet normal 0.7620384 0.56175256 -0.32207373
 outer loop
  vertex 0.019011289 1.5858421 0.12527002
  vertex -0.008292712 1.5509253 -0.00023335218
  vertex -0.012462571 1.6167166 0.10465218
 endloop
endfacet
facet normal -0.82061857 -0.50112015 -0.27470648
 outer loop
  vertex -0.17593455 1.642784 0.5491185
  vertex -0.044380866 1.5575995 0.31152767
  vertex -0.015679814 1.4882598 0.35228
 endloop
endfacet
facet normal -0.82061875 -0.5011197 -0.2747071
 outer loop
  vertex -0.17593455 1.642784 0.5491185
  vertex -0.015679814 1.4882598 0.35228
  vertex -0.14723334 1.5734441 0.58987033
 endloop
endfacet
facet normal -0.6893088 -0.49240053 -0.53140855
 outer loop
  vertex -0.044380866 1.5575995 0.31152767
  vertex 0.036925424 1.5393971 0.22292867
  vertex 0.06463032 1.4654732 0.25548923
 endloop
endfacet
facet normal -0.6999599 -0.55435884 -0.45026934
 outer loop
  vertex -0.044380866 1.5575995 0.31152767
  vertex 0.06463032 1.4654732 0.25548923
  vertex -0.015679814 1.4882598 0.35228
 endloop
endfacet
facet normal -0.900955 -0.40558237 -0.15421772
 outer loop
  vertex 0.036925424 1.5393971 0.22292867
  vertex 0.09955533 1.475605 0.024807632
  vertex 0.12726024 1.401681 0.05736822
 endloop
endfacet
facet normal -0.9009549 -0.4055827 -0.15421739
 outer loop
  vertex 0.036925424 1.5393971 0.22292867
  vertex 0.12726024 1.401681 0.05736822
  vertex 0.06463032 1.4654732 0.25548923
 endloop
endfacet
facet normal -0.68235517 0.4327526 -0.58916605
 outer loop
  vertex -0.113610394 1.6279674 0.4161898
  vertex -0.04086552 1.549806 0.2745279
  vertex -0.08131134 1.5532967 0.32393506
 endloop
endfacet
facet normal -0.6823568 0.43275103 -0.5891654
 outer loop
  vertex -0.113610394 1.6279674 0.4161898
  vertex -0.08131134 1.5532967 0.32393506
  vertex -0.16528967 1.5608025 0.4267098
 endloop
endfacet
facet normal -0.60546815 0.35424444 -0.71268445
 outer loop
  vertex -0.04086552 1.549806 0.2745279
  vertex 0.07706519 1.5137757 0.1564296
  vertex 0.025385916 1.4466109 0.16694956
 endloop
endfacet
facet normal -0.756172 0.17255837 -0.6312111
 outer loop
  vertex -0.04086552 1.549806 0.2745279
  vertex 0.025385916 1.4466109 0.16694956
  vertex -0.08131134 1.5532967 0.32393506
 endloop
endfacet
facet normal -0.6985634 0.4504172 -0.55599785
 outer loop
  vertex 0.07706519 1.5137757 0.1564296
  vertex 0.12628779 1.4593035 0.05045739
  vertex 0.074608505 1.3921387 0.06097737
 endloop
endfacet
facet normal -0.6985633 0.4504172 -0.5559979
 outer loop
  vertex 0.07706519 1.5137757 0.1564296
  vertex 0.074608505 1.3921387 0.06097737
  vertex 0.025385916 1.4466109 0.16694956
 endloop
endfacet
facet normal 0.8020957 0.5909784 -0.085948505
 outer loop
  vertex 0.08870273 1.7464902 0.48283595
  vertex 0.1566061 1.6046997 0.14158359
  vertex 0.107999116 1.6655849 0.10661362
 endloop
endfacet
facet normal 0.80209595 0.5909779 -0.08594839
 outer loop
  vertex 0.08870273 1.7464902 0.48283595
  vertex 0.107999116 1.6655849 0.10661362
  vertex 0.040095747 1.8073756 0.4478662
 endloop
endfacet
facet normal 0.3141179 -0.27170452 -0.9096739
 outer loop
  vertex 0.1566061 1.6046997 0.14158359
  vertex 0.09201162 1.5073613 0.14835197
  vertex 0.043404657 1.5682464 0.11338222
 endloop
endfacet
facet normal 0.31411833 -0.27170646 -0.90967315
 outer loop
  vertex 0.1566061 1.6046997 0.14158359
  vertex 0.043404657 1.5682464 0.11338222
  vertex 0.107999116 1.6655849 0.10661362
 endloop
endfacet
facet normal 0.77005965 0.6368161 0.038385455
 outer loop
  vertex 0.09201162 1.5073613 0.14835197
  vertex 0.12085261 1.4779851 0.05711752
  vertex 0.07224564 1.5388702 0.022147775
 endloop
endfacet
facet normal 0.77005965 0.6368161 0.038385447
 outer loop
  vertex 0.09201162 1.5073613 0.14835197
  vertex 0.07224564 1.5388702 0.022147775
  vertex 0.043404657 1.5682464 0.11338222
 endloop
endfacet
facet normal 0.97810465 -0.205822 -0.030798497
 outer loop
  vertex 0.09005119 1.5860784 0.5494619
  vertex 0.071394786 1.5313475 0.32272705
  vertex 0.08781092 1.6124932 0.30178893
 endloop
endfacet
facet normal 0.9781048 -0.20582117 -0.030798411
 outer loop
  vertex 0.09005119 1.5860784 0.5494619
  vertex 0.08781092 1.6124932 0.30178893
  vertex 0.10646725 1.667224 0.5285236
 endloop
endfacet
facet normal 0.9430169 -0.24801551 -0.22182736
 outer loop
  vertex 0.071394786 1.5313475 0.32272705
  vertex 0.049284924 1.5168221 0.24497539
  vertex 0.06570108 1.5979679 0.22403707
 endloop
endfacet
facet normal 0.9430172 -0.248015 -0.22182703
 outer loop
  vertex 0.071394786 1.5313475 0.32272705
  vertex 0.06570108 1.5979679 0.22403707
  vertex 0.08781092 1.6124932 0.30178893
 endloop
endfacet
facet normal 0.9380933 -0.10457251 0.33022046
 outer loop
  vertex 0.049284924 1.5168221 0.24497539
  vertex 0.111914836 1.45303 0.046854407
  vertex 0.12833098 1.5341756 0.02591607
 endloop
endfacet
facet normal 0.9380933 -0.104572624 0.3302205
 outer loop
  vertex 0.049284924 1.5168221 0.24497539
  vertex 0.12833098 1.5341756 0.02591607
  vertex 0.06570108 1.5979679 0.22403707
 endloop
endfacet
facet normal 0.053707168 0.867307 -0.49486774
 outer loop
  vertex -0.08751563 1.7784774 0.4624041
  vertex -0.036575384 1.6840278 0.30239978
  vertex -0.118804656 1.676663 0.2805681
 endloop
endfacet
facet normal 0.0537077 0.86730695 -0.49486777
 outer loop
  vertex -0.08751563 1.7784774 0.4624041
  vertex -0.118804656 1.676663 0.2805681
  vertex -0.16974494 1.7711127 0.44057232
 endloop
endfacet
facet normal 0.1511629 0.612414 -0.7759503
 outer loop
  vertex -0.036575384 1.6840278 0.30239978
  vertex 0.037972525 1.5483398 0.2098316
  vertex -0.04425677 1.540975 0.18799983
 endloop
endfacet
facet normal 0.15116315 0.61241394 -0.7759503
 outer loop
  vertex -0.036575384 1.6840278 0.30239978
  vertex -0.04425677 1.540975 0.18799983
  vertex -0.118804656 1.676663 0.2805681
 endloop
endfacet
facet normal 0.06307335 0.8493304 -0.5240799
 outer loop
  vertex 0.037972525 1.5483398 0.2098316
  vertex 0.08301669 1.4589201 0.07033798
  vertex 0.00078740716 1.4515554 0.04850623
 endloop
endfacet
facet normal 0.06307215 0.84933054 -0.52407974
 outer loop
  vertex 0.037972525 1.5483398 0.2098316
  vertex 0.00078740716 1.4515554 0.04850623
  vertex -0.04425677 1.540975 0.18799983
 endloop
endfacet
facet normal 0.2312077 -0.802354 0.5502465
 outer loop
  vertex 0.029561616 1.6045803 0.555766
  vertex 0.08718945 1.4864528 0.3593012
  vertex 0.1676211 1.5143192 0.36613864
 endloop
endfacet
facet normal 0.23120643 -0.8023547 0.5502458
 outer loop
  vertex 0.029561616 1.6045803 0.555766
  vertex 0.1676211 1.5143192 0.36613864
  vertex 0.109993264 1.6324465 0.5626035
 endloop
endfacet
facet normal 0.33597136 -0.9176329 -0.21230428
 outer loop
  vertex 0.08718945 1.4864528 0.3593012
  vertex 0.088763766 1.5203981 0.21507227
  vertex 0.16919535 1.5482645 0.22190972
 endloop
endfacet
facet normal 0.3359711 -0.917633 -0.2123045
 outer loop
  vertex 0.08718945 1.4864528 0.3593012
  vertex 0.16919535 1.5482645 0.22190972
  vertex 0.1676211 1.5143192 0.36613864
 endloop
endfacet
facet normal 0.32456613 -0.9452384 0.03436749
 outer loop
  vertex 0.088763766 1.5203981 0.21507227
  vertex 0.1078557 1.5189959 -0.0037992299
  vertex 0.18828729 1.5468622 0.0030382276
 endloop
endfacet
facet normal 0.32456616 -0.9452384 0.034367494
 outer loop
  vertex 0.088763766 1.5203981 0.21507227
  vertex 0.18828729 1.5468622 0.0030382276
  vertex 0.16919535 1.5482645 0.22190972
 endloop
endfacet
facet normal 0.68889993 0.5872842 -0.4248696
 outer loop
  vertex 0.0044733584 1.4931749 0.2560881
  vertex -0.0028710812 1.4208859 0.1442567
  vertex -0.038049094 1.4501411 0.1276562
 endloop
endfacet
facet normal 0.68889856 0.5872857 -0.4248696
 outer loop
  vertex 0.0044733584 1.4931749 0.2560881
  vertex -0.038049094 1.4501411 0.1276562
  vertex -0.030704655 1.52243 0.23948768
 endloop
endfacet
facet normal 0.6897871 0.65779567 -0.30248758
 outer loop
  vertex -0.0028710812 1.4208859 0.1442567
  vertex 0.0015091076 1.3741488 0.0526098
  vertex -0.033668928 1.403404 0.03600931
 endloop
endfacet
facet normal 0.6897872 0.65779537 -0.30248758
 outer loop
  vertex -0.0028710812 1.4208859 0.1442567
  vertex -0.033668928 1.403404 0.03600931
  vertex -0.038049094 1.4501411 0.1276562
 endloop
endfacet
facet normal 0.6001039 0.7906198 0.121637285
 outer loop
  vertex 0.0015091076 1.3741488 0.0526098
  vertex 0.027111515 1.3654275 -0.017013848
  vertex -0.008066498 1.3946826 -0.033614337
 endloop
endfacet
facet normal 0.6001037 0.79061997 0.12163737
 outer loop
  vertex 0.0015091076 1.3741488 0.0526098
  vertex -0.008066498 1.3946826 -0.033614337
  vertex -0.033668928 1.403404 0.03600931
 endloop
endfacet
facet normal -0.65991527 0.43265173 -0.61426735
 outer loop
  vertex -0.30217907 1.555923 0.29031295
  vertex -0.2233066 1.5301795 0.18744715
  vertex -0.25234324 1.4741788 0.17919816
 endloop
endfacet
facet normal -0.65991515 0.43265176 -0.61426735
 outer loop
  vertex -0.30217907 1.555923 0.29031295
  vertex -0.25234324 1.4741788 0.17919816
  vertex -0.3312157 1.4999223 0.28206396
 endloop
endfacet
facet normal -0.5638927 0.3988958 -0.7231232
 outer loop
  vertex -0.2233066 1.5301795 0.18744715
  vertex -0.12750521 1.4944165 0.09301314
  vertex -0.15654182 1.4384155 0.08476418
 endloop
endfacet
facet normal -0.5638911 0.39889744 -0.72312355
 outer loop
  vertex -0.2233066 1.5301795 0.18744715
  vertex -0.15654182 1.4384155 0.08476418
  vertex -0.25234324 1.4741788 0.17919816
 endloop
endfacet
facet normal -0.6837824 0.44025892 -0.5819052
 outer loop
  vertex -0.12750521 1.4944165 0.09301314
  vertex -0.07282711 1.4774235 0.015905708
  vertex -0.101863764 1.4214227 0.007656753
 endloop
endfacet
facet normal -0.68378353 0.44025794 -0.58190465
 outer loop
  vertex -0.12750521 1.4944165 0.09301314
  vertex -0.101863764 1.4214227 0.007656753
  vertex -0.15654182 1.4384155 0.08476418
 endloop
endfacet
facet normal 0.4169189 -0.8183585 0.39556035
 outer loop
  vertex -0.22697014 1.2321591 0.6309428
  vertex -0.13195056 1.1791391 0.42110172
  vertex -0.035133295 1.1834772 0.3280315
 endloop
endfacet
facet normal 0.3551106 -0.86133206 0.363323
 outer loop
  vertex -0.22697014 1.2321591 0.6309428
  vertex -0.035133295 1.1834772 0.3280315
  vertex -0.15854192 1.2693545 0.6522405
 endloop
endfacet
facet normal 0.49133787 -0.86494774 -0.10223729
 outer loop
  vertex -0.13195056 1.1791391 0.42110172
  vertex -0.085474886 1.2333232 0.18604915
  vertex -0.012857869 1.2718372 0.20919998
 endloop
endfacet
facet normal -0.5197872 -0.6360127 -0.5703588
 outer loop
  vertex -0.13195056 1.1791391 0.42110172
  vertex -0.012857869 1.2718372 0.20919998
  vertex -0.035133295 1.1834772 0.3280315
 endloop
endfacet
facet normal 0.49965262 -0.85363925 -0.14713064
 outer loop
  vertex -0.085474886 1.2333232 0.18604915
  vertex -0.049209096 1.2905719 -0.022945046
  vertex 0.023407899 1.329086 0.00020578504
 endloop
endfacet
facet normal 0.49965248 -0.85363925 -0.14713071
 outer loop
  vertex -0.085474886 1.2333232 0.18604915
  vertex 0.023407899 1.329086 0.00020578504
  vertex -0.012857869 1.2718372 0.20919998
 endloop
endfacet
facet normal -0.078191616 0.9602777 -0.26786715
 outer loop
  vertex -0.18499017 1.5977757 0.49970493
  vertex -0.10403182 1.55695 0.32971656
  vertex -0.18123415 1.541446 0.29667193
 endloop
endfacet
facet normal -0.078190096 0.96027786 -0.26786718
 outer loop
  vertex -0.18499017 1.5977757 0.49970493
  vertex -0.18123415 1.541446 0.29667193
  vertex -0.2621925 1.5822718 0.46666026
 endloop
endfacet
facet normal 0.041023936 0.86427337 -0.5013467
 outer loop
  vertex -0.10403182 1.55695 0.32971656
  vertex 0.00042229146 1.4417773 0.13971728
  vertex -0.07678009 1.4262733 0.1066726
 endloop
endfacet
facet normal 0.04102369 0.86427337 -0.5013467
 outer loop
  vertex -0.10403182 1.55695 0.32971656
  vertex -0.07678009 1.4262733 0.1066726
  vertex -0.18123415 1.541446 0.29667193
 endloop
endfacet
facet normal -0.08302244 0.96265286 -0.25769502
 outer loop
  vertex 0.00042229146 1.4417773 0.13971728
  vertex 0.050159093 1.4179531 0.034695
  vertex -0.027043246 1.4024491 0.0016503334
 endloop
endfacet
facet normal -0.08302232 0.96265286 -0.25769505
 outer loop
  vertex 0.00042229146 1.4417773 0.13971728
  vertex -0.027043246 1.4024491 0.0016503334
  vertex -0.07678009 1.4262733 0.1066726
 endloop
endfacet
facet normal 0.93343663 -0.35873455 -0.002354883
 outer loop
  vertex -0.012032203 1.2289841 0.6010993
  vertex -0.008641586 1.2391547 0.3957341
  vertex 0.014045678 1.2985768 0.33643246
 endloop
endfacet
facet normal 0.9954097 -0.036436807 0.088497825
 outer loop
  vertex -0.012032203 1.2289841 0.6010993
  vertex 0.014045678 1.2985768 0.33643246
  vertex -0.011618562 1.3141851 0.6315262
 endloop
endfacet
facet normal 0.999625 -0.021362292 0.017127024
 outer loop
  vertex -0.008641586 1.2391547 0.3957341
  vertex -0.005306527 1.2402596 0.20246035
  vertex -0.0034960732 1.3256328 0.20327727
 endloop
endfacet
facet normal 0.8210394 -0.5286052 -0.21557103
 outer loop
  vertex -0.008641586 1.2391547 0.3957341
  vertex -0.0034960732 1.3256328 0.20327727
  vertex 0.014045678 1.2985768 0.33643246
 endloop
endfacet
facet normal 0.91125566 -0.02325915 0.41118366
 outer loop
  vertex -0.005306527 1.2402596 0.20246035
  vertex 0.08409113 1.2402596 0.0043393373
  vertex 0.0859016 1.3256328 0.005156249
 endloop
endfacet
facet normal 0.9112558 -0.02325898 0.41118374
 outer loop
  vertex -0.005306527 1.2402596 0.20246035
  vertex 0.0859016 1.3256328 0.005156249
  vertex -0.0034960732 1.3256328 0.20327727
 endloop
endfacet
facet normal 0.67504865 0.7212253 0.15538125
 outer loop
  vertex -0.017339401 1.4702939 0.6230625
  vertex 0.103822425 1.4330909 0.26936203
  vertex 0.047156543 1.4916375 0.24379253
 endloop
endfacet
facet normal 0.67504966 0.72122437 0.15538137
 outer loop
  vertex -0.017339401 1.4702939 0.6230625
  vertex 0.047156543 1.4916375 0.24379253
  vertex -0.07400539 1.5288405 0.59749365
 endloop
endfacet
facet normal 0.7477668 0.5955424 -0.29355443
 outer loop
  vertex 0.103822425 1.4330909 0.26936203
  vertex 0.09781087 1.3363181 0.057723105
  vertex 0.04114493 1.3948647 0.032153875
 endloop
endfacet
facet normal 0.7477677 0.5955412 -0.29355446
 outer loop
  vertex 0.103822425 1.4330909 0.26936203
  vertex 0.04114493 1.3948647 0.032153875
  vertex 0.047156543 1.4916375 0.24379253
 endloop
endfacet
facet normal 0.45846 0.688926 0.5614228
 outer loop
  vertex 0.09781087 1.3363181 0.057723105
  vertex 0.12860957 1.3485749 0.017532438
  vertex 0.071943626 1.4071214 -0.008036822
 endloop
endfacet
facet normal 0.45846027 0.6889258 0.5614225
 outer loop
  vertex 0.09781087 1.3363181 0.057723105
  vertex 0.071943626 1.4071214 -0.008036822
  vertex 0.04114493 1.3948647 0.032153875
 endloop
endfacet
facet normal -0.70506436 0.4448468 -0.5522641
 outer loop
  vertex -0.2818146 1.5270963 0.40481246
  vertex -0.18418634 1.5008613 0.25904024
  vertex -0.22237739 1.4254297 0.2470381
 endloop
endfacet
facet normal -0.7050636 0.44484764 -0.55226433
 outer loop
  vertex -0.2818146 1.5270963 0.40481246
  vertex -0.22237739 1.4254297 0.2470381
  vertex -0.32000569 1.4516648 0.39281029
 endloop
endfacet
facet normal -0.6328915 0.42355695 -0.6481109
 outer loop
  vertex -0.18418634 1.5008613 0.25904024
  vertex -0.046571903 1.4571177 0.09606981
  vertex -0.08476297 1.3816862 0.08406767
 endloop
endfacet
facet normal -0.632892 0.42355642 -0.64811087
 outer loop
  vertex -0.18418634 1.5008613 0.25904024
  vertex -0.08476297 1.3816862 0.08406767
  vertex -0.22237739 1.4254297 0.2470381
 endloop
endfacet
facet normal -0.76249033 0.45865887 -0.45633367
 outer loop
  vertex -0.046571903 1.4571177 0.09606981
  vertex -0.011092775 1.4497633 0.0293957
  vertex -0.04928384 1.3743318 0.01739353
 endloop
endfacet
facet normal -0.7624905 0.4586588 -0.45633358
 outer loop
  vertex -0.046571903 1.4571177 0.09606981
  vertex -0.04928384 1.3743318 0.01739353
  vertex -0.08476297 1.3816862 0.08406767
 endloop
endfacet
facet normal -0.6821981 -0.54762506 -0.48447126
 outer loop
  vertex -0.46434328 1.3655739 0.52748084
  vertex -0.30026278 1.3669201 0.29491258
  vertex -0.26185542 1.2954681 0.3215963
 endloop
endfacet
facet normal -0.6821986 -0.5476239 -0.48447213
 outer loop
  vertex -0.46434328 1.3655739 0.52748084
  vertex -0.26185542 1.2954681 0.3215963
  vertex -0.42593583 1.2941219 0.5541642
 endloop
endfacet
facet normal -0.5839737 -0.4661088 -0.66461813
 outer loop
  vertex -0.30026278 1.3669201 0.29491258
  vertex -0.200596 1.3858345 0.19407435
  vertex -0.16161582 1.3119175 0.21166328
 endloop
endfacet
facet normal -0.58030796 -0.5396957 -0.6098944
 outer loop
  vertex -0.30026278 1.3669201 0.29491258
  vertex -0.16161582 1.3119175 0.21166328
  vertex -0.26185542 1.2954681 0.3215963
 endloop
endfacet
facet normal -0.78897357 -0.50077933 -0.35600683
 outer loop
  vertex -0.200596 1.3858345 0.19407435
  vertex -0.1111983 1.3858345 -0.0040466487
  vertex -0.07221817 1.3119175 0.013542265
 endloop
endfacet
facet normal -0.7889734 -0.50077975 -0.35600647
 outer loop
  vertex -0.200596 1.3858345 0.19407435
  vertex -0.07221817 1.3119175 0.013542265
  vertex -0.16161582 1.3119175 0.21166328
 endloop
endfacet
facet normal -0.73787594 -0.18373798 -0.6494455
 outer loop
  vertex -0.35108727 1.4290663 0.33596495
  vertex -0.2634871 1.426944 0.2370373
  vertex -0.2554005 1.3644173 0.24553937
 endloop
endfacet
facet normal -0.73787594 -0.18373802 -0.6494455
 outer loop
  vertex -0.35108727 1.4290663 0.33596495
  vertex -0.2554005 1.3644173 0.24553937
  vertex -0.34300065 1.3665396 0.34446698
 endloop
endfacet
facet normal -0.65177494 -0.1843276 -0.7356716
 outer loop
  vertex -0.2634871 1.426944 0.2370373
  vertex -0.14220473 1.4279834 0.12932566
  vertex -0.13411811 1.3654568 0.13782771
 endloop
endfacet
facet normal -0.6517749 -0.18432705 -0.7356718
 outer loop
  vertex -0.2634871 1.426944 0.2370373
  vertex -0.13411811 1.3654568 0.13782771
  vertex -0.2554005 1.3644173 0.24553937
 endloop
endfacet
facet normal -0.7643801 -0.18292718 -0.6182723
 outer loop
  vertex -0.14220473 1.4279834 0.12932566
  vertex -0.08149562 1.4257203 0.054939568
  vertex -0.07340901 1.3631936 0.063441634
 endloop
endfacet
facet normal -0.7643802 -0.18292755 -0.6182721
 outer loop
  vertex -0.14220473 1.4279834 0.12932566
  vertex -0.07340901 1.3631936 0.063441634
  vertex -0.13411811 1.3654568 0.13782771
 endloop
endfacet
facet normal 0.27262238 0.74180126 -0.6127054
 outer loop
  vertex -0.14572155 1.5256041 0.24651134
  vertex -0.10242202 1.4361966 0.15753184
  vertex -0.14650315 1.4353673 0.13691407
 endloop
endfacet
facet normal 0.27262506 0.7418006 -0.612705
 outer loop
  vertex -0.14572155 1.5256041 0.24651134
  vertex -0.14650315 1.4353673 0.13691407
  vertex -0.18980265 1.524775 0.22589353
 endloop
endfacet
facet normal 0.1679993 0.9029724 -0.395496
 outer loop
  vertex -0.10242202 1.4361966 0.15753184
  vertex -0.08274195 1.4144883 0.11632861
  vertex -0.1268231 1.4136592 0.095710814
 endloop
endfacet
facet normal 0.16799621 0.90297335 -0.39549512
 outer loop
  vertex -0.10242202 1.4361966 0.15753184
  vertex -0.1268231 1.4136592 0.095710814
  vertex -0.14650315 1.4353673 0.13691407
 endloop
endfacet
facet normal 0.1330097 0.9373243 -0.3220738
 outer loop
  vertex -0.08274195 1.4144883 0.11632861
  vertex -0.032873474 1.3713721 0.0114430785
  vertex -0.07695461 1.3705429 -0.009174764
 endloop
endfacet
facet normal 0.13301177 0.9373241 -0.3220736
 outer loop
  vertex -0.08274195 1.4144883 0.11632861
  vertex -0.07695461 1.3705429 -0.009174764
  vertex -0.1268231 1.4136592 0.095710814
 endloop
endfacet
facet normal -0.21731912 -0.9366476 -0.27470657
 outer loop
  vertex -0.35593808 1.2475005 0.5460096
  vertex -0.2029891 1.281696 0.30841863
  vertex -0.1334024 1.2535985 0.349171
 endloop
endfacet
facet normal -0.21731938 -0.9366474 -0.27470684
 outer loop
  vertex -0.35593808 1.2475005 0.5460096
  vertex -0.1334024 1.2535985 0.349171
  vertex -0.28635135 1.2194031 0.5867614
 endloop
endfacet
facet normal -0.16773589 -0.86285895 -0.47680086
 outer loop
  vertex -0.2029891 1.281696 0.30841863
  vertex -0.12342391 1.3269625 0.19850996
  vertex -0.051263936 1.2949425 0.23107052
 endloop
endfacet
facet normal -0.12781973 -0.90501505 -0.40572143
 outer loop
  vertex -0.2029891 1.281696 0.30841863
  vertex -0.051263936 1.2949425 0.23107052
  vertex -0.1334024 1.2535985 0.349171
 endloop
endfacet
facet normal -0.34177458 -0.92704195 -0.15421817
 outer loop
  vertex -0.12342391 1.3269625 0.19850996
  vertex -0.034026213 1.3269625 0.0003889501
  vertex 0.038133718 1.2949425 0.032949507
 endloop
endfacet
facet normal -0.34177443 -0.9270421 -0.15421803
 outer loop
  vertex -0.12342391 1.3269625 0.19850996
  vertex 0.038133718 1.2949425 0.032949507
  vertex -0.051263936 1.2949425 0.23107052
 endloop
endfacet
facet normal -0.7868443 -0.18373811 -0.5891658
 outer loop
  vertex -0.33575577 1.3939397 0.44717893
  vertex -0.2290183 1.3910909 0.30551708
  vertex -0.2172963 1.3071595 0.31603703
 endloop
endfacet
facet normal -0.7868444 -0.18373826 -0.5891658
 outer loop
  vertex -0.33575577 1.3939397 0.44717893
  vertex -0.2172963 1.3071595 0.31603703
  vertex -0.3240338 1.3100084 0.45769894
 endloop
endfacet
facet normal -0.70781934 -0.18432769 -0.68192023
 outer loop
  vertex -0.2290183 1.3910909 0.30551708
  vertex -0.07814019 1.392486 0.14853157
  vertex -0.06641824 1.3085549 0.15905157
 endloop
endfacet
facet normal -0.7078191 -0.18432723 -0.6819204
 outer loop
  vertex -0.2290183 1.3910909 0.30551708
  vertex -0.06641824 1.3085549 0.15905157
  vertex -0.2172963 1.3071595 0.31603703
 endloop
endfacet
facet normal -0.8108047 -0.18292758 -0.55599755
 outer loop
  vertex -0.07814019 1.392486 0.14853157
  vertex -0.0047858953 1.3894482 0.042559326
  vertex 0.0069360733 1.3055171 0.053079307
 endloop
endfacet
facet normal -0.81080467 -0.18292755 -0.55599755
 outer loop
  vertex -0.07814019 1.392486 0.14853157
  vertex 0.0069360733 1.3055171 0.053079307
  vertex -0.06641824 1.3085549 0.15905157
 endloop
endfacet
facet normal 0.14022316 0.9863825 -0.08594862
 outer loop
  vertex -0.19815123 1.5506258 0.5988357
  vertex -0.049401216 1.4997445 0.25758308
  vertex -0.12690029 1.5077146 0.22261332
 endloop
endfacet
facet normal 0.14022024 0.98638284 -0.08594923
 outer loop
  vertex -0.19815123 1.5506258 0.5988357
  vertex -0.12690029 1.5077146 0.22261332
  vertex -0.27565044 1.5585957 0.5638659
 endloop
endfacet
facet normal 0.30613884 0.81449306 -0.49282864
 outer loop
  vertex -0.049401216 1.4997445 0.25758308
  vertex 0.016617008 1.3665395 0.07844606
  vertex -0.060882144 1.3745093 0.043476284
 endloop
endfacet
facet normal 0.30614138 0.81449234 -0.4928283
 outer loop
  vertex -0.049401216 1.4997445 0.25758308
  vertex -0.060882144 1.3745093 0.043476284
  vertex -0.12690029 1.5077146 0.22261332
 endloop
endfacet
facet normal -0.052417055 0.9422085 0.3309013
 outer loop
  vertex 0.016617008 1.3665395 0.07844606
  vertex 0.038326617 1.3833025 0.034154117
  vertex -0.039172538 1.3912723 -0.00081565976
 endloop
endfacet
facet normal -0.05241707 0.9422085 0.3309013
 outer loop
  vertex 0.016617008 1.3665395 0.07844606
  vertex -0.039172538 1.3912723 -0.00081565976
  vertex -0.060882144 1.3745093 0.043476284
 endloop
endfacet
facet normal 0.8321077 0.5537582 -0.030798543
 outer loop
  vertex -0.0762405 1.4159687 0.58832645
  vertex -0.050256096 1.3643126 0.36159125
  vertex -0.09665897 1.4328756 0.34065294
 endloop
endfacet
facet normal 0.8321074 0.5537586 -0.0307985
 outer loop
  vertex -0.0762405 1.4159687 0.58832645
  vertex -0.09665897 1.4328756 0.34065294
  vertex -0.12264343 1.4845316 0.5673878
 endloop
endfacet
facet normal 0.83687854 0.5410725 -0.0829145
 outer loop
  vertex -0.050256096 1.3643126 0.36159125
  vertex -0.041494094 1.3298688 0.22525936
  vertex -0.08789704 1.3984318 0.20432109
 endloop
endfacet
facet normal 0.8368791 0.5410718 -0.08291478
 outer loop
  vertex -0.050256096 1.3643126 0.36159125
  vertex -0.08789704 1.3984318 0.20432109
  vertex -0.09665897 1.4328756 0.34065294
 endloop
endfacet
facet normal 0.7318269 0.5961408 0.33022055
 outer loop
  vertex -0.041494094 1.3298688 0.22525936
  vertex 0.047903568 1.3298688 0.027138382
  vertex 0.0015006065 1.3984318 0.006200075
 endloop
endfacet
facet normal 0.7318271 0.5961406 0.3302205
 outer loop
  vertex -0.041494094 1.3298688 0.22525936
  vertex 0.0015006065 1.3984318 0.006200075
  vertex -0.08789704 1.3984318 0.20432109
 endloop
endfacet
facet normal 0.45318726 0.5872841 -0.6706108
 outer loop
  vertex 0.362394 1.4997494 0.23307031
  vertex 0.30970383 1.4274604 0.13415647
  vertex 0.27081132 1.4567156 0.13349363
 endloop
endfacet
facet normal 0.453186 0.5872855 -0.6706103
 outer loop
  vertex 0.362394 1.4997494 0.23307031
  vertex 0.27081132 1.4567156 0.13349363
  vertex 0.3235015 1.5290045 0.23240751
 endloop
endfacet
facet normal 0.50433046 0.6577964 -0.5594236
 outer loop
  vertex 0.30970383 1.4274604 0.13415647
  vertex 0.27600247 1.3807235 0.04881859
  vertex 0.23710996 1.4099785 0.048155725
 endloop
endfacet
facet normal 0.50433123 0.6577953 -0.55942404
 outer loop
  vertex 0.30970383 1.4274604 0.13415647
  vertex 0.23710996 1.4099785 0.048155725
  vertex 0.27081132 1.4567156 0.13349363
 endloop
endfacet
facet normal 0.59702486 0.7906197 -0.13594812
 outer loop
  vertex 0.27600247 1.3807235 0.04881859
  vertex 0.2707033 1.372002 -0.025173664
  vertex 0.23181075 1.4012572 -0.025836498
 endloop
endfacet
facet normal 0.59702367 0.7906207 -0.13594718
 outer loop
  vertex 0.27600247 1.3807235 0.04881859
  vertex 0.23181075 1.4012572 -0.025836498
  vertex 0.23710996 1.4099785 0.048155725
 endloop
endfacet
facet normal -0.58126575 0.645938 -0.49486786
 outer loop
  vertex -0.31988326 1.5206378 0.48355016
  vertex -0.21679857 1.4908184 0.32354572
  vertex -0.26915112 1.4269817 0.30171403
 endloop
endfacet
facet normal -0.5812642 0.6459391 -0.49486807
 outer loop
  vertex -0.31988326 1.5206378 0.48355016
  vertex -0.26915112 1.4269817 0.30171403
  vertex -0.37223583 1.4568012 0.46171835
 endloop
endfacet
facet normal -0.41069505 0.57797766 -0.7051748
 outer loop
  vertex -0.21679857 1.4908184 0.32354572
  vertex -0.05110324 1.4104592 0.16118018
  vertex -0.103455804 1.3466226 0.13934846
 endloop
endfacet
facet normal -0.410696 0.5779769 -0.70517474
 outer loop
  vertex -0.21679857 1.4908184 0.32354572
  vertex -0.103455804 1.3466226 0.13934846
  vertex -0.26915112 1.4269817 0.30171403
 endloop
endfacet
facet normal -0.58738315 0.647678 -0.48527732
 outer loop
  vertex -0.05110324 1.4104592 0.16118018
  vertex 0.011569329 1.392982 0.06199488
  vertex -0.040783234 1.3291456 0.04016313
 endloop
endfacet
facet normal -0.5873842 0.64767736 -0.485277
 outer loop
  vertex -0.05110324 1.4104592 0.16118018
  vertex -0.040783234 1.3291456 0.04016313
  vertex -0.103455804 1.3466226 0.13934846
 endloop
endfacet
facet normal -0.85415965 0.43265125 -0.28848585
 outer loop
  vertex 0.04482502 1.5624975 0.30830473
  vertex 0.07440926 1.5367541 0.18210249
  vertex 0.044549517 1.4807533 0.18652613
 endloop
endfacet
facet normal -0.8541593 0.4326516 -0.28848612
 outer loop
  vertex 0.04482502 1.5624975 0.30830473
  vertex 0.044549517 1.4807533 0.18652613
  vertex 0.014965288 1.5064968 0.3127284
 endloop
endfacet
facet normal -0.8114058 0.39889675 -0.42720282
 outer loop
  vertex 0.07440926 1.5367541 0.18210249
  vertex 0.1228922 1.5009909 0.05662301
  vertex 0.09303246 1.44499 0.06104672
 endloop
endfacet
facet normal -0.8114055 0.39889702 -0.42720303
 outer loop
  vertex 0.07440926 1.5367541 0.18210249
  vertex 0.09303246 1.44499 0.06104672
  vertex 0.044549517 1.4807533 0.18652613
 endloop
endfacet
facet normal -0.8626041 0.440259 -0.2491708
 outer loop
  vertex 0.1228922 1.5009909 0.05662301
  vertex 0.14101748 1.4839981 -0.036149412
  vertex 0.111157745 1.4279972 -0.031725705
 endloop
endfacet
facet normal -0.86260396 0.44025916 -0.24917088
 outer loop
  vertex 0.1228922 1.5009909 0.05662301
  vertex 0.111157745 1.4279972 -0.031725705
  vertex 0.09303246 1.44499 0.06104672
 endloop
endfacet
facet normal 0.6504713 -0.5986302 0.46747074
 outer loop
  vertex -0.18498006 1.3145369 0.6250047
  vertex -0.03406038 1.2425166 0.32277736
  vertex -0.01876863 1.3536167 0.44377106
 endloop
endfacet
facet normal 0.70069134 -0.46308488 0.542756
 outer loop
  vertex -0.18498006 1.3145369 0.6250047
  vertex -0.01876863 1.3536167 0.44377106
  vertex -0.14343438 1.3952521 0.64023674
 endloop
endfacet
facet normal 0.90244865 -0.41887406 -0.10065255
 outer loop
  vertex -0.03406038 1.2425166 0.32277736
  vertex -0.026363045 1.290168 0.19348617
  vertex 0.010100596 1.3670846 0.20032361
 endloop
endfacet
facet normal 0.9648134 -0.24277091 0.10098195
 outer loop
  vertex -0.03406038 1.2425166 0.32277736
  vertex 0.010100596 1.3670846 0.20032361
  vertex -0.01876863 1.3536167 0.44377106
 endloop
endfacet
facet normal 0.9018842 -0.43060857 0.03436745
 outer loop
  vertex -0.026363045 1.290168 0.19348617
  vertex -0.011987075 1.3028092 -0.02538532
  vertex 0.024476588 1.3797259 -0.018547893
 endloop
endfacet
facet normal 0.9018841 -0.43060893 0.034367282
 outer loop
  vertex -0.026363045 1.290168 0.19348617
  vertex 0.024476588 1.3797259 -0.018547893
  vertex 0.010100596 1.3670846 0.20032361
 endloop
endfacet
facet normal -0.01820215 -0.9281315 0.37180722
 outer loop
  vertex -0.38041303 1.3800317 0.6371608
  vertex -0.31296527 1.2946469 0.42731905
  vertex -0.23110563 1.3023411 0.45053348
 endloop
endfacet
facet normal -0.01599248 -0.9275582 0.37333637
 outer loop
  vertex -0.38041303 1.3800317 0.6371608
  vertex -0.23110563 1.3023411 0.45053348
  vertex -0.2980582 1.3871528 0.658381
 endloop
endfacet
facet normal 0.12235778 -0.9872109 -0.1021912
 outer loop
  vertex -0.31296527 1.2946469 0.42731905
  vertex -0.24857068 1.3269385 0.19247015
  vertex -0.16673815 1.3346846 0.21562098
 endloop
endfacet
facet normal 0.12187041 -0.98723584 -0.102532566
 outer loop
  vertex -0.31296527 1.2946469 0.42731905
  vertex -0.16673815 1.3346846 0.21562098
  vertex -0.23110563 1.3023411 0.45053348
 endloop
endfacet
facet normal 0.13438348 -0.97994584 -0.14713018
 outer loop
  vertex -0.24857068 1.3269385 0.19247015
  vertex -0.193135 1.3659192 -0.016524047
  vertex -0.11130244 1.3736653 0.006626785
 endloop
endfacet
facet normal 0.13438348 -0.97994584 -0.14713015
 outer loop
  vertex -0.24857068 1.3269385 0.19247015
  vertex -0.11130244 1.3736653 0.006626785
  vertex -0.16673815 1.3346846 0.21562098
 endloop
endfacet
facet normal 0.30463192 0.90609115 -0.29359534
 outer loop
  vertex -0.25362292 1.2654974 0.54833794
  vertex -0.18319213 1.1749086 0.341842
  vertex -0.2604421 1.1901731 0.3087973
 endloop
endfacet
facet normal 0.30463228 0.906091 -0.29359534
 outer loop
  vertex -0.25362292 1.2654974 0.54833794
  vertex -0.2604421 1.1901731 0.3087973
  vertex -0.33087307 1.2807621 0.5152933
 endloop
endfacet
facet normal 0.3876588 0.7224549 -0.5725203
 outer loop
  vertex -0.18319213 1.1749086 0.341842
  vertex -0.10387664 0.9837923 0.15438037
  vertex -0.18112662 0.9990568 0.121335745
 endloop
endfacet
facet normal 0.38765937 0.7224548 -0.57252014
 outer loop
  vertex -0.18319213 1.1749086 0.341842
  vertex -0.18112662 0.9990568 0.121335745
  vertex -0.2604421 1.1901731 0.3087973
 endloop
endfacet
facet normal 0.30649325 0.9036713 -0.2990652
 outer loop
  vertex -0.10387664 0.9837923 0.15438037
  vertex -0.053012885 0.9169749 0.0046084225
  vertex -0.13026291 0.9322394 -0.028436244
 endloop
endfacet
facet normal 0.30649325 0.9036713 -0.29906517
 outer loop
  vertex -0.10387664 0.9837923 0.15438037
  vertex -0.13026291 0.9322394 -0.028436244
  vertex -0.18112662 0.9990568 0.121335745
 endloop
endfacet
facet normal 0.9142561 -0.40269542 0.044408806
 outer loop
  vertex -0.25108328 1.2261467 0.6369482
  vertex -0.24067089 1.2240087 0.4031981
  vertex -0.20628273 1.3021716 0.40401483
 endloop
endfacet
facet normal 0.91424155 -0.40273014 0.044394694
 outer loop
  vertex -0.25108328 1.2261467 0.6369482
  vertex -0.20628273 1.3021716 0.40401483
  vertex -0.2166925 1.3043061 0.6377522
 endloop
endfacet
facet normal 0.91529334 -0.40275183 0.0053909607
 outer loop
  vertex -0.24067089 1.2240087 0.4031981
  vertex -0.23855555 1.226215 0.20888133
  vertex -0.20416716 1.304377 0.20969827
 endloop
endfacet
facet normal 0.91529614 -0.4027454 0.00539417
 outer loop
  vertex -0.24067089 1.2240087 0.4031981
  vertex -0.20416716 1.304377 0.20969827
  vertex -0.20628273 1.3021716 0.40401483
 endloop
endfacet
facet normal 0.8327771 -0.3706887 0.41118383
 outer loop
  vertex -0.23855555 1.226215 0.20888133
  vertex -0.15598252 1.1919565 0.010760307
  vertex -0.12159412 1.2701186 0.011577278
 endloop
endfacet
facet normal 0.8327771 -0.37068903 0.4111837
 outer loop
  vertex -0.23855555 1.226215 0.20888133
  vertex -0.12159412 1.2701186 0.011577278
  vertex -0.20416716 1.304377 0.20969827
 endloop
endfacet
facet normal 0.7939361 0.60410315 0.068738714
 outer loop
  vertex -0.20804569 1.2642059 0.8322174
  vertex -0.10358695 1.1719425 0.43656102
  vertex -0.16694507 1.2760954 0.2530136
 endloop
endfacet
facet normal 0.8965671 0.43691897 0.07258964
 outer loop
  vertex -0.20804569 1.2642059 0.8322174
  vertex -0.16694507 1.2760954 0.2530136
  vertex -0.24587697 1.3468487 0.8020488
 endloop
endfacet
facet normal 0.92527103 0.27802193 -0.25802588
 outer loop
  vertex -0.10358695 1.1719425 0.43656102
  vertex -0.17921928 1.1062305 0.09454194
  vertex -0.20912343 1.1820228 0.06897271
 endloop
endfacet
facet normal 0.9568119 0.10290918 -0.27188352
 outer loop
  vertex -0.10358695 1.1719425 0.43656102
  vertex -0.20912343 1.1820228 0.06897271
  vertex -0.16694507 1.2760954 0.2530136
 endloop
endfacet
facet normal 0.85618407 0.4329396 0.28197902
 outer loop
  vertex -0.17921928 1.1062305 0.09454194
  vertex -0.1411945 1.0904546 0.0033075213
  vertex -0.17109868 1.1662469 -0.022261769
 endloop
endfacet
facet normal 0.85618436 0.43293908 0.28197882
 outer loop
  vertex -0.17921928 1.1062305 0.09454194
  vertex -0.17109868 1.1662469 -0.022261769
  vertex -0.20912343 1.1820228 0.06897271
 endloop
endfacet
facet normal -0.4807677 0.6810776 -0.5522641
 outer loop
  vertex -0.16453749 1.2143364 0.41781422
  vertex -0.08441577 1.1526917 0.27204204
  vertex -0.14859772 1.097654 0.26003987
 endloop
endfacet
facet normal -0.48076692 0.6810781 -0.5522643
 outer loop
  vertex -0.16453749 1.2143364 0.41781422
  vertex -0.14859772 1.097654 0.26003987
  vertex -0.22871944 1.1592988 0.40581208
 endloop
endfacet
facet normal -0.42226395 0.6337551 -0.6481109
 outer loop
  vertex -0.08441577 1.1526917 0.27204204
  vertex 0.025929987 1.0595518 0.1090716
  vertex -0.038251944 1.0045141 0.09706944
 endloop
endfacet
facet normal -0.42226386 0.6337552 -0.64811087
 outer loop
  vertex -0.08441577 1.1526917 0.27204204
  vertex -0.038251944 1.0045141 0.09706944
  vertex -0.14859772 1.097654 0.26003987
 endloop
endfacet
facet normal -0.49884456 0.69472593 -0.5181795
 outer loop
  vertex 0.025929987 1.0595518 0.1090716
  vertex 0.08157243 1.0183825 0.00030946732
  vertex 0.017390497 0.9633449 -0.011692733
 endloop
endfacet
facet normal -0.49884537 0.69472563 -0.5181791
 outer loop
  vertex 0.025929987 1.0595518 0.1090716
  vertex 0.017390497 0.9633449 -0.011692733
  vertex -0.038251944 1.0045141 0.09706944
 endloop
endfacet
facet normal -0.8399755 -0.24439204 -0.48447266
 outer loop
  vertex -0.29987347 1.3233299 0.5339018
  vertex -0.1478025 1.2616955 0.30133364
  vertex -0.13970852 1.18098 0.32801726
 endloop
endfacet
facet normal -0.83997536 -0.24439107 -0.48447326
 outer loop
  vertex -0.29987347 1.3233299 0.5339018
  vertex -0.13970852 1.18098 0.32801726
  vertex -0.29177943 1.2426144 0.56058514
 endloop
endfacet
facet normal -0.7493569 -0.20241402 -0.63047034
 outer loop
  vertex -0.1478025 1.2616955 0.30133364
  vertex -0.04065285 1.2377181 0.18167698
  vertex -0.0329744 1.1545064 0.19926593
 endloop
endfacet
facet normal -0.76791656 -0.26916105 -0.58125424
 outer loop
  vertex -0.1478025 1.2616955 0.30133364
  vertex -0.0329744 1.1545064 0.19926593
  vertex -0.13970852 1.18098 0.32801726
 endloop
endfacet
facet normal -0.9206486 -0.16020474 -0.35600668
 outer loop
  vertex -0.04065285 1.2377181 0.18167698
  vertex 0.041920174 1.2034597 -0.016443968
  vertex 0.04959862 1.120248 0.0011449456
 endloop
endfacet
facet normal -0.9206486 -0.16020511 -0.35600644
 outer loop
  vertex -0.04065285 1.2377181 0.18167698
  vertex 0.04959862 1.120248 0.0011449456
  vertex -0.0329744 1.1545064 0.19926593
 endloop
endfacet
facet normal -0.7179912 0.09831073 -0.6890746
 outer loop
  vertex -0.17663133 1.2332715 0.32628623
  vertex -0.07252685 1.1903393 0.2116879
  vertex -0.089018665 1.1294872 0.22018996
 endloop
endfacet
facet normal -0.27916202 0.561013 -0.7793157
 outer loop
  vertex -0.17663133 1.2332715 0.32628623
  vertex -0.089018665 1.1294872 0.22018996
  vertex -0.17676818 1.1534904 0.26890254
 endloop
endfacet
facet normal -0.6726552 0.07951358 -0.7356716
 outer loop
  vertex -0.07252685 1.1903393 0.2116879
  vertex 0.039895102 1.1448224 0.103976205
  vertex 0.02340331 1.0839701 0.11247824
 endloop
endfacet
facet normal -0.67265517 0.079513624 -0.7356716
 outer loop
  vertex -0.07252685 1.1903393 0.2116879
  vertex 0.02340331 1.0839701 0.11247824
  vertex -0.089018665 1.1294872 0.22018996
 endloop
endfacet
facet normal -0.7761277 0.123957835 -0.618272
 outer loop
  vertex 0.039895102 1.1448224 0.103976205
  vertex 0.0951024 1.1194675 0.0295901
  vertex 0.07861062 1.0586152 0.038092196
 endloop
endfacet
facet normal -0.77612716 0.12395845 -0.61827254
 outer loop
  vertex 0.039895102 1.1448224 0.103976205
  vertex 0.07861062 1.0586152 0.038092196
  vertex 0.02340331 1.0839701 0.11247824
 endloop
endfacet
facet normal 0.53220654 0.6273089 -0.56854177
 outer loop
  vertex -0.16463539 1.2587678 0.28863317
  vertex -0.1509999 1.1345389 0.16432738
  vertex -0.19203368 1.1506655 0.14370961
 endloop
endfacet
facet normal 0.5322089 0.6273074 -0.5685411
 outer loop
  vertex -0.16463539 1.2587678 0.28863317
  vertex -0.19203368 1.1506655 0.14370961
  vertex -0.2056691 1.2748946 0.26801535
 endloop
endfacet
facet normal 0.5246783 0.67967886 -0.5125909
 outer loop
  vertex -0.1509999 1.1345389 0.16432738
  vertex -0.13884133 1.0671546 0.087423354
  vertex -0.1798751 1.0832814 0.06680551
 endloop
endfacet
facet normal 0.52467614 0.67968035 -0.51259106
 outer loop
  vertex -0.1509999 1.1345389 0.16432738
  vertex -0.1798751 1.0832814 0.06680551
  vertex -0.19203368 1.1506655 0.14370961
 endloop
endfacet
facet normal 0.48205215 0.814797 -0.32207376
 outer loop
  vertex -0.13884133 1.0671546 0.087423354
  vertex -0.10930259 1.0082196 -0.017462194
  vertex -0.1503363 1.0243462 -0.038080007
 endloop
endfacet
facet normal 0.48205367 0.81479627 -0.32207364
 outer loop
  vertex -0.13884133 1.0671546 0.087423354
  vertex -0.1503363 1.0243462 -0.038080007
  vertex -0.1798751 1.0832814 0.06680551
 endloop
endfacet
facet normal -0.5596635 -0.7818654 -0.2747055
 outer loop
  vertex -0.4108238 1.2816106 0.55243057
  vertex -0.25644672 1.2545834 0.31483963
  vertex -0.20293963 1.2019645 0.355592
 endloop
endfacet
facet normal -0.55966526 -0.78186333 -0.2747082
 outer loop
  vertex -0.4108238 1.2816106 0.55243057
  vertex -0.20293963 1.2019645 0.355592
  vertex -0.3573167 1.2289916 0.59318215
 endloop
endfacet
facet normal -0.48559025 -0.7327098 -0.47680014
 outer loop
  vertex -0.25644672 1.2545834 0.31483963
  vertex -0.16560912 1.2659038 0.20493095
  vertex -0.111228324 1.2086756 0.23749152
 endloop
endfacet
facet normal -0.46487552 -0.78694516 -0.4057191
 outer loop
  vertex -0.25644672 1.2545834 0.31483963
  vertex -0.111228324 1.2086756 0.23749152
  vertex -0.20293963 1.2019645 0.355592
 endloop
endfacet
facet normal -0.6709377 -0.7252997 -0.15421729
 outer loop
  vertex -0.16560912 1.2659038 0.20493095
  vertex -0.08303609 1.2316453 0.00680992
  vertex -0.028655306 1.1744173 0.039370477
 endloop
endfacet
facet normal -0.67093813 -0.72529924 -0.15421794
 outer loop
  vertex -0.16560912 1.2659038 0.20493095
  vertex -0.028655306 1.1744173 0.039370477
  vertex -0.111228324 1.2086756 0.23749152
 endloop
endfacet
facet normal -0.7927364 0.12983727 -0.59557635
 outer loop
  vertex -0.2522197 1.3040081 0.45359996
  vertex -0.12912533 1.2494434 0.27786106
  vertex -0.15046176 1.1674275 0.28838104
 endloop
endfacet
facet normal -0.79273635 0.12983753 -0.5955765
 outer loop
  vertex -0.2522197 1.3040081 0.45359996
  vertex -0.15046176 1.1674275 0.28838104
  vertex -0.27355617 1.2219923 0.46411994
 endloop
endfacet
facet normal -0.724421 0.10098999 -0.6819203
 outer loop
  vertex -0.12912533 1.2494434 0.27786106
  vertex 0.01076939 1.1929137 0.12087552
  vertex -0.010567099 1.1108978 0.13139555
 endloop
endfacet
facet normal -0.7244211 0.10098993 -0.6819202
 outer loop
  vertex -0.12912533 1.2494434 0.27786106
  vertex -0.010567099 1.1108978 0.13139555
  vertex -0.15046176 1.1674275 0.28838104
 endloop
endfacet
facet normal -0.8190079 0.14174868 -0.55599767
 outer loop
  vertex 0.01076939 1.1929137 0.12087552
  vertex 0.07735966 1.1619973 0.014903307
  vertex 0.056023184 1.0799814 0.025423318
 endloop
endfacet
facet normal -0.81900793 0.14174868 -0.55599767
 outer loop
  vertex 0.01076939 1.1929137 0.12087552
  vertex 0.056023184 1.0799814 0.025423318
  vertex -0.010567099 1.1108978 0.13139555
 endloop
endfacet
facet normal 0.3059898 0.93259114 -0.19142626
 outer loop
  vertex -0.15146938 1.4154624 0.7979629
  vertex -0.02242428 1.2950119 0.4174269
  vertex -0.13835973 1.2945894 0.23004895
 endloop
endfacet
facet normal 0.48595282 0.85705435 -0.171195
 outer loop
  vertex -0.15146938 1.4154624 0.7979629
  vertex -0.13835973 1.2945894 0.23004895
  vertex -0.2305263 1.4524074 0.75851035
 endloop
endfacet
facet normal 0.59264773 0.65937173 -0.46259883
 outer loop
  vertex -0.02242428 1.2950119 0.4174269
  vertex -0.054862045 1.1111754 0.113836154
  vertex -0.12339073 1.1482356 0.07886642
 endloop
endfacet
facet normal 0.71848285 0.53393996 -0.44574726
 outer loop
  vertex -0.02242428 1.2950119 0.4174269
  vertex -0.12339073 1.1482356 0.07886642
  vertex -0.13835973 1.2945894 0.23004895
 endloop
endfacet
facet normal 0.4601166 0.8870284 0.038384985
 outer loop
  vertex -0.054862045 1.1111754 0.113836154
  vertex -0.016837277 1.0953994 0.022601724
  vertex -0.08536597 1.1324596 -0.012368023
 endloop
endfacet
facet normal 0.4601153 0.88702905 0.038385414
 outer loop
  vertex -0.054862045 1.1111754 0.113836154
  vertex -0.08536597 1.1324596 -0.012368023
  vertex -0.12339073 1.1482356 0.07886642
 endloop
endfacet
facet normal 0.9759963 0.21470536 -0.036507193
 outer loop
  vertex -0.1526691 1.2484903 0.64687395
  vertex -0.14846358 1.1908203 0.42013836
  vertex -0.1671392 1.2719965 0.39826912
 endloop
endfacet
facet normal 0.9892464 0.1393554 -0.04440294
 outer loop
  vertex -0.1526691 1.2484903 0.64687395
  vertex -0.1671392 1.2719965 0.39826912
  vertex -0.1651955 1.3225495 0.6002295
 endloop
endfacet
facet normal 0.9807821 0.19274247 -0.030278103
 outer loop
  vertex -0.14846358 1.1908203 0.42013836
  vertex -0.14493081 1.1402824 0.21286204
  vertex -0.16151708 1.2213935 0.19192374
 endloop
endfacet
facet normal 0.97574216 0.2172886 -0.026701462
 outer loop
  vertex -0.14846358 1.1908203 0.42013836
  vertex -0.16151708 1.2213935 0.19192374
  vertex -0.1671392 1.2719965 0.39826912
 endloop
endfacet
facet normal 0.9044082 0.27018553 0.3302203
 outer loop
  vertex -0.14493081 1.1402824 0.21286204
  vertex -0.062357806 1.106024 0.014741033
  vertex -0.07894408 1.187135 -0.006197244
 endloop
endfacet
facet normal 0.9044083 0.2701853 0.3302203
 outer loop
  vertex -0.14493081 1.1402824 0.21286204
  vertex -0.07894408 1.187135 -0.006197244
  vertex -0.16151708 1.2213935 0.19192374
 endloop
endfacet
facet normal -0.80539316 0.23434003 -0.54445076
 outer loop
  vertex -0.29975116 1.3283126 0.5296899
  vertex -0.19505277 1.2404665 0.33700168
  vertex -0.23746976 1.2196245 0.39077744
 endloop
endfacet
facet normal -0.19257325 0.72907484 -0.6567841
 outer loop
  vertex -0.29975116 1.3283126 0.5296899
  vertex -0.23746976 1.2196245 0.39077744
  vertex -0.37257007 1.2894117 0.50785816
 endloop
endfacet
facet normal -0.11827319 0.64506644 -0.75491774
 outer loop
  vertex -0.19505277 1.2404665 0.33700168
  vertex -0.0016377866 1.0866036 0.1752257
  vertex -0.07445679 1.0477027 0.15339395
 endloop
endfacet
facet normal -0.7966344 0.07313398 -0.600021
 outer loop
  vertex -0.19505277 1.2404665 0.33700168
  vertex -0.07445679 1.0477027 0.15339395
  vertex -0.23746976 1.2196245 0.39077744
 endloop
endfacet
facet normal -0.27371487 0.8064868 -0.5240795
 outer loop
  vertex -0.0016377866 1.0866036 0.1752257
  vertex 0.074757665 1.0218844 0.03573209
  vertex 0.0019386634 0.98298335 0.01390034
 endloop
endfacet
facet normal -0.27371362 0.806487 -0.5240797
 outer loop
  vertex -0.0016377866 1.0866036 0.1752257
  vertex 0.0019386634 0.98298335 0.01390034
  vertex -0.07445679 1.0477027 0.15339395
 endloop
endfacet
facet normal 0.8762074 0.30871117 -0.3700783
 outer loop
  vertex -0.21950054 1.1995125 0.30887222
  vertex -0.25522506 1.1183116 0.15655392
  vertex -0.2765066 1.1588141 0.1399534
 endloop
endfacet
facet normal 0.876207 0.30871236 -0.3700784
 outer loop
  vertex -0.21950054 1.1995125 0.30887222
  vertex -0.2765066 1.1588141 0.1399534
  vertex -0.24078211 1.2400149 0.2922718
 endloop
endfacet
facet normal 0.87788916 0.31259623 -0.36275914
 outer loop
  vertex -0.25522506 1.1183116 0.15655392
  vertex -0.27093112 1.0814676 0.08679557
  vertex -0.29221272 1.12197 0.07019508
 endloop
endfacet
facet normal 0.8778895 0.31259474 -0.36275935
 outer loop
  vertex -0.25522506 1.1183116 0.15655392
  vertex -0.29221272 1.12197 0.07019508
  vertex -0.2765066 1.1588141 0.1399534
 endloop
endfacet
facet normal 0.89588463 0.4362468 -0.08413912
 outer loop
  vertex -0.27093112 1.0814676 0.08679557
  vertex -0.2611724 1.0390565 -0.029191166
  vertex -0.28245395 1.079559 -0.045791656
 endloop
endfacet
facet normal 0.89588416 0.43624786 -0.084139094
 outer loop
  vertex -0.27093112 1.0814676 0.08679557
  vertex -0.28245395 1.079559 -0.045791656
  vertex -0.29221272 1.12197 0.07019508
 endloop
endfacet
facet normal -0.44373894 0.6525115 -0.6142675
 outer loop
  vertex -0.102129675 1.1442417 0.30395693
  vertex -0.03914363 1.0902385 0.20109117
  vertex -0.0874239 1.04964 0.19284219
 endloop
endfacet
facet normal -0.44374028 0.6525109 -0.6142672
 outer loop
  vertex -0.102129675 1.1442417 0.30395693
  vertex -0.0874239 1.04964 0.19284219
  vertex -0.15040997 1.1036432 0.29570797
 endloop
endfacet
facet normal -0.38247544 0.59796506 -0.7043793
 outer loop
  vertex -0.03914363 1.0902385 0.20109117
  vertex 0.046347905 1.0115719 0.087887585
  vertex -0.0019323304 0.9709735 0.0796386
 endloop
endfacet
facet normal -0.3824753 0.5979652 -0.70437944
 outer loop
  vertex -0.03914363 1.0902385 0.20109117
  vertex -0.0019323304 0.9709735 0.0796386
  vertex -0.0874239 1.04964 0.19284219
 endloop
endfacet
facet normal -0.46286878 0.668685 -0.5819045
 outer loop
  vertex 0.046347905 1.0115719 0.087887585
  vertex 0.09033999 0.9749229 0.010780096
  vertex 0.042059716 0.9343245 0.002531141
 endloop
endfacet
facet normal -0.46286884 0.66868496 -0.5819045
 outer loop
  vertex 0.046347905 1.0115719 0.087887585
  vertex 0.042059716 0.9343245 0.002531141
  vertex -0.0019323304 0.9709735 0.0796386
 endloop
endfacet
facet normal 0.52626574 -0.64828575 0.5502454
 outer loop
  vertex -0.42230734 1.2860639 0.6403346
  vertex -0.32311374 1.1998333 0.443869
  vertex -0.25995854 1.2569048 0.45070642
 endloop
endfacet
facet normal 0.5262644 -0.64828753 0.5502445
 outer loop
  vertex -0.42230734 1.2860639 0.6403346
  vertex -0.25995854 1.2569048 0.45070642
  vertex -0.35915175 1.3431356 0.64717215
 endloop
endfacet
facet normal 0.66339546 -0.7438473 0.081224926
 outer loop
  vertex -0.32311374 1.1998333 0.443869
  vertex -0.29440105 1.1988009 0.19990717
  vertex -0.23124555 1.2558724 0.20674461
 endloop
endfacet
facet normal 0.6633979 -0.74384516 0.08122638
 outer loop
  vertex -0.32311374 1.1998333 0.443869
  vertex -0.23124555 1.2558724 0.20674461
  vertex -0.25995854 1.2569048 0.45070642
 endloop
endfacet
facet normal 0.6680189 -0.74335027 0.034367602
 outer loop
  vertex -0.29440105 1.1988009 0.19990717
  vertex -0.27627826 1.204968 -0.01896429
  vertex -0.21312273 1.2620394 -0.012126863
 endloop
endfacet
facet normal 0.66801906 -0.74335015 0.034367703
 outer loop
  vertex -0.29440105 1.1988009 0.19990717
  vertex -0.21312273 1.2620394 -0.012126863
  vertex -0.23124555 1.2558724 0.20674461
 endloop
endfacet
facet normal -0.11568753 0.8978317 -0.4248701
 outer loop
  vertex -0.22682899 0.9696262 0.31530005
  vertex -0.17028627 0.9239912 0.20346864
  vertex -0.21400583 0.9105022 0.18686815
 endloop
endfacet
facet normal -0.11568798 0.8978316 -0.4248701
 outer loop
  vertex -0.22682899 0.9696262 0.31530005
  vertex -0.21400583 0.9105022 0.18686815
  vertex -0.27054858 0.9561372 0.29869962
 endloop
endfacet
facet normal -0.1742668 0.93708706 -0.30248806
 outer loop
  vertex -0.17028627 0.9239912 0.20346864
  vertex -0.12874374 0.90213346 0.111821756
  vertex -0.17246333 0.8886445 0.09522128
 endloop
endfacet
facet normal -0.17426807 0.9370868 -0.30248797
 outer loop
  vertex -0.17028627 0.9239912 0.20346864
  vertex -0.17246333 0.8886445 0.09522128
  vertex -0.21400583 0.9105022 0.18686815
 endloop
endfacet
facet normal -0.26446557 0.9607178 -0.084139444
 outer loop
  vertex -0.12874374 0.90213346 0.111821756
  vertex -0.08526207 0.90394497 -0.0041649938
  vertex -0.12898162 0.890456 -0.020765483
 endloop
endfacet
facet normal -0.26446533 0.9607177 -0.08413944
 outer loop
  vertex -0.12874374 0.90213346 0.111821756
  vertex -0.12898162 0.890456 -0.020765483
  vertex -0.17246333 0.8886445 0.09522128
 endloop
endfacet
facet normal -0.7228506 -0.3164847 -0.61426735
 outer loop
  vertex -0.056411766 0.81577796 0.3499741
  vertex 0.008231245 0.8677863 0.24710834
  vertex 0.03928207 0.81287676 0.23885936
 endloop
endfacet
facet normal -0.72285074 -0.31648436 -0.61426747
 outer loop
  vertex -0.056411766 0.81577796 0.3499741
  vertex 0.03928207 0.81287676 0.23885936
  vertex -0.025360942 0.7608684 0.3417251
 endloop
endfacet
facet normal -0.65798986 -0.2662691 -0.7043792
 outer loop
  vertex 0.008231245 0.8677863 0.24710834
  vertex 0.1012482 0.93739283 0.13390471
  vertex 0.13229904 0.88248324 0.12565573
 endloop
endfacet
facet normal -0.6579899 -0.26626918 -0.7043792
 outer loop
  vertex 0.008231245 0.8677863 0.24710834
  vertex 0.13229904 0.88248324 0.12565573
  vertex 0.03928207 0.81287676 0.23885936
 endloop
endfacet
facet normal -0.74225986 -0.33232144 -0.5819044
 outer loop
  vertex 0.1012482 0.93739283 0.13390471
  vertex 0.14534661 0.9739138 0.056797236
  vertex 0.1763974 0.9190042 0.04854825
 endloop
endfacet
facet normal -0.74225974 -0.3323221 -0.5819042
 outer loop
  vertex 0.1012482 0.93739283 0.13390471
  vertex 0.1763974 0.9190042 0.04854825
  vertex 0.13229904 0.88248324 0.12565573
 endloop
endfacet
facet normal 0.9062901 -0.18194956 0.3814875
 outer loop
  vertex -0.2116991 0.9751206 0.6232629
  vertex -0.12010109 1.0312115 0.43240824
  vertex -0.1134452 1.1099126 0.45413235
 endloop
endfacet
facet normal 0.9079598 -0.19929728 0.36863196
 outer loop
  vertex -0.2116991 0.9751206 0.6232629
  vertex -0.1134452 1.1099126 0.45413235
  vertex -0.20975572 1.0592765 0.6639743
 endloop
endfacet
facet normal 0.9931569 -0.061739393 -0.09913444
 outer loop
  vertex -0.12010109 1.0312115 0.43240824
  vertex -0.13773382 1.0910718 0.21847844
  vertex -0.13033387 1.1729363 0.24162927
 endloop
endfacet
facet normal 0.99371374 -0.057530485 -0.09603761
 outer loop
  vertex -0.12010109 1.0312115 0.43240824
  vertex -0.13033387 1.1729363 0.24162927
  vertex -0.1134452 1.1099126 0.45413235
 endloop
endfacet
facet normal 0.98796636 -0.047697216 -0.14713034
 outer loop
  vertex -0.13773382 1.0910718 0.21847844
  vertex -0.16588154 1.1527185 0.009484261
  vertex -0.1584816 1.2345831 0.032635063
 endloop
endfacet
facet normal 0.98796636 -0.04769723 -0.14713034
 outer loop
  vertex -0.13773382 1.0910718 0.21847844
  vertex -0.1584816 1.2345831 0.032635063
  vertex -0.13033387 1.1729363 0.24162927
 endloop
endfacet
facet normal -0.84710044 0.45898578 -0.2678673
 outer loop
  vertex -0.22512913 0.8090427 0.48641503
  vertex -0.15047458 0.89027035 0.38951048
  vertex -0.17589203 0.7814228 0.283382
 endloop
endfacet
facet normal -0.84710044 0.45898584 -0.26786733
 outer loop
  vertex -0.22512913 0.8090427 0.48641503
  vertex -0.17589203 0.7814228 0.283382
  vertex -0.25430828 0.7359048 0.4533704
 endloop
endfacet
facet normal -0.7015678 0.50641286 -0.5013467
 outer loop
  vertex -0.15047458 0.89027035 0.38951048
  vertex 0.0030525029 0.9148633 0.19951124
  vertex -0.026126668 0.84172535 0.1664666
 endloop
endfacet
facet normal -0.6238662 0.61539453 -0.48174733
 outer loop
  vertex -0.15047458 0.89027035 0.38951048
  vertex -0.026126668 0.84172535 0.1664666
  vertex -0.17589203 0.7814228 0.283382
 endloop
endfacet
facet normal -0.83209515 0.46709508 -0.2990649
 outer loop
  vertex 0.0030525029 0.9148633 0.19951124
  vertex 0.07806799 0.95260394 0.04973924
  vertex 0.04888882 0.87946606 0.016694576
 endloop
endfacet
facet normal -0.8320954 0.46709475 -0.2990649
 outer loop
  vertex 0.0030525029 0.9148633 0.19951124
  vertex 0.04888882 0.87946606 0.016694576
  vertex -0.026126668 0.84172535 0.1664666
 endloop
endfacet
facet normal 0.55313164 0.83076066 0.0623067
 outer loop
  vertex -0.10135978 1.0565581 0.6131627
  vertex -0.10366758 1.0737163 0.40487373
  vertex -0.17253259 1.119405 0.40704045
 endloop
endfacet
facet normal 0.5864072 0.8088137 0.044125196
 outer loop
  vertex -0.10135978 1.0565581 0.6131627
  vertex -0.17253259 1.119405 0.40704045
  vertex -0.17654476 1.1095616 0.6407912
 endloop
endfacet
facet normal 0.56381655 0.8259001 -6.004278e-05
 outer loop
  vertex -0.10366758 1.0737163 0.40487373
  vertex -0.10442748 1.074221 0.21191649
  vertex -0.17495298 1.1223667 0.21273343
 endloop
endfacet
facet normal 0.55296296 0.83318555 0.0058114366
 outer loop
  vertex -0.10366758 1.0737163 0.40487373
  vertex -0.17495298 1.1223667 0.21273343
  vertex -0.17253259 1.119405 0.40704045
 endloop
endfacet
facet normal 0.5171927 0.7506263 0.4111836
 outer loop
  vertex -0.10442748 1.074221 0.21191649
  vertex -0.055600278 1.1491065 0.013795525
  vertex -0.12612581 1.1972522 0.014612436
 endloop
endfacet
facet normal 0.51719296 0.75062615 0.41118345
 outer loop
  vertex -0.10442748 1.074221 0.21191649
  vertex -0.12612581 1.1972522 0.014612436
  vertex -0.17495298 1.1223667 0.21273343
 endloop
endfacet
facet normal -0.23544896 0.9593854 0.1553812
 outer loop
  vertex -0.27792865 1.0340186 0.84002924
  vertex -0.18058869 1.1151923 0.48632988
  vertex -0.26058117 1.099702 0.46076062
 endloop
endfacet
facet normal -0.23544522 0.9593863 0.15538155
 outer loop
  vertex -0.27792865 1.0340186 0.84002924
  vertex -0.26058117 1.099702 0.46076062
  vertex -0.35792157 1.0185285 0.81446064
 endloop
endfacet
facet normal -0.12209733 0.9708654 -0.20618574
 outer loop
  vertex -0.18058869 1.1151923 0.48632988
  vertex -0.081494935 1.0497202 0.11936122
  vertex -0.16148737 1.03423 0.09379199
 endloop
endfacet
facet normal -0.12209862 0.9708653 -0.20618577
 outer loop
  vertex -0.18058869 1.1151923 0.48632988
  vertex -0.16148737 1.03423 0.09379199
  vertex -0.26058117 1.099702 0.46076062
 endloop
endfacet
facet normal -0.26849833 0.9210844 0.28197908
 outer loop
  vertex -0.081494935 1.0497202 0.11936122
  vertex -0.05901008 1.0842049 0.028126746
  vertex -0.13900253 1.0687146 0.0025575757
 endloop
endfacet
facet normal -0.26849714 0.9210849 0.28197858
 outer loop
  vertex -0.081494935 1.0497202 0.11936122
  vertex -0.13900253 1.0687146 0.0025575757
  vertex -0.16148737 1.03423 0.09379199
 endloop
endfacet
facet normal -0.7577259 -0.34764314 -0.5522642
 outer loop
  vertex -0.07638446 0.82095236 0.40842456
  vertex -0.054065265 0.9158592 0.3180592
  vertex 0.04124175 0.81521285 0.25065023
 endloop
endfacet
facet normal -0.75772595 -0.34764278 -0.55226433
 outer loop
  vertex -0.07638446 0.82095236 0.40842456
  vertex 0.04124175 0.81521285 0.25065023
  vertex -0.03405709 0.7477617 0.39642242
 endloop
endfacet
facet normal -0.70047265 -0.29881507 -0.64811075
 outer loop
  vertex -0.054065265 0.9158592 0.3180592
  vertex 0.05773951 1.0072426 0.15508875
  vertex 0.10006689 0.93405193 0.14308663
 endloop
endfacet
facet normal -0.7161739 -0.23900293 -0.655723
 outer loop
  vertex -0.054065265 0.9158592 0.3180592
  vertex 0.10006689 0.93405193 0.14308663
  vertex 0.04124175 0.81521285 0.25065023
 endloop
endfacet
facet normal -0.77445954 -0.3629091 -0.51817894
 outer loop
  vertex 0.05773951 1.0072426 0.15508875
  vertex 0.108419 1.0543867 0.046326578
  vertex 0.15074638 0.98119605 0.034324408
 endloop
endfacet
facet normal -0.7744594 -0.36290976 -0.5181787
 outer loop
  vertex 0.05773951 1.0072426 0.15508875
  vertex 0.15074638 0.98119605 0.034324408
  vertex 0.10006689 0.93405193 0.14308663
 endloop
endfacet
facet normal 0.08612408 -0.8705567 -0.48447245
 outer loop
  vertex -0.12170284 0.85099256 0.5457638
  vertex -0.033212982 0.98917294 0.31319588
  vertex 0.0476174 0.98231995 0.33987924
 endloop
endfacet
facet normal 0.08612389 -0.8705567 -0.4844726
 outer loop
  vertex -0.12170284 0.85099256 0.5457638
  vertex 0.0476174 0.98231995 0.33987924
  vertex -0.040872432 0.8441396 0.5724471
 endloop
endfacet
facet normal 0.019486418 -0.87832695 -0.47766295
 outer loop
  vertex -0.033212982 0.98917294 0.31319588
  vertex 0.0025015026 1.0468695 0.20856036
  vertex 0.08570944 1.0391501 0.22614929
 endloop
endfacet
facet normal 0.065058574 -0.9011842 -0.42852592
 outer loop
  vertex -0.033212982 0.98917294 0.31319588
  vertex 0.08570944 1.0391501 0.22614929
  vertex 0.0476174 0.98231995 0.33987924
 endloop
endfacet
facet normal -0.01143446 -0.93441343 -0.3560067
 outer loop
  vertex 0.0025015026 1.0468695 0.20856036
  vertex 0.0513287 1.1217551 0.0104393065
  vertex 0.13453665 1.1140356 0.02802825
 endloop
endfacet
facet normal -0.011433358 -0.9344138 -0.35600603
 outer loop
  vertex 0.0025015026 1.0468695 0.20856036
  vertex 0.13453665 1.1140356 0.02802825
  vertex 0.08570944 1.0391501 0.22614929
 endloop
endfacet
facet normal -0.24910168 -0.7184489 -0.6494455
 outer loop
  vertex -0.0602173 0.87560195 0.35623097
  vertex -0.0105941 0.94782263 0.25730336
  vertex 0.046199214 0.9204457 0.26580542
 endloop
endfacet
facet normal -0.24910171 -0.71844894 -0.6494455
 outer loop
  vertex -0.0602173 0.87560195 0.35623097
  vertex 0.046199214 0.9204457 0.26580542
  vertex -0.0034239888 0.848225 0.36473304
 endloop
endfacet
facet normal -0.20158087 -0.64664704 -0.7356716
 outer loop
  vertex -0.0105941 0.94782263 0.25730336
  vertex 0.054777183 1.0499847 0.14959171
  vertex 0.1115705 1.0226078 0.1580938
 endloop
endfacet
facet normal -0.2015815 -0.64664644 -0.73567194
 outer loop
  vertex -0.0105941 0.94782263 0.25730336
  vertex 0.1115705 1.0226078 0.1580938
  vertex 0.046199214 0.9204457 0.26580542
 endloop
endfacet
facet normal -0.26425648 -0.7402081 -0.6182722
 outer loop
  vertex 0.054777183 1.0499847 0.14959171
  vertex 0.089831 1.0996027 0.075205624
  vertex 0.14662433 1.0722258 0.08370769
 endloop
endfacet
facet normal -0.26425645 -0.74020815 -0.61827207
 outer loop
  vertex 0.054777183 1.0499847 0.14959171
  vertex 0.14662433 1.0722258 0.08370769
  vertex 0.1115705 1.0226078 0.1580938
 endloop
endfacet
facet normal -0.47248125 0.6335253 -0.6127049
 outer loop
  vertex -0.18370378 0.94157803 0.30106497
  vertex -0.085160635 0.929016 0.2120855
  vertex -0.108542316 0.8916378 0.1914677
 endloop
endfacet
facet normal -0.47248107 0.6335253 -0.6127048
 outer loop
  vertex -0.18370378 0.94157803 0.30106497
  vertex -0.108542316 0.8916378 0.1914677
  vertex -0.20708546 0.90419984 0.28044716
 endloop
endfacet
facet normal -0.57187384 0.6404773 -0.5125907
 outer loop
  vertex -0.085160635 0.929016 0.2120855
  vertex -0.016689524 0.9286046 0.13518141
  vertex -0.04007121 0.8912264 0.114563584
 endloop
endfacet
facet normal -0.57187414 0.64047694 -0.5125907
 outer loop
  vertex -0.085160635 0.929016 0.2120855
  vertex -0.04007121 0.8912264 0.114563584
  vertex -0.108542316 0.8916378 0.1914677
 endloop
endfacet
facet normal -0.7125183 0.62336695 -0.32207346
 outer loop
  vertex -0.016689524 0.9286046 0.13518141
  vertex 0.04666479 0.9468286 0.030295819
  vertex 0.023283087 0.9094504 0.009678036
 endloop
endfacet
facet normal -0.7125182 0.6233671 -0.32207346
 outer loop
  vertex -0.016689524 0.9286046 0.13518141
  vertex 0.023283087 0.9094504 0.009678036
  vertex -0.04007121 0.8912264 0.114563584
 endloop
endfacet
facet normal 0.4687472 -0.7580615 -0.45345214
 outer loop
  vertex -0.09332926 0.8856886 0.52743655
  vertex -0.10956838 1.0001872 0.31923598
  vertex 0.023107037 1.0754305 0.330598
 endloop
endfacet
facet normal 0.6659061 -0.69361776 -0.27470604
 outer loop
  vertex -0.09332926 0.8856886 0.52743655
  vertex 0.023107037 1.0754305 0.330598
  vertex -0.031786196 0.928633 0.5681889
 endloop
endfacet
facet normal 0.61512023 -0.73787814 -0.2777821
 outer loop
  vertex -0.10956838 1.0001872 0.31923598
  vertex -0.085714854 1.06023 0.21256416
  vertex -0.019480504 1.1031874 0.24512473
 endloop
endfacet
facet normal 0.46466997 -0.7477179 -0.47434133
 outer loop
  vertex -0.10956838 1.0001872 0.31923598
  vertex -0.019480504 1.1031874 0.24512473
  vertex 0.023107037 1.0754305 0.330598
 endloop
endfacet
facet normal 0.5898844 -0.7926244 -0.15421717
 outer loop
  vertex -0.085714854 1.06023 0.21256416
  vertex -0.03688764 1.1351155 0.014443189
  vertex 0.02934669 1.178073 0.047003746
 endloop
endfacet
facet normal 0.58988357 -0.79262495 -0.15421811
 outer loop
  vertex -0.085714854 1.06023 0.21256416
  vertex 0.02934669 1.178073 0.047003746
  vertex -0.019480504 1.1031874 0.24512473
 endloop
endfacet
facet normal -0.2758469 -0.75946814 -0.589166
 outer loop
  vertex -0.1335367 0.89766276 0.4651733
  vertex -0.07285247 0.9855174 0.32351145
  vertex 0.003856331 0.94949496 0.3340314
 endloop
endfacet
facet normal -0.2758468 -0.75946826 -0.5891659
 outer loop
  vertex -0.1335367 0.89766276 0.4651733
  vertex 0.003856331 0.94949496 0.3340314
  vertex -0.05682791 0.86164033 0.4756933
 endloop
endfacet
facet normal -0.23219153 -0.69359356 -0.6819201
 outer loop
  vertex -0.07285247 0.9855174 0.32351145
  vertex 0.008385338 1.1126652 0.16652589
  vertex 0.08509414 1.0766428 0.17704587
 endloop
endfacet
facet normal -0.23219171 -0.69359344 -0.68192023
 outer loop
  vertex -0.07285247 0.9855174 0.32351145
  vertex 0.08509414 1.0766428 0.17704587
  vertex 0.003856331 0.94949496 0.3340314
 endloop
endfacet
facet normal -0.28961203 -0.7790969 -0.5559972
 outer loop
  vertex 0.008385338 1.1126652 0.16652589
  vertex 0.050994657 1.1724524 0.06055367
  vertex 0.12770344 1.1364301 0.07107365
 endloop
endfacet
facet normal -0.28961277 -0.7790962 -0.5559979
 outer loop
  vertex 0.008385338 1.1126652 0.16652589
  vertex 0.12770344 1.1364301 0.07107365
  vertex 0.08509414 1.0766428 0.17704587
 endloop
endfacet
facet normal -0.8649936 0.46791548 -0.18122113
 outer loop
  vertex -0.2942587 1.025053 0.8053449
  vertex -0.17039347 1.1218659 0.46409097
  vertex -0.19247171 1.0081234 0.27578884
 endloop
endfacet
facet normal -0.75831074 0.6304271 -0.16591083
 outer loop
  vertex -0.2942587 1.025053 0.8053449
  vertex -0.19247171 1.0081234 0.27578884
  vertex -0.34524307 0.95324504 0.76551795
 endloop
endfacet
facet normal -0.5634975 0.7047824 -0.43098986
 outer loop
  vertex -0.17039347 1.1218659 0.46409097
  vertex 0.008531801 1.0656611 0.13824551
  vertex -0.040472753 1.0050955 0.10327573
 endloop
endfacet
facet normal -0.4599267 0.7828959 -0.4189764
 outer loop
  vertex -0.17039347 1.1218659 0.46409097
  vertex -0.040472753 1.0050955 0.10327573
  vertex -0.19247171 1.0081234 0.27578884
 endloop
endfacet
facet normal -0.7875492 0.61505514 0.038385544
 outer loop
  vertex 0.008531801 1.0656611 0.13824551
  vertex 0.031016663 1.1001458 0.047011018
  vertex -0.017987907 1.0395802 0.012041301
 endloop
endfacet
facet normal -0.7875494 0.61505497 0.038385596
 outer loop
  vertex 0.008531801 1.0656611 0.13824551
  vertex -0.017987907 1.0395802 0.012041301
  vertex -0.040472753 1.0050955 0.10327573
 endloop
endfacet
facet normal -0.33767733 0.94125164 0.0043868693
 outer loop
  vertex -0.11764703 1.0458974 0.87184167
  vertex -0.076865934 1.0619509 0.5664792
  vertex -0.19818377 1.0192078 0.39909643
 endloop
endfacet
facet normal 0.30619347 0.94609684 -0.10557633
 outer loop
  vertex -0.11764703 1.0458974 0.87184167
  vertex -0.19818377 1.0192078 0.39909643
  vertex -0.21710584 1.0669755 0.7722767
 endloop
endfacet
facet normal -0.39958686 0.91327745 -0.07908609
 outer loop
  vertex -0.076865934 1.0619509 0.5664792
  vertex -0.04913514 1.0386089 0.15681681
  vertex -0.11523069 1.0146858 0.21450624
 endloop
endfacet
facet normal -0.19175038 0.9752528 -0.11006253
 outer loop
  vertex -0.076865934 1.0619509 0.5664792
  vertex -0.11523069 1.0146858 0.21450624
  vertex -0.19818377 1.0192078 0.39909643
 endloop
endfacet
facet normal -0.104678065 0.93065476 0.35060528
 outer loop
  vertex -0.04913514 1.0386089 0.15681681
  vertex 0.016373843 1.0909939 0.037323534
  vertex -0.066403486 1.0895714 0.016385198
 endloop
endfacet
facet normal -0.03828321 0.93780804 0.34503686
 outer loop
  vertex -0.04913514 1.0386089 0.15681681
  vertex -0.066403486 1.0895714 0.016385198
  vertex -0.11523069 1.0146858 0.21450624
 endloop
endfacet
facet normal -0.8585573 -0.13410825 -0.49486813
 outer loop
  vertex -0.14861631 0.82553875 0.4796793
  vertex -0.108402245 0.9277404 0.3822146
  vertex -0.042454787 0.8168826 0.2978432
 endloop
endfacet
facet normal -0.8585573 -0.1341078 -0.4948682
 outer loop
  vertex -0.14861631 0.82553875 0.4796793
  vertex -0.042454787 0.8168826 0.2978432
  vertex -0.123736374 0.7468186 0.45784748
 endloop
endfacet
facet normal -0.7084669 -0.028346337 -0.7051745
 outer loop
  vertex -0.108402245 0.9277404 0.3822146
  vertex 0.049411453 1.0226475 0.21984905
  vertex 0.07429139 0.9439273 0.19801731
 endloop
endfacet
facet normal -0.7106225 0.106559634 -0.6954572
 outer loop
  vertex -0.108402245 0.9277404 0.3822146
  vertex 0.07429139 0.9439273 0.19801731
  vertex -0.042454787 0.8168826 0.2978432
 endloop
endfacet
facet normal -0.8430163 -0.12109508 -0.5240796
 outer loop
  vertex 0.049411453 1.0226475 0.21984905
  vertex 0.12704895 1.0858715 0.080355376
  vertex 0.15192889 1.0071511 0.058523685
 endloop
endfacet
facet normal -0.8430164 -0.12109503 -0.5240796
 outer loop
  vertex 0.049411453 1.0226475 0.21984905
  vertex 0.15192889 1.0071511 0.058523685
  vertex 0.07429139 0.9439273 0.19801731
 endloop
endfacet
facet normal 0.62105733 0.43849882 0.64962023
 outer loop
  vertex -0.24237156 0.8790475 0.6069808
  vertex -0.15053266 0.97361517 0.45534602
  vertex -0.19529176 1.0384095 0.45440045
 endloop
endfacet
facet normal 0.79235107 0.28324875 0.5403239
 outer loop
  vertex -0.24237156 0.8790475 0.6069808
  vertex -0.19529176 1.0384095 0.45440045
  vertex -0.29742292 0.9557544 0.64749885
 endloop
endfacet
facet normal 0.8533165 0.5177109 0.061858043
 outer loop
  vertex -0.15053266 0.97361517 0.45534602
  vertex -0.14624378 0.99662787 0.20358087
  vertex -0.19075873 1.0691826 0.21041831
 endloop
endfacet
facet normal 0.8190834 0.5670785 0.08674291
 outer loop
  vertex -0.15053266 0.97361517 0.45534602
  vertex -0.19075873 1.0691826 0.21041831
  vertex -0.19529176 1.0384095 0.45440045
 endloop
endfacet
facet normal 0.85329795 0.5202898 0.03436731
 outer loop
  vertex -0.14624378 0.99662787 0.20358087
  vertex -0.14898103 1.0155745 -0.015290588
  vertex -0.19349599 1.0881293 -0.00845319
 endloop
endfacet
facet normal 0.8532977 0.5202901 0.03436747
 outer loop
  vertex -0.14624378 0.99662787 0.20358087
  vertex -0.19349599 1.0881293 -0.00845319
  vertex -0.19075873 1.0691826 0.21041831
 endloop
endfacet
facet normal -0.90169996 0.08014506 -0.42486945
 outer loop
  vertex 0.006922923 0.8758682 0.3126247
  vertex 0.063652 0.92127126 0.20079322
  vertex 0.06742112 0.87567365 0.18419273
 endloop
endfacet
facet normal -0.9016999 0.080145136 -0.42486942
 outer loop
  vertex 0.006922923 0.8758682 0.3126247
  vertex 0.06742112 0.87567365 0.18419273
  vertex 0.010692053 0.8302705 0.29602417
 endloop
endfacet
facet normal -0.95263654 0.031379484 -0.30248788
 outer loop
  vertex 0.063652 0.92127126 0.20079322
  vertex 0.09393386 0.95713973 0.10914634
  vertex 0.09770299 0.91154206 0.09254587
 endloop
endfacet
facet normal -0.9526365 0.031379774 -0.30248788
 outer loop
  vertex 0.063652 0.92127126 0.20079322
  vertex 0.09770299 0.91154206 0.09254587
  vertex 0.06742112 0.87567365 0.18419273
 endloop
endfacet
facet normal -0.9951159 -0.05162468 -0.08413921
 outer loop
  vertex 0.09393386 0.95713973 0.10914634
  vertex 0.10151763 0.99999326 -0.006840408
  vertex 0.10528676 0.95439553 -0.023440897
 endloop
endfacet
facet normal -0.9951158 -0.05162478 -0.08413921
 outer loop
  vertex 0.09393386 0.95713973 0.10914634
  vertex 0.10528676 0.95439553 -0.023440897
  vertex 0.09770299 0.91154206 0.09254587
 endloop
endfacet
facet normal 0.15359119 -0.77400607 -0.6142674
 outer loop
  vertex 0.29945186 0.7455828 0.34729868
  vertex 0.26256564 0.8198997 0.2444329
  vertex 0.32286894 0.83841264 0.2361839
 endloop
endfacet
facet normal 0.15359157 -0.774006 -0.61426723
 outer loop
  vertex 0.29945186 0.7455828 0.34729868
  vertex 0.32286894 0.83841264 0.2361839
  vertex 0.3597552 0.7640958 0.33904973
 endloop
endfacet
facet normal 0.11850296 -0.69986206 -0.70437926
 outer loop
  vertex 0.26256564 0.8198997 0.2444329
  vertex 0.21459635 0.92571163 0.13122928
  vertex 0.27489963 0.9442246 0.12298031
 endloop
endfacet
facet normal 0.11850264 -0.69986206 -0.7043793
 outer loop
  vertex 0.26256564 0.8198997 0.2444329
  vertex 0.27489963 0.9442246 0.12298031
  vertex 0.32286894 0.83841264 0.2361839
 endloop
endfacet
facet normal 0.1648832 -0.7963672 -0.5819045
 outer loop
  vertex 0.21459635 0.92571163 0.13122928
  vertex 0.18841586 0.9766334 0.054121822
  vertex 0.24871913 0.9951464 0.045872837
 endloop
endfacet
facet normal 0.16488338 -0.7963672 -0.5819044
 outer loop
  vertex 0.21459635 0.92571163 0.13122928
  vertex 0.24871913 0.9951464 0.045872837
  vertex 0.27489963 0.9442246 0.12298031
 endloop
endfacet
facet normal 0.429286 0.82992345 0.35628724
 outer loop
  vertex 0.22506326 0.99576795 0.63910973
  vertex 0.19632864 1.1007161 0.42926902
  vertex 0.11501829 1.130292 0.45834562
 endloop
endfacet
facet normal 0.24987371 0.8434429 0.47557038
 outer loop
  vertex 0.22506326 0.99576795 0.63910973
  vertex 0.11501829 1.130292 0.45834562
  vertex 0.15073857 1.0172585 0.64004695
 endloop
endfacet
facet normal 0.27450153 0.95666057 -0.09720892
 outer loop
  vertex 0.19632864 1.1007161 0.42926902
  vertex 0.13448903 1.0967693 0.21580303
  vertex 0.056132495 1.1216052 0.23895387
 endloop
endfacet
facet normal 0.30174375 0.9460027 -0.11844681
 outer loop
  vertex 0.19632864 1.1007161 0.42926902
  vertex 0.056132495 1.1216052 0.23895387
  vertex 0.11501829 1.130292 0.45834562
 endloop
endfacet
facet normal 0.2590927 0.9545803 -0.14713025
 outer loop
  vertex 0.13448903 1.0967693 0.21580303
  vertex 0.06823072 1.0825408 0.0068088174
  vertex -0.010125808 1.1073766 0.029959649
 endloop
endfacet
facet normal 0.25909266 0.95458037 -0.1471302
 outer loop
  vertex 0.13448903 1.0967693 0.21580303
  vertex -0.010125808 1.1073766 0.029959649
  vertex 0.056132495 1.1216052 0.23895387
 endloop
endfacet
facet normal -0.6304533 -0.7285436 -0.2678673
 outer loop
  vertex 0.15923129 0.72525555 0.47847024
  vertex 0.13164616 0.81162715 0.30848184
  vertex 0.1967956 0.7673991 0.27543712
 endloop
endfacet
facet normal -0.63045305 -0.7285439 -0.26786733
 outer loop
  vertex 0.15923129 0.72525555 0.47847024
  vertex 0.1967956 0.7673991 0.27543712
  vertex 0.22438076 0.6810275 0.44542557
 endloop
endfacet
facet normal -0.6370798 -0.50040674 -0.58627844
 outer loop
  vertex 0.13164616 0.81162715 0.30848184
  vertex 0.12329884 0.9530592 0.19683585
  vertex 0.1884483 0.9088311 0.16379118
 endloop
endfacet
facet normal -0.63708025 -0.5004064 -0.5862783
 outer loop
  vertex 0.13164616 0.81162715 0.30848184
  vertex 0.1884483 0.9088311 0.16379118
  vertex 0.1967956 0.7673991 0.27543712
 endloop
endfacet
facet normal -0.63514453 -0.71214586 -0.29906476
 outer loop
  vertex 0.12329884 0.9530592 0.19683585
  vertex 0.10257739 1.0344367 0.047063828
  vertex 0.16772686 0.9902086 0.014019161
 endloop
endfacet
facet normal -0.63514465 -0.71214575 -0.29906476
 outer loop
  vertex 0.12329884 0.9530592 0.19683585
  vertex 0.16772686 0.9902086 0.014019161
  vertex 0.1884483 0.9088311 0.16379118
 endloop
endfacet
facet normal -0.68430394 0.7278433 0.044408396
 outer loop
  vertex 0.10567118 1.1107724 0.637308
  vertex 0.09692126 1.1168078 0.4035579
  vertex 0.034732584 1.0582894 0.4043748
 endloop
endfacet
facet normal -0.6843047 0.7278426 0.044408806
 outer loop
  vertex 0.10567118 1.1107724 0.637308
  vertex 0.034732584 1.0582894 0.4043748
  vertex 0.043482516 1.0522538 0.6381249
 endloop
endfacet
facet normal -0.68524265 0.72829497 0.005389823
 outer loop
  vertex 0.09692126 1.1168078 0.4035579
  vertex 0.094112806 1.1156034 0.20924109
  vertex 0.031924106 1.0570849 0.21005802
 endloop
endfacet
facet normal -0.68524194 0.7282955 0.005389456
 outer loop
  vertex 0.09692126 1.1168078 0.4035579
  vertex 0.031924106 1.0570849 0.21005802
  vertex 0.034732584 1.0582894 0.4043748
 endloop
endfacet
facet normal -0.62180716 0.6665462 0.4111836
 outer loop
  vertex 0.094112806 1.1156034 0.20924109
  vertex 0.03148292 1.1793956 0.011120111
  vertex -0.030705802 1.120877 0.011937052
 endloop
endfacet
facet normal -0.62180734 0.6665461 0.41118374
 outer loop
  vertex 0.094112806 1.1156034 0.20924109
  vertex -0.030705802 1.120877 0.011937052
  vertex 0.031924106 1.0570849 0.21005802
 endloop
endfacet
facet normal -0.9875733 -0.023573233 0.1553814
 outer loop
  vertex -0.0109111145 0.9246785 0.5954441
  vertex -0.069247045 1.0372001 0.24174336
  vertex -0.07132579 0.9557485 0.2161741
 endloop
endfacet
facet normal -0.9875733 -0.023571642 0.15538153
 outer loop
  vertex -0.0109111145 0.9246785 0.5954441
  vertex -0.07132579 0.9557485 0.2161741
  vertex -0.012989864 0.8432267 0.5698756
 endloop
endfacet
facet normal -0.82923084 0.1865518 -0.5268535
 outer loop
  vertex -0.069247045 1.0372001 0.24174336
  vertex 0.01829908 1.073163 0.11668582
  vertex 0.016220346 0.99171114 0.09111658
 endloop
endfacet
facet normal -0.8292306 0.18655272 -0.5268536
 outer loop
  vertex -0.069247045 1.0372001 0.24174336
  vertex 0.016220346 0.99171114 0.09111658
  vertex -0.07132579 0.9557485 0.2161741
 endloop
endfacet
facet normal -0.95727783 -0.06408735 0.28197873
 outer loop
  vertex 0.01829908 1.073163 0.11668582
  vertex -0.010541901 1.1025393 0.025451332
  vertex -0.012620635 1.0210873 -0.000117868185
 endloop
endfacet
facet normal -0.9572778 -0.064087644 0.28197882
 outer loop
  vertex 0.01829908 1.073163 0.11668582
  vertex -0.012620635 1.0210873 -0.000117868185
  vertex 0.016220346 0.99171114 0.09111658
 endloop
endfacet
facet normal 0.17651753 -0.81476694 -0.55226475
 outer loop
  vertex 0.27440208 0.80782247 0.3961893
  vertex 0.2247267 0.8958676 0.25041714
  vertex 0.3053087 0.9214608 0.23841497
 endloop
endfacet
facet normal 0.17651802 -0.81476694 -0.5522647
 outer loop
  vertex 0.27440208 0.80782247 0.3961893
  vertex 0.3053087 0.9214608 0.23841497
  vertex 0.35498402 0.83341575 0.3841871
 endloop
endfacet
facet normal 0.12268429 -0.71099514 -0.69241214
 outer loop
  vertex 0.2247267 0.8958676 0.25041714
  vertex 0.14556357 0.97765005 0.15241337
  vertex 0.22614557 1.0032432 0.14041117
 endloop
endfacet
facet normal 0.12268505 -0.710995 -0.692412
 outer loop
  vertex 0.2247267 0.8958676 0.25041714
  vertex 0.22614557 1.0032432 0.14041117
  vertex 0.3053087 0.9214608 0.23841497
 endloop
endfacet
facet normal 0.1878283 -0.83439285 -0.5181786
 outer loop
  vertex 0.14556357 0.97765005 0.15241337
  vertex 0.11042409 1.0372839 0.043651164
  vertex 0.1910061 1.0628772 0.031648993
 endloop
endfacet
facet normal 0.18782683 -0.83439285 -0.5181791
 outer loop
  vertex 0.14556357 0.97765005 0.15241337
  vertex 0.1910061 1.0628772 0.031648993
  vertex 0.22614557 1.0032432 0.14041117
 endloop
endfacet
facet normal 0.8687039 -0.103149086 -0.48447278
 outer loop
  vertex 0.38270897 0.82639945 0.5430883
  vertex 0.26679727 0.9425405 0.31052047
  vertex 0.2908765 1.0200047 0.33720383
 endloop
endfacet
facet normal 0.8687041 -0.10314873 -0.48447254
 outer loop
  vertex 0.38270897 0.82639945 0.5430883
  vertex 0.2908765 1.0200047 0.33720383
  vertex 0.40678817 0.90386367 0.5697717
 endloop
endfacet
facet normal 0.8619584 -0.16989839 -0.47766328
 outer loop
  vertex 0.26679727 0.9425405 0.31052047
  vertex 0.21813342 0.98982954 0.20588495
  vertex 0.24357021 1.0694293 0.22347388
 endloop
endfacet
facet normal 0.8940832 -0.13030946 -0.42852607
 outer loop
  vertex 0.26679727 0.9425405 0.31052047
  vertex 0.24357021 1.0694293 0.22347388
  vertex 0.2908765 1.0200047 0.33720383
 endloop
endfacet
facet normal 0.9100813 -0.21215886 -0.35600653
 outer loop
  vertex 0.21813342 0.98982954 0.20588495
  vertex 0.15550351 1.0536216 0.007763952
  vertex 0.1809403 1.1332214 0.025352836
 endloop
endfacet
facet normal 0.91008145 -0.2121587 -0.3560064
 outer loop
  vertex 0.21813342 0.98982954 0.20588495
  vertex 0.1809403 1.1332214 0.025352836
  vertex 0.24357021 1.0694293 0.22347388
 endloop
endfacet
facet normal 0.64805 -0.39780822 -0.64944565
 outer loop
  vertex 0.32586354 0.84641176 0.35355556
  vertex 0.26600727 0.9104081 0.25462794
  vertex 0.30495957 0.9599832 0.26313
 endloop
endfacet
facet normal 0.64804983 -0.39780846 -0.6494459
 outer loop
  vertex 0.32586354 0.84641176 0.35355556
  vertex 0.30495957 0.9599832 0.26313
  vertex 0.36481586 0.8959869 0.36205763
 endloop
endfacet
facet normal 0.5881502 -0.3359563 -0.73567164
 outer loop
  vertex 0.26600727 0.9104081 0.25462794
  vertex 0.18029799 0.99622416 0.14691631
  vertex 0.21925032 1.0457994 0.15541837
 endloop
endfacet
facet normal 0.5881504 -0.33595616 -0.7356715
 outer loop
  vertex 0.26600727 0.9104081 0.25462794
  vertex 0.21925032 1.0457994 0.15541837
  vertex 0.30495957 0.9599832 0.26313
 endloop
endfacet
facet normal 0.66603965 -0.41729 -0.618272
 outer loop
  vertex 0.18029799 0.99622416 0.14691631
  vertex 0.13938156 1.0411303 0.07253021
  vertex 0.17833383 1.0907054 0.08103225
 endloop
endfacet
facet normal 0.6660399 -0.41728985 -0.6182718
 outer loop
  vertex 0.18029799 0.99622416 0.14691631
  vertex 0.17833383 1.0907054 0.08103225
  vertex 0.21925032 1.0457994 0.15541837
 endloop
endfacet
facet normal -0.7203271 -0.32514963 -0.61270434
 outer loop
  vertex 0.12076293 0.81107867 0.29838958
  vertex 0.15422748 0.90461314 0.20941009
  vertex 0.18570131 0.87373865 0.18879227
 endloop
endfacet
facet normal -0.72032654 -0.32515058 -0.6127045
 outer loop
  vertex 0.12076293 0.81107867 0.29838958
  vertex 0.18570131 0.87373865 0.18879227
  vertex 0.15223677 0.7802043 0.27777177
 endloop
endfacet
facet normal -0.7484949 -0.4207213 -0.51259047
 outer loop
  vertex 0.15422748 0.90461314 0.20941009
  vertex 0.16935736 0.97139287 0.13250601
  vertex 0.20083122 0.9405185 0.111888155
 endloop
endfacet
facet normal -0.7484954 -0.4207203 -0.5125904
 outer loop
  vertex 0.15422748 0.90461314 0.20941009
  vertex 0.20083122 0.9405185 0.111888155
  vertex 0.18570131 0.87373865 0.18879227
 endloop
endfacet
facet normal -0.7620382 -0.5617529 -0.3220738
 outer loop
  vertex 0.16935736 0.97139287 0.13250601
  vertex 0.1651875 1.0371842 0.027620435
  vertex 0.19666135 1.0063097 0.0070026517
 endloop
endfacet
facet normal -0.7620376 -0.56175363 -0.32207385
 outer loop
  vertex 0.16935736 0.97139287 0.13250601
  vertex 0.19666135 1.0063097 0.0070026517
  vertex 0.20083122 0.9405185 0.111888155
 endloop
endfacet
facet normal 0.8206202 0.5011178 -0.2747061
 outer loop
  vertex 0.36914805 0.9176377 0.55738837
  vertex 0.23759505 1.002822 0.3197975
  vertex 0.20889407 1.072162 0.36054978
 endloop
endfacet
facet normal 0.8206201 0.501118 -0.27470583
 outer loop
  vertex 0.36914805 0.9176377 0.55738837
  vertex 0.20889407 1.072162 0.36054978
  vertex 0.3404469 0.9869776 0.59814
 endloop
endfacet
facet normal 0.73322815 0.484807 -0.47680032
 outer loop
  vertex 0.23759505 1.002822 0.3197975
  vertex 0.14955238 1.0278853 0.20988876
  vertex 0.121847466 1.1018094 0.24244931
 endloop
endfacet
facet normal 0.73534536 0.5428221 -0.40572315
 outer loop
  vertex 0.23759505 1.002822 0.3197975
  vertex 0.121847466 1.1018094 0.24244931
  vertex 0.20889407 1.072162 0.36054978
 endloop
endfacet
facet normal 0.9009549 0.40558246 -0.15421766
 outer loop
  vertex 0.14955238 1.0278853 0.20988876
  vertex 0.08692247 1.0916774 0.011767745
  vertex 0.059217542 1.1656015 0.044328332
 endloop
endfacet
facet normal 0.90095496 0.40558237 -0.15421782
 outer loop
  vertex 0.14955238 1.0278853 0.20988876
  vertex 0.059217542 1.1656015 0.044328332
  vertex 0.121847466 1.1018094 0.24244931
 endloop
endfacet
facet normal 0.6823559 -0.4327518 -0.5891658
 outer loop
  vertex 0.295974 0.8603446 0.4624979
  vertex 0.22322908 0.9385058 0.320836
  vertex 0.27490836 1.0056705 0.331356
 endloop
endfacet
facet normal 0.68235666 -0.4327512 -0.5891653
 outer loop
  vertex 0.295974 0.8603446 0.4624979
  vertex 0.27490836 1.0056705 0.331356
  vertex 0.34765318 0.92750937 0.47301787
 endloop
endfacet
facet normal 0.6274133 -0.37594858 -0.6819203
 outer loop
  vertex 0.22322908 0.9385058 0.320836
  vertex 0.11653181 1.0451915 0.16385049
  vertex 0.16821112 1.1123563 0.17437045
 endloop
endfacet
facet normal 0.6274132 -0.37594855 -0.6819203
 outer loop
  vertex 0.22322908 0.9385058 0.320836
  vertex 0.16821112 1.1123563 0.17437045
  vertex 0.27490836 1.0056705 0.331356
 endloop
endfacet
facet normal 0.6985635 -0.45041716 -0.55599767
 outer loop
  vertex 0.11653181 1.0451915 0.16385049
  vertex 0.06730923 1.0996637 0.057878256
  vertex 0.1189885 1.1668285 0.06839824
 endloop
endfacet
facet normal 0.69856316 -0.45041734 -0.55599797
 outer loop
  vertex 0.11653181 1.0451915 0.16385049
  vertex 0.1189885 1.1668285 0.06839824
  vertex 0.16821112 1.1123563 0.17437045
 endloop
endfacet
facet normal -0.8020948 -0.5909794 -0.0859488
 outer loop
  vertex 0.11676461 0.79192525 0.49655128
  vertex 0.026493646 0.9530388 0.23117328
  vertex 0.09746813 0.8728307 0.12032919
 endloop
endfacet
facet normal -0.8020965 -0.5909772 -0.085948244
 outer loop
  vertex 0.11676461 0.79192525 0.49655128
  vertex 0.09746813 0.8728307 0.12032919
  vertex 0.16537136 0.7310401 0.46158165
 endloop
endfacet
facet normal -0.7106687 -0.17614998 -0.6811176
 outer loop
  vertex 0.026493646 0.9530388 0.23117328
  vertex 0.09191683 1.0587602 0.13557008
  vertex 0.1405238 0.997875 0.1006003
 endloop
endfacet
facet normal -0.77037036 0.16822414 -0.6150042
 outer loop
  vertex 0.026493646 0.9530388 0.23117328
  vertex 0.1405238 0.997875 0.1006003
  vertex 0.09746813 0.8728307 0.12032919
 endloop
endfacet
facet normal -0.77006 -0.63681555 0.038385764
 outer loop
  vertex 0.09191683 1.0587602 0.13557008
  vertex 0.06307584 1.0881363 0.044335604
  vertex 0.111682825 1.0272511 0.009365886
 endloop
endfacet
facet normal -0.77006 -0.6368155 0.038385745
 outer loop
  vertex 0.09191683 1.0587602 0.13557008
  vertex 0.111682825 1.0272511 0.009365886
  vertex 0.1405238 0.997875 0.1006003
 endloop
endfacet
facet normal -0.9918535 -0.12730873 0.004386971
 outer loop
  vertex 0.08695191 0.97398114 0.8691661
  vertex 0.08004619 1.0172606 0.5638038
  vertex 0.09569311 0.8895886 0.39642116
 endloop
endfacet
facet normal -0.8580879 0.50253224 -0.10557638
 outer loop
  vertex 0.08695191 0.97398114 0.8691661
  vertex 0.09569311 0.8895886 0.39642116
  vertex 0.044973347 0.88138413 0.76960135
 endloop
endfacet
facet normal -0.97785074 -0.193787 -0.07908525
 outer loop
  vertex 0.08004619 1.0172606 0.5638038
  vertex 0.1088064 1.0393212 0.15414141
  vertex 0.11795241 0.9696271 0.21183084
 endloop
endfacet
facet normal -0.99366975 0.022515025 -0.11006167
 outer loop
  vertex 0.08004619 1.0172606 0.5638038
  vertex 0.11795241 0.9696271 0.21183084
  vertex 0.09569311 0.8895886 0.39642116
 endloop
endfacet
facet normal -0.9313863 0.09795616 0.35060522
 outer loop
  vertex 0.1088064 1.0393212 0.15414141
  vertex 0.071738645 1.1145649 0.03464809
  vertex 0.055322498 1.0334193 0.013709843
 endloop
endfacet
facet normal -0.92409056 0.16433589 0.34503686
 outer loop
  vertex 0.1088064 1.0393212 0.15414141
  vertex 0.055322498 1.0334193 0.013709843
  vertex 0.11795241 0.9696271 0.21183084
 endloop
endfacet
facet normal -0.053706225 -0.8673068 -0.49486825
 outer loop
  vertex 0.27949065 0.7792915 0.46974617
  vertex 0.2285504 0.8737412 0.30974185
  vertex 0.3107797 0.8811061 0.28791013
 endloop
endfacet
facet normal -0.05370652 -0.8673067 -0.49486825
 outer loop
  vertex 0.27949065 0.7792915 0.46974617
  vertex 0.3107797 0.8811061 0.28791013
  vertex 0.36172 0.7866564 0.4479144
 endloop
endfacet
facet normal -0.1511629 -0.6124138 -0.77595043
 outer loop
  vertex 0.2285504 0.8737412 0.30974185
  vertex 0.15400252 1.0094292 0.21717365
  vertex 0.23623183 1.0167941 0.19534189
 endloop
endfacet
facet normal -0.15116249 -0.6124139 -0.7759505
 outer loop
  vertex 0.2285504 0.8737412 0.30974185
  vertex 0.23623183 1.0167941 0.19534189
  vertex 0.3107797 0.8811061 0.28791013
 endloop
endfacet
facet normal -0.0630722 -0.84933066 -0.52407956
 outer loop
  vertex 0.15400252 1.0094292 0.21717365
  vertex 0.10895837 1.0988488 0.07767999
  vertex 0.19118765 1.1062137 0.05584821
 endloop
endfacet
facet normal -0.06307205 -0.84933066 -0.52407956
 outer loop
  vertex 0.15400252 1.0094292 0.21717365
  vertex 0.19118765 1.1062137 0.05584821
  vertex 0.23623183 1.0167941 0.19534189
 endloop
endfacet
facet normal -0.23120826 0.8023539 0.5502462
 outer loop
  vertex 0.1614803 0.9565624 0.5648888
  vertex 0.10385239 1.0746897 0.368424
  vertex 0.02342093 1.0468234 0.37526143
 endloop
endfacet
facet normal -0.23120792 0.8023541 0.55024606
 outer loop
  vertex 0.1614803 0.9565624 0.5648888
  vertex 0.02342093 1.0468234 0.37526143
  vertex 0.08104868 0.92869604 0.5717262
 endloop
endfacet
facet normal -0.33563903 0.92476106 -0.1793417
 outer loop
  vertex 0.10385239 1.0746897 0.368424
  vertex 0.10024664 1.0408937 0.20090546
  vertex 0.019815095 1.0130273 0.2077429
 endloop
endfacet
facet normal -0.3356393 0.924761 -0.17934152
 outer loop
  vertex 0.10385239 1.0746897 0.368424
  vertex 0.019815095 1.0130273 0.2077429
  vertex 0.02342093 1.0468234 0.37526143
 endloop
endfacet
facet normal -0.32456627 0.9452384 0.034366995
 outer loop
  vertex 0.10024664 1.0408937 0.20090546
  vertex 0.081154704 1.0422958 -0.017966002
  vertex 0.00072313845 1.0144295 -0.011128575
 endloop
endfacet
facet normal -0.3245664 0.94523835 0.034367036
 outer loop
  vertex 0.10024664 1.0408937 0.20090546
  vertex 0.00072313845 1.0144295 -0.011128575
  vertex 0.019815095 1.0130273 0.2077429
 endloop
endfacet
facet normal -0.6888988 -0.58728534 -0.4248698
 outer loop
  vertex 0.18500149 1.0653456 0.26430634
  vertex 0.19234592 1.1376345 0.15247498
  vertex 0.22752392 1.1083795 0.13587452
 endloop
endfacet
facet normal -0.6888986 -0.5872856 -0.42486975
 outer loop
  vertex 0.18500149 1.0653456 0.26430634
  vertex 0.22752392 1.1083795 0.13587452
  vertex 0.2201795 1.0360906 0.2477059
 endloop
endfacet
facet normal -0.69024336 -0.6033253 -0.3994531
 outer loop
  vertex 0.19234592 1.1376345 0.15247498
  vertex 0.19515836 1.1805824 0.08274761
  vertex 0.2303364 1.1513274 0.06614715
 endloop
endfacet
facet normal -0.69024366 -0.6033249 -0.3994532
 outer loop
  vertex 0.19234592 1.1376345 0.15247498
  vertex 0.2303364 1.1513274 0.06614715
  vertex 0.22752392 1.1083795 0.13587452
 endloop
endfacet
facet normal -0.6188381 -0.78258896 0.06777974
 outer loop
  vertex 0.19515836 1.1805824 0.08274761
  vertex 0.1696155 1.1940387 0.0049057007
  vertex 0.20479351 1.1647837 -0.011694789
 endloop
endfacet
facet normal -0.6188378 -0.78258914 0.06777981
 outer loop
  vertex 0.19515836 1.1805824 0.08274761
  vertex 0.20479351 1.1647837 -0.011694789
  vertex 0.2303364 1.1513274 0.06614715
 endloop
endfacet
facet normal 0.65991575 -0.43265107 -0.6142673
 outer loop
  vertex 0.4975409 1.0053749 0.29753596
  vertex 0.41866842 1.0311183 0.19467017
  vertex 0.44770506 1.0871191 0.18642119
 endloop
endfacet
facet normal 0.6599152 -0.4326517 -0.6142674
 outer loop
  vertex 0.4975409 1.0053749 0.29753596
  vertex 0.44770506 1.0871191 0.18642119
  vertex 0.52657753 1.0613756 0.28928697
 endloop
endfacet
facet normal 0.5824257 -0.40574616 -0.7043793
 outer loop
  vertex 0.41866842 1.0311183 0.19467017
  vertex 0.30955723 1.0710179 0.081466585
  vertex 0.33859387 1.1270187 0.07321757
 endloop
endfacet
facet normal 0.58242595 -0.4057459 -0.7043794
 outer loop
  vertex 0.41866842 1.0311183 0.19467017
  vertex 0.33859387 1.1270187 0.07321757
  vertex 0.44770506 1.0871191 0.18642119
 endloop
endfacet
facet normal 0.68378323 -0.440259 -0.58190423
 outer loop
  vertex 0.30955723 1.0710179 0.081466585
  vertex 0.25487918 1.0880107 0.0043590963
  vertex 0.28391582 1.1440115 -0.0038898587
 endloop
endfacet
facet normal 0.68378276 -0.44025946 -0.5819044
 outer loop
  vertex 0.30955723 1.0710179 0.081466585
  vertex 0.28391582 1.1440115 -0.0038898587
  vertex 0.33859387 1.1270187 0.07321757
 endloop
endfacet
facet normal -0.91481894 -0.13958782 0.37897426
 outer loop
  vertex 0.40550423 1.3220497 0.63363826
  vertex 0.3104849 1.3750701 0.42379683
  vertex 0.27890852 1.2924716 0.31715003
 endloop
endfacet
facet normal -0.61527807 0.7688081 0.17426139
 outer loop
  vertex 0.40550423 1.3220497 0.63363826
  vertex 0.27890852 1.2924716 0.31715003
  vertex 0.3455386 1.2723091 0.6413594
 endloop
endfacet
facet normal -0.9651988 0.24246514 0.09798911
 outer loop
  vertex 0.3104849 1.3750701 0.42379683
  vertex 0.27500927 1.3299323 0.18604915
  vertex 0.27890852 1.2924716 0.31715003
 endloop
endfacet
facet normal -0.38483742 0.88437897 0.26414788
 outer loop
  vertex 0.27500927 1.3299323 0.18604915
  vertex 0.20239225 1.2914183 0.20919998
  vertex 0.27890852 1.2924716 0.31715003
 endloop
endfacet
facet normal -0.49965262 0.85363925 -0.14713064
 outer loop
  vertex 0.27500927 1.3299323 0.18604915
  vertex 0.23874348 1.2726836 -0.022945046
  vertex 0.16612649 1.2341696 0.00020578504
 endloop
endfacet
facet normal -0.49965245 0.8536393 -0.14713074
 outer loop
  vertex 0.27500927 1.3299323 0.18604915
  vertex 0.16612649 1.2341696 0.00020578504
  vertex 0.20239225 1.2914183 0.20919998
 endloop
endfacet
facet normal 0.0781917 -0.9602776 -0.26786748
 outer loop
  vertex 0.37861526 0.9607877 0.5070607
  vertex 0.29765692 1.0016135 0.33707234
  vertex 0.3748592 1.0171175 0.30402777
 endloop
endfacet
facet normal 0.07819154 -0.9602776 -0.26786748
 outer loop
  vertex 0.37861526 0.9607877 0.5070607
  vertex 0.3748592 1.0171175 0.30402777
  vertex 0.45581755 0.9762917 0.47401607
 endloop
endfacet
facet normal -0.051815264 -0.85208255 -0.52083635
 outer loop
  vertex 0.29765692 1.0016135 0.33707234
  vertex 0.20308569 1.111037 0.16746508
  vertex 0.28028804 1.1265409 0.13442044
 endloop
endfacet
facet normal -0.051813655 -0.85208255 -0.52083653
 outer loop
  vertex 0.29765692 1.0016135 0.33707234
  vertex 0.28028804 1.1265409 0.13442044
  vertex 0.3748592 1.0171175 0.30402777
 endloop
endfacet
facet normal 0.063203454 -0.9521375 -0.29906455
 outer loop
  vertex 0.20308569 1.111037 0.16746508
  vertex 0.1304996 1.1532618 0.017693162
  vertex 0.20770192 1.1687658 -0.015351504
 endloop
endfacet
facet normal 0.0632021 -0.95213753 -0.2990646
 outer loop
  vertex 0.20308569 1.111037 0.16746508
  vertex 0.20770192 1.1687658 -0.015351504
  vertex 0.28028804 1.1265409 0.13442044
 endloop
endfacet
facet normal -0.9696669 -0.23244525 0.07559906
 outer loop
  vertex 0.21039397 1.3207234 0.60371304
  vertex 0.19291118 1.3268629 0.39834833
  vertex 0.21437272 1.2159771 0.33268163
 endloop
endfacet
facet normal -0.99985117 0.0048573264 -0.016555108
 outer loop
  vertex 0.21039397 1.3207234 0.60371304
  vertex 0.21437272 1.2159771 0.33268163
  vertex 0.20958209 1.2356164 0.6277758
 endloop
endfacet
facet normal -0.99972457 0.02110238 -0.010265062
 outer loop
  vertex 0.19291118 1.3268629 0.39834833
  vertex 0.19484091 1.3229959 0.20246035
  vertex 0.19303045 1.2376227 0.20327727
 endloop
endfacet
facet normal -0.9601395 -0.25440708 0.115797915
 outer loop
  vertex 0.19291118 1.3268629 0.39834833
  vertex 0.19303045 1.2376227 0.20327727
  vertex 0.21437272 1.2159771 0.33268163
 endloop
endfacet
facet normal -0.91125566 0.02325915 0.41118366
 outer loop
  vertex 0.19484091 1.3229959 0.20246035
  vertex 0.105443254 1.3229959 0.0043393373
  vertex 0.10363278 1.2376227 0.005156249
 endloop
endfacet
facet normal -0.9112558 0.023259081 0.4111837
 outer loop
  vertex 0.19484091 1.3229959 0.20246035
  vertex 0.10363278 1.2376227 0.005156249
  vertex 0.19303045 1.2376227 0.20327727
 endloop
endfacet
facet normal -0.6750489 -0.72122514 0.15538134
 outer loop
  vertex 0.20871156 1.0907894 0.63211024
  vertex 0.08754995 1.1279923 0.27841017
  vertex 0.14421576 1.0694457 0.25284052
 endloop
endfacet
facet normal -0.67504996 -0.721224 0.15538146
 outer loop
  vertex 0.20871156 1.0907894 0.63211024
  vertex 0.14421576 1.0694457 0.25284052
  vertex 0.26537752 1.0322428 0.6065415
 endloop
endfacet
facet normal -0.7477673 -0.5955422 -0.29355335
 outer loop
  vertex 0.08754995 1.1279923 0.27841017
  vertex 0.093561485 1.2247648 0.06677106
  vertex 0.15022743 1.1662182 0.04120183
 endloop
endfacet
facet normal -0.7477684 -0.59554076 -0.2935534
 outer loop
  vertex 0.08754995 1.1279923 0.27841017
  vertex 0.15022743 1.1662182 0.04120183
  vertex 0.14421576 1.0694457 0.25284052
 endloop
endfacet
facet normal -0.51292086 -0.70827574 0.48503366
 outer loop
  vertex 0.093561485 1.2247648 0.06677106
  vertex 0.060924817 1.2146807 0.017532438
  vertex 0.117590755 1.1561341 -0.008036822
 endloop
endfacet
facet normal -0.5129225 -0.7082752 0.48503268
 outer loop
  vertex 0.093561485 1.2247648 0.06677106
  vertex 0.117590755 1.1561341 -0.008036822
  vertex 0.15022743 1.1662182 0.04120183
 endloop
endfacet
facet normal 0.70506364 -0.4448477 -0.5522643
 outer loop
  vertex 0.4779846 1.0338467 0.41139325
  vertex 0.3803563 1.0600818 0.26562104
  vertex 0.4185474 1.1355133 0.25361887
 endloop
endfacet
facet normal 0.70506364 -0.44484773 -0.5522643
 outer loop
  vertex 0.4779846 1.0338467 0.41139325
  vertex 0.4185474 1.1355133 0.25361887
  vertex 0.51617575 1.1092783 0.39939106
 endloop
endfacet
facet normal 0.6204679 -0.4195653 -0.66255915
 outer loop
  vertex 0.3803563 1.0600818 0.26562104
  vertex 0.2549229 1.1007962 0.122373834
  vertex 0.29311398 1.1762278 0.11037168
 endloop
endfacet
facet normal 0.6204673 -0.41956583 -0.6625592
 outer loop
  vertex 0.3803563 1.0600818 0.26562104
  vertex 0.29311398 1.1762278 0.11037168
  vertex 0.4185474 1.1355133 0.25361887
 endloop
endfacet
facet normal 0.7269916 -0.45052597 -0.51817924
 outer loop
  vertex 0.2549229 1.1007962 0.122373834
  vertex 0.18775159 1.1174996 0.013611704
  vertex 0.22594267 1.1929312 0.0016095042
 endloop
endfacet
facet normal 0.7269917 -0.45052567 -0.51817906
 outer loop
  vertex 0.2549229 1.1007962 0.122373834
  vertex 0.22594267 1.1929312 0.0016095042
  vertex 0.29311398 1.1762278 0.11037168
 endloop
endfacet
facet normal 0.68219715 0.54762536 -0.4844725
 outer loop
  vertex 0.6538781 1.1976817 0.52748084
  vertex 0.48979694 1.1963354 0.29491258
  vertex 0.45138955 1.2677875 0.3215963
 endloop
endfacet
facet normal 0.68219674 0.5476266 -0.4844716
 outer loop
  vertex 0.6538781 1.1976817 0.52748084
  vertex 0.45138955 1.2677875 0.3215963
  vertex 0.61547023 1.2691337 0.5541642
 endloop
endfacet
facet normal 0.58397424 0.46610874 -0.66461766
 outer loop
  vertex 0.48979694 1.1963354 0.29491258
  vertex 0.39013037 1.1774211 0.19407438
  vertex 0.35115018 1.251338 0.21166328
 endloop
endfacet
facet normal 0.5803085 0.5396959 -0.60989374
 outer loop
  vertex 0.48979694 1.1963354 0.29491258
  vertex 0.35115018 1.251338 0.21166328
  vertex 0.45138955 1.2677875 0.3215963
 endloop
endfacet
facet normal 0.7889733 0.5007799 -0.35600662
 outer loop
  vertex 0.39013037 1.1774211 0.19407438
  vertex 0.30073267 1.1774211 -0.0040466487
  vertex 0.26175255 1.2513379 0.013542265
 endloop
endfacet
facet normal 0.7889733 0.50077975 -0.3560067
 outer loop
  vertex 0.39013037 1.1774211 0.19407438
  vertex 0.26175255 1.2513379 0.013542265
  vertex 0.35115018 1.251338 0.21166328
 endloop
endfacet
facet normal 0.73787594 0.18373783 -0.6494455
 outer loop
  vertex 0.54062164 1.1341892 0.33596498
  vertex 0.45302147 1.1363115 0.23703733
  vertex 0.44493487 1.1988382 0.24553938
 endloop
endfacet
facet normal 0.737876 0.18373802 -0.6494455
 outer loop
  vertex 0.54062164 1.1341892 0.33596498
  vertex 0.44493487 1.1988382 0.24553938
  vertex 0.532535 1.196716 0.344467
 endloop
endfacet
facet normal 0.6517751 0.18432727 -0.7356716
 outer loop
  vertex 0.45302147 1.1363115 0.23703733
  vertex 0.33173913 1.1352721 0.12932569
  vertex 0.3236525 1.1977987 0.13782771
 endloop
endfacet
facet normal 0.65177506 0.18432698 -0.7356717
 outer loop
  vertex 0.45302147 1.1363115 0.23703733
  vertex 0.3236525 1.1977987 0.13782771
  vertex 0.44493487 1.1988382 0.24553938
 endloop
endfacet
facet normal 0.76438016 0.18292768 -0.6182722
 outer loop
  vertex 0.33173913 1.1352721 0.12932569
  vertex 0.27103 1.1375352 0.054939568
  vertex 0.2629434 1.2000618 0.063441634
 endloop
endfacet
facet normal 0.76438004 0.18292731 -0.6182724
 outer loop
  vertex 0.33173913 1.1352721 0.12932569
  vertex 0.2629434 1.2000618 0.063441634
  vertex 0.3236525 1.1977987 0.13782771
 endloop
endfacet
facet normal -0.27262253 -0.7418017 -0.6127049
 outer loop
  vertex 0.33752346 1.0289128 0.25100806
  vertex 0.294224 1.1183202 0.16202855
  vertex 0.33830506 1.1191494 0.14141078
 endloop
endfacet
facet normal -0.27262515 -0.7418011 -0.6127044
 outer loop
  vertex 0.33752346 1.0289128 0.25100806
  vertex 0.33830506 1.1191494 0.14141078
  vertex 0.38160455 1.0297419 0.23039022
 endloop
endfacet
facet normal -0.22415954 -0.82885617 -0.5125914
 outer loop
  vertex 0.294224 1.1183202 0.16202855
  vertex 0.25717106 1.1759009 0.08512449
  vertex 0.30125222 1.1767302 0.06450668
 endloop
endfacet
facet normal -0.22415946 -0.82885617 -0.5125914
 outer loop
  vertex 0.294224 1.1183202 0.16202855
  vertex 0.30125222 1.1767302 0.06450668
  vertex 0.33830506 1.1191494 0.14141078
 endloop
endfacet
facet normal -0.06642992 -0.9811478 -0.1814825
 outer loop
  vertex 0.25717106 1.1759009 0.08512449
  vertex 0.22240785 1.1918834 0.0114430785
  vertex 0.266489 1.1927125 -0.009174764
 endloop
endfacet
facet normal -0.06642702 -0.98114806 -0.18148224
 outer loop
  vertex 0.25717106 1.1759009 0.08512449
  vertex 0.266489 1.1927125 -0.009174764
  vertex 0.30125222 1.1767302 0.06450668
 endloop
endfacet
facet normal 0.2173182 0.93664795 -0.27470604
 outer loop
  vertex 0.54547244 1.315755 0.5460096
  vertex 0.3925235 1.2815596 0.30841863
  vertex 0.32293686 1.309657 0.349171
 endloop
endfacet
facet normal 0.21731927 0.93664736 -0.27470717
 outer loop
  vertex 0.54547244 1.315755 0.5460096
  vertex 0.32293686 1.309657 0.349171
  vertex 0.47588575 1.3438524 0.5867614
 endloop
endfacet
facet normal 0.1677349 0.8628594 -0.47680035
 outer loop
  vertex 0.3925235 1.2815596 0.30841863
  vertex 0.3129583 1.2362931 0.19850996
  vertex 0.24079832 1.2683129 0.23107052
 endloop
endfacet
facet normal 0.12781875 0.9050154 -0.40572095
 outer loop
  vertex 0.3925235 1.2815596 0.30841863
  vertex 0.24079832 1.2683129 0.23107052
  vertex 0.32293686 1.309657 0.349171
 endloop
endfacet
facet normal 0.34177342 0.92704254 -0.15421766
 outer loop
  vertex 0.3129583 1.2362931 0.19850996
  vertex 0.2235606 1.2362931 0.0003889501
  vertex 0.15140066 1.2683129 0.032949507
 endloop
endfacet
facet normal 0.3417734 0.92704254 -0.1542176
 outer loop
  vertex 0.3129583 1.2362931 0.19850996
  vertex 0.15140066 1.2683129 0.032949507
  vertex 0.24079832 1.2683129 0.23107052
 endloop
endfacet
facet normal 0.78684425 0.1837379 -0.589166
 outer loop
  vertex 0.52529013 1.1693159 0.44717896
  vertex 0.41855267 1.1721647 0.3055171
  vertex 0.40683067 1.256096 0.31603703
 endloop
endfacet
facet normal 0.7868443 0.18373828 -0.58916575
 outer loop
  vertex 0.52529013 1.1693159 0.44717896
  vertex 0.40683067 1.256096 0.31603703
  vertex 0.51356816 1.2532471 0.45769894
 endloop
endfacet
facet normal 0.7078193 0.18432708 -0.68192035
 outer loop
  vertex 0.41855267 1.1721647 0.3055171
  vertex 0.26767457 1.1707695 0.1485316
  vertex 0.25595263 1.2547007 0.15905157
 endloop
endfacet
facet normal 0.7078192 0.18432695 -0.68192035
 outer loop
  vertex 0.41855267 1.1721647 0.3055171
  vertex 0.25595263 1.2547007 0.15905157
  vertex 0.40683067 1.256096 0.31603703
 endloop
endfacet
facet normal 0.81080484 0.18292733 -0.55599743
 outer loop
  vertex 0.26767457 1.1707695 0.1485316
  vertex 0.19432028 1.1738073 0.042559326
  vertex 0.18259831 1.2577385 0.053079307
 endloop
endfacet
facet normal 0.8108047 0.18292694 -0.5559977
 outer loop
  vertex 0.26767457 1.1707695 0.1485316
  vertex 0.18259831 1.2577385 0.053079307
  vertex 0.25595263 1.2547007 0.15905157
 endloop
endfacet
facet normal -0.14021999 -0.98638296 -0.08594837
 outer loop
  vertex 0.3911347 1.0096588 0.6071569
  vertex 0.24238473 1.0605395 0.26590425
  vertex 0.31988385 1.0525696 0.23093447
 endloop
endfacet
facet normal -0.14021863 -0.9863831 -0.08594863
 outer loop
  vertex 0.3911347 1.0096588 0.6071569
  vertex 0.31988385 1.0525696 0.23093447
  vertex 0.4686339 1.0016891 0.57218695
 endloop
endfacet
facet normal -0.30613866 -0.8144931 -0.4928287
 outer loop
  vertex 0.24238473 1.0605395 0.26590425
  vertex 0.17636651 1.1937447 0.08676702
  vertex 0.25386566 1.1857748 0.05179727
 endloop
endfacet
facet normal -0.306139 -0.81449294 -0.49282864
 outer loop
  vertex 0.24238473 1.0605395 0.26590425
  vertex 0.25386566 1.1857748 0.05179727
  vertex 0.31988385 1.0525696 0.23093447
 endloop
endfacet
facet normal 0.012304772 -0.9686725 0.24803677
 outer loop
  vertex 0.17636651 1.1937447 0.08676702
  vertex 0.15120776 1.1799531 0.034154117
  vertex 0.22870693 1.1719832 -0.00081565976
 endloop
endfacet
facet normal 0.012304657 -0.9686725 0.24803668
 outer loop
  vertex 0.17636651 1.1937447 0.08676702
  vertex 0.22870693 1.1719832 -0.00081565976
  vertex 0.25386566 1.1857748 0.05179727
 endloop
endfacet
facet normal -0.8321067 -0.55375963 -0.030798871
 outer loop
  vertex 0.26682782 1.1451927 0.59751725
  vertex 0.24084339 1.1968488 0.37078202
  vertex 0.28724644 1.1282858 0.3498437
 endloop
endfacet
facet normal -0.8321051 -0.55376214 -0.030798564
 outer loop
  vertex 0.26682782 1.1451927 0.59751725
  vertex 0.28724644 1.1282858 0.3498437
  vertex 0.31323117 1.0766298 0.5765787
 endloop
endfacet
facet normal -0.836649 -0.5419193 -0.07963671
 outer loop
  vertex 0.24084339 1.1968488 0.37078202
  vertex 0.23102847 1.2333866 0.22525938
  vertex 0.27743143 1.1648238 0.20432112
 endloop
endfacet
facet normal -0.83664894 -0.5419193 -0.07963666
 outer loop
  vertex 0.24084339 1.1968488 0.37078202
  vertex 0.27743143 1.1648238 0.20432112
  vertex 0.28724644 1.1282858 0.3498437
 endloop
endfacet
facet normal -0.7318265 -0.59614146 0.33022028
 outer loop
  vertex 0.23102847 1.2333866 0.22525938
  vertex 0.14163081 1.2333866 0.027138382
  vertex 0.18803377 1.1648238 0.006200075
 endloop
endfacet
facet normal -0.73182654 -0.59614134 0.33022025
 outer loop
  vertex 0.23102847 1.2333866 0.22525938
  vertex 0.18803377 1.1648238 0.006200075
  vertex 0.27743143 1.1648238 0.20432112
 endloop
endfacet
facet normal -0.45318714 -0.5872839 -0.67061096
 outer loop
  vertex -0.17629412 1.0587711 0.2405368
  vertex -0.1236039 1.1310601 0.14162298
  vertex -0.08471138 1.101805 0.14096013
 endloop
endfacet
facet normal -0.45318565 -0.58728576 -0.6706104
 outer loop
  vertex -0.17629412 1.0587711 0.2405368
  vertex -0.08471138 1.101805 0.14096013
  vertex -0.13740158 1.0295161 0.239874
 endloop
endfacet
facet normal -0.46486574 -0.6033258 -0.64799535
 outer loop
  vertex -0.1236039 1.1310601 0.14162298
  vertex -0.09236186 1.1740079 0.07922307
  vertex -0.053469323 1.1447529 0.07856026
 endloop
endfacet
facet normal -0.464867 -0.60332364 -0.64799625
 outer loop
  vertex -0.1236039 1.1310601 0.14162298
  vertex -0.053469323 1.1447529 0.07856026
  vertex -0.08471138 1.101805 0.14096013
 endloop
endfacet
facet normal -0.59194976 -0.7825889 -0.1927438
 outer loop
  vertex -0.09236186 1.1740079 0.07922307
  vertex -0.08362823 1.1874642 -0.0022356212
  vertex -0.044735692 1.1582092 -0.0028984845
 endloop
endfacet
facet normal -0.5919496 -0.7825891 -0.19274366
 outer loop
  vertex -0.09236186 1.1740079 0.07922307
  vertex -0.044735692 1.1582092 -0.0028984845
  vertex -0.053469323 1.1447529 0.07856026
 endloop
endfacet
facet normal 0.5812648 -0.64593905 -0.49486756
 outer loop
  vertex 0.51521266 1.040309 0.49069518
  vertex 0.41212794 1.0701283 0.33069074
  vertex 0.4644805 1.1339649 0.30885896
 endloop
endfacet
facet normal 0.58126456 -0.64593923 -0.49486762
 outer loop
  vertex 0.51521266 1.040309 0.49069518
  vertex 0.4644805 1.1339649 0.30885896
  vertex 0.5675652 1.1041455 0.46886334
 endloop
endfacet
facet normal 0.41069537 -0.5779776 -0.7051746
 outer loop
  vertex 0.41212794 1.0701283 0.33069074
  vertex 0.2464326 1.1504874 0.16832519
  vertex 0.29878515 1.214324 0.14649348
 endloop
endfacet
facet normal 0.41069487 -0.577978 -0.70517457
 outer loop
  vertex 0.41212794 1.0701283 0.33069074
  vertex 0.29878515 1.214324 0.14649348
  vertex 0.4644805 1.1339649 0.30885896
 endloop
endfacet
facet normal 0.5814365 -0.6459887 -0.494601
 outer loop
  vertex 0.2464326 1.1504874 0.16832519
  vertex 0.17796504 1.1702734 0.06199488
  vertex 0.23031762 1.23411 0.04016313
 endloop
endfacet
facet normal 0.581437 -0.6459884 -0.49460083
 outer loop
  vertex 0.2464326 1.1504874 0.16832519
  vertex 0.23031762 1.23411 0.04016313
  vertex 0.29878515 1.214324 0.14649348
 endloop
endfacet
facet normal 0.8541598 -0.43265134 -0.2884857
 outer loop
  vertex 0.14705038 0.9988004 0.31728542
  vertex 0.117466144 1.0245438 0.1910831
  vertex 0.14732589 1.0805446 0.19550675
 endloop
endfacet
facet normal 0.85415936 -0.43265182 -0.28848603
 outer loop
  vertex 0.14705038 0.9988004 0.31728542
  vertex 0.14732589 1.0805446 0.19550675
  vertex 0.1769101 1.0548011 0.32170904
 endloop
endfacet
facet normal 0.8114048 -0.39889807 -0.42720312
 outer loop
  vertex 0.117466144 1.0245438 0.1910831
  vertex 0.06898318 1.060307 0.06560367
  vertex 0.09884295 1.1163077 0.07002729
 endloop
endfacet
facet normal 0.8114056 -0.39889714 -0.4272025
 outer loop
  vertex 0.117466144 1.0245438 0.1910831
  vertex 0.09884295 1.1163077 0.07002729
  vertex 0.14732589 1.0805446 0.19550675
 endloop
endfacet
facet normal 0.8626035 -0.44026023 -0.249171
 outer loop
  vertex 0.06898318 1.060307 0.06560367
  vertex 0.05085789 1.0772998 -0.02716875
  vertex 0.08071764 1.1333005 -0.022745132
 endloop
endfacet
facet normal 0.8626033 -0.4402604 -0.24917118
 outer loop
  vertex 0.06898318 1.060307 0.06560367
  vertex 0.08071764 1.1333005 -0.022745132
  vertex 0.09884295 1.1163077 0.07002729
 endloop
endfacet
facet normal -0.24690317 0.9619436 0.11706122
 outer loop
  vertex 0.39068604 1.2423582 0.60992944
  vertex 0.2921325 1.2537718 0.30827194
  vertex 0.21568617 1.2180151 0.44086152
 endloop
endfacet
facet normal -0.5746054 0.64665973 0.5016572
 outer loop
  vertex 0.39068604 1.2423582 0.60992944
  vertex 0.21568617 1.2180151 0.44086152
  vertex 0.34035257 1.1763797 0.6373262
 endloop
endfacet
facet normal -0.73259395 0.39648086 0.55327123
 outer loop
  vertex 0.2921325 1.2537718 0.30827194
  vertex 0.21589743 1.2730875 0.19348617
  vertex 0.1794338 1.1961708 0.20032361
 endloop
endfacet
facet normal -0.4440652 0.8958782 -0.014431747
 outer loop
  vertex 0.2921325 1.2537718 0.30827194
  vertex 0.1794338 1.1961708 0.20032361
  vertex 0.21568617 1.2180151 0.44086152
 endloop
endfacet
facet normal -0.9018842 0.43060857 0.03436745
 outer loop
  vertex 0.21589743 1.2730875 0.19348617
  vertex 0.20152146 1.2604463 -0.02538532
  vertex 0.1650578 1.1835296 -0.018547893
 endloop
endfacet
facet normal -0.9018844 0.4306083 0.034367595
 outer loop
  vertex 0.21589743 1.2730875 0.19348617
  vertex 0.1650578 1.1835296 -0.018547893
  vertex 0.1794338 1.1961708 0.20032361
 endloop
endfacet
facet normal -0.72032684 -0.32515 -0.6127044
 outer loop
  vertex 0.12076293 -1.2343339 0.29838958
  vertex 0.15422747 -1.1407994 0.20941007
  vertex 0.18570131 -1.1716739 0.18879227
 endloop
endfacet
facet normal -0.7203268 -0.32515028 -0.61270446
 outer loop
  vertex 0.12076293 -1.2343339 0.29838958
  vertex 0.18570131 -1.1716739 0.18879227
  vertex 0.15223677 -1.2652082 0.27777174
 endloop
endfacet
facet normal -0.74849474 -0.42072132 -0.5125906
 outer loop
  vertex 0.15422747 -1.1407994 0.20941007
  vertex 0.16935736 -1.0740197 0.132506
  vertex 0.20083122 -1.104894 0.111888155
 endloop
endfacet
facet normal -0.7484952 -0.4207206 -0.5125906
 outer loop
  vertex 0.15422747 -1.1407994 0.20941007
  vertex 0.20083122 -1.104894 0.111888155
  vertex 0.18570131 -1.1716739 0.18879227
 endloop
endfacet
facet normal -0.7620381 -0.5617529 -0.32207376
 outer loop
  vertex 0.16935736 -1.0740197 0.132506
  vertex 0.1651875 -1.0082283 0.027620405
  vertex 0.19666135 -1.0391028 0.007002622
 endloop
endfacet
facet normal -0.7620376 -0.56175375 -0.32207385
 outer loop
  vertex 0.16935736 -1.0740197 0.132506
  vertex 0.19666135 -1.0391028 0.007002622
  vertex 0.20083122 -1.104894 0.111888155
 endloop
endfacet
facet normal 0.6480496 -0.39780873 -0.6494459
 outer loop
  vertex 0.32586354 -1.1290216 0.26683578
  vertex 0.26600724 -1.0650253 0.16790816
  vertex 0.3049596 -1.0154502 0.17641026
 endloop
endfacet
facet normal 0.6480499 -0.3978085 -0.6494457
 outer loop
  vertex 0.32586354 -1.1290216 0.26683578
  vertex 0.3049596 -1.0154502 0.17641026
  vertex 0.36481586 -1.0794466 0.27533787
 endloop
endfacet
facet normal 0.58814967 -0.33595696 -0.73567176
 outer loop
  vertex 0.26600724 -1.0650253 0.16790816
  vertex 0.18029799 -0.97920924 0.060196564
  vertex 0.21925032 -0.92963415 0.0686986
 endloop
endfacet
facet normal 0.5881501 -0.33595657 -0.7356715
 outer loop
  vertex 0.26600724 -1.0650253 0.16790816
  vertex 0.21925032 -0.92963415 0.0686986
  vertex 0.3049596 -1.0154502 0.17641026
 endloop
endfacet
facet normal 0.66603976 -0.4172899 -0.61827195
 outer loop
  vertex 0.18029799 -0.97920924 0.060196564
  vertex 0.13938154 -0.9343031 -0.014189571
  vertex 0.17833383 -0.884728 -0.005687505
 endloop
endfacet
facet normal 0.66603905 -0.4172903 -0.6182724
 outer loop
  vertex 0.18029799 -0.97920924 0.060196564
  vertex 0.17833383 -0.884728 -0.005687505
  vertex 0.21925032 -0.92963415 0.0686986
 endloop
endfacet
facet normal 0.17651825 -0.8147671 -0.5522643
 outer loop
  vertex 0.26043397 -1.2846518 0.461156
  vertex 0.21075858 -1.1966068 0.3153838
  vertex 0.2913406 -1.1710135 0.30338162
 endloop
endfacet
facet normal 0.17651823 -0.8147671 -0.5522643
 outer loop
  vertex 0.26043397 -1.2846518 0.461156
  vertex 0.2913406 -1.1710135 0.30338162
  vertex 0.34101588 -1.2590585 0.4491538
 endloop
endfacet
facet normal 0.14114843 -0.74835104 -0.6481109
 outer loop
  vertex 0.21075858 -1.1966068 0.3153838
  vertex 0.14556356 -1.0677625 0.15241335
  vertex 0.22614555 -1.0421692 0.14041118
 endloop
endfacet
facet normal 0.14114842 -0.74835104 -0.6481109
 outer loop
  vertex 0.21075858 -1.1966068 0.3153838
  vertex 0.22614555 -1.0421692 0.14041118
  vertex 0.2913406 -1.1710135 0.30338162
 endloop
endfacet
facet normal 0.1878285 -0.83439285 -0.5181786
 outer loop
  vertex 0.14556356 -1.0677625 0.15241335
  vertex 0.11042409 -1.0081286 0.043651134
  vertex 0.1910061 -0.98253536 0.031648993
 endloop
endfacet
facet normal 0.18782839 -0.83439285 -0.51817864
 outer loop
  vertex 0.14556356 -1.0677625 0.15241335
  vertex 0.1910061 -0.98253536 0.031648993
  vertex 0.22614555 -1.0421692 0.14041118
 endloop
endfacet
facet normal -0.6304533 -0.7285435 -0.26786754
 outer loop
  vertex 0.14187752 -1.3339484 0.5568235
  vertex 0.11429238 -1.2475767 0.3868351
  vertex 0.17944182 -1.2918048 0.3537904
 endloop
endfacet
facet normal -0.6304531 -0.72854364 -0.2678675
 outer loop
  vertex 0.14187752 -1.3339484 0.5568235
  vertex 0.17944182 -1.2918048 0.3537904
  vertex 0.20702699 -1.3781765 0.5237788
 endloop
endfacet
facet normal -0.64546674 -0.57621545 -0.5013465
 outer loop
  vertex 0.11429238 -1.2475767 0.3868351
  vertex 0.12329883 -1.0923533 0.19683585
  vertex 0.18844828 -1.1365815 0.16379118
 endloop
endfacet
facet normal -0.6454663 -0.57621586 -0.5013466
 outer loop
  vertex 0.11429238 -1.2475767 0.3868351
  vertex 0.18844828 -1.1365815 0.16379118
  vertex 0.17944182 -1.2918048 0.3537904
 endloop
endfacet
facet normal -0.63514453 -0.71214586 -0.29906476
 outer loop
  vertex 0.12329883 -1.0923533 0.19683585
  vertex 0.10257739 -1.0109758 0.047063798
  vertex 0.16772686 -1.0552039 0.014019161
 endloop
endfacet
facet normal -0.6351455 -0.7121449 -0.29906482
 outer loop
  vertex 0.12329883 -1.0923533 0.19683585
  vertex 0.16772686 -1.0552039 0.014019161
  vertex 0.18844828 -1.1365815 0.16379118
 endloop
endfacet
facet normal -0.2758471 -0.7594684 -0.5891657
 outer loop
  vertex -0.1335367 -1.1477497 0.46517327
  vertex -0.07285248 -1.0598952 0.32351145
  vertex 0.0038563237 -1.0959176 0.3340314
 endloop
endfacet
facet normal -0.27584696 -0.75946844 -0.5891656
 outer loop
  vertex -0.1335367 -1.1477497 0.46517327
  vertex 0.0038563237 -1.0959176 0.3340314
  vertex -0.056827933 -1.1837721 0.47569326
 endloop
endfacet
facet normal -0.23219116 -0.69359386 -0.68191993
 outer loop
  vertex -0.07285248 -1.0598952 0.32351145
  vertex 0.00838533 -0.9327474 0.16652589
  vertex 0.08509414 -0.9687698 0.17704587
 endloop
endfacet
facet normal -0.23219171 -0.6935934 -0.6819202
 outer loop
  vertex -0.07285248 -1.0598952 0.32351145
  vertex 0.08509414 -0.9687698 0.17704587
  vertex 0.0038563237 -1.0959176 0.3340314
 endloop
endfacet
facet normal -0.28961286 -0.779096 -0.55599797
 outer loop
  vertex 0.00838533 -0.9327474 0.16652589
  vertex 0.05099465 -0.87296003 0.0605537
  vertex 0.12770344 -0.90898246 0.07107365
 endloop
endfacet
facet normal -0.28961235 -0.7790966 -0.5559975
 outer loop
  vertex 0.00838533 -0.9327474 0.16652589
  vertex 0.12770344 -0.90898246 0.07107365
  vertex 0.08509414 -0.9687698 0.17704587
 endloop
endfacet
facet normal 0.6659052 -0.69361866 -0.27470618
 outer loop
  vertex -0.16446158 -1.1920227 0.5568269
  vertex -0.10956839 -1.0452254 0.31923598
  vertex -0.04802525 -1.0022811 0.3599883
 endloop
endfacet
facet normal 0.66590524 -0.6936186 -0.27470604
 outer loop
  vertex -0.16446158 -1.1920227 0.5568269
  vertex -0.04802525 -1.0022811 0.3599883
  vertex -0.102918476 -1.1490784 0.5975792
 endloop
endfacet
facet normal 0.6151203 -0.73787814 -0.277782
 outer loop
  vertex -0.10956839 -1.0452254 0.31923598
  vertex -0.08571485 -0.9851825 0.21256416
  vertex -0.019480512 -0.9422251 0.24512473
 endloop
endfacet
facet normal 0.6514557 -0.7266779 -0.21804751
 outer loop
  vertex -0.10956839 -1.0452254 0.31923598
  vertex -0.019480512 -0.9422251 0.24512473
  vertex -0.04802525 -1.0022811 0.3599883
 endloop
endfacet
facet normal 0.5898839 -0.7926247 -0.15421766
 outer loop
  vertex -0.08571485 -0.9851825 0.21256416
  vertex -0.036887646 -0.910297 0.014443189
  vertex 0.029346697 -0.8673395 0.04700373
 endloop
endfacet
facet normal 0.5898836 -0.7926249 -0.15421802
 outer loop
  vertex -0.08571485 -0.9851825 0.21256416
  vertex 0.029346697 -0.8673395 0.04700373
  vertex -0.019480512 -0.9422251 0.24512473
 endloop
endfacet
facet normal -0.47248125 0.63352543 -0.6127047
 outer loop
  vertex -0.18370375 -1.1038345 0.30106497
  vertex -0.08516064 -1.1163965 0.2120855
  vertex -0.10854232 -1.1537747 0.19146769
 endloop
endfacet
facet normal -0.47248095 0.63352567 -0.61270463
 outer loop
  vertex -0.18370375 -1.1038345 0.30106497
  vertex -0.10854232 -1.1537747 0.19146769
  vertex -0.20708546 -1.1412127 0.28044716
 endloop
endfacet
facet normal -0.57187366 0.6404774 -0.51259065
 outer loop
  vertex -0.08516064 -1.1163965 0.2120855
  vertex -0.016689524 -1.1168079 0.13518141
  vertex -0.04007122 -1.1541861 0.11456357
 endloop
endfacet
facet normal -0.5718741 0.64047706 -0.5125907
 outer loop
  vertex -0.08516064 -1.1163965 0.2120855
  vertex -0.04007122 -1.1541861 0.11456357
  vertex -0.10854232 -1.1537747 0.19146769
 endloop
endfacet
facet normal -0.7125183 0.62336713 -0.32207346
 outer loop
  vertex -0.016689524 -1.1168079 0.13518141
  vertex 0.046664782 -1.0985839 0.030295834
  vertex 0.02328308 -1.1359621 0.009678036
 endloop
endfacet
facet normal -0.7125181 0.6233672 -0.3220734
 outer loop
  vertex -0.016689524 -1.1168079 0.13518141
  vertex 0.02328308 -1.1359621 0.009678036
  vertex -0.04007122 -1.1541861 0.11456357
 endloop
endfacet
facet normal -0.7457854 0.11032639 -0.6569872
 outer loop
  vertex -0.1806278 -0.8075156 0.34238595
  vertex -0.07252686 -0.8550732 0.2116879
  vertex -0.08901867 -0.91592544 0.22018996
 endloop
endfacet
facet normal -0.7457854 0.110326335 -0.65698725
 outer loop
  vertex -0.1806278 -0.8075156 0.34238595
  vertex -0.08901867 -0.91592544 0.22018996
  vertex -0.1971196 -0.8683679 0.35088798
 endloop
endfacet
facet normal -0.67265517 0.07951365 -0.7356716
 outer loop
  vertex -0.07252686 -0.8550732 0.2116879
  vertex 0.039895095 -0.9005902 0.103976205
  vertex 0.023403302 -0.9614424 0.11247824
 endloop
endfacet
facet normal -0.6726552 0.079513565 -0.7356715
 outer loop
  vertex -0.07252686 -0.8550732 0.2116879
  vertex 0.023403302 -0.9614424 0.11247824
  vertex -0.08901867 -0.91592544 0.22018996
 endloop
endfacet
facet normal -0.77612746 0.12395832 -0.6182722
 outer loop
  vertex 0.039895095 -0.9005902 0.103976205
  vertex 0.09510239 -0.9259451 0.029590115
  vertex 0.078610614 -0.98679733 0.038092166
 endloop
endfacet
facet normal -0.7761272 0.12395859 -0.6182724
 outer loop
  vertex 0.039895095 -0.9005902 0.103976205
  vertex 0.078610614 -0.98679733 0.038092166
  vertex 0.023403302 -0.9614424 0.11247824
 endloop
endfacet
facet normal -0.5146215 -0.65587264 -0.5522643
 outer loop
  vertex -0.083801076 -1.2035041 0.41781425
  vertex -0.047719225 -1.1090707 0.27204204
  vertex 0.023411006 -1.1547759 0.2600399
 endloop
endfacet
facet normal -0.51462084 -0.65587324 -0.55226415
 outer loop
  vertex -0.083801076 -1.2035041 0.41781425
  vertex 0.023411006 -1.1547759 0.2600399
  vertex -0.01267083 -1.2492092 0.40581208
 endloop
endfacet
facet normal -0.48606172 -0.5862563 -0.64811075
 outer loop
  vertex -0.047719225 -1.1090707 0.27204204
  vertex 0.009868696 -0.97665143 0.10907158
  vertex 0.0809989 -1.0223566 0.09706946
 endloop
endfacet
facet normal -0.4860617 -0.58625644 -0.64811075
 outer loop
  vertex -0.047719225 -1.1090707 0.27204204
  vertex 0.0809989 -1.0223566 0.09706946
  vertex 0.023411006 -1.1547759 0.2600399
 endloop
endfacet
facet normal -0.52251273 -0.6771049 -0.5181788
 outer loop
  vertex 0.009868696 -0.97665143 0.10907158
  vertex 0.03335405 -0.9115406 0.0003094375
  vertex 0.10448427 -0.95724577 -0.011692733
 endloop
endfacet
facet normal -0.52251303 -0.67710465 -0.518179
 outer loop
  vertex 0.009868696 -0.97665143 0.10907158
  vertex 0.10448427 -0.95724577 -0.011692733
  vertex 0.0809989 -1.0223566 0.09706946
 endloop
endfacet
facet normal -0.8319062 0.2705881 -0.484473
 outer loop
  vertex -0.10849476 -0.46544564 0.5349115
  vertex -0.017459244 -0.60196245 0.30234367
  vertex -0.05618362 -0.6732431 0.329027
 endloop
endfacet
facet normal -0.83190644 0.2705879 -0.48447278
 outer loop
  vertex -0.10849476 -0.46544564 0.5349115
  vertex -0.05618362 -0.6732431 0.329027
  vertex -0.14721912 -0.53672636 0.56159484
 endloop
endfacet
facet normal -0.8011082 0.3221163 -0.504447
 outer loop
  vertex -0.017459244 -0.60196245 0.30234367
  vertex 0.015778705 -0.64979076 0.21901782
  vertex -0.024693668 -0.7229012 0.23660675
 endloop
endfacet
facet normal -0.8460036 0.29280534 -0.44558173
 outer loop
  vertex -0.017459244 -0.60196245 0.30234367
  vertex -0.024693668 -0.7229012 0.23660675
  vertex -0.05618362 -0.6732431 0.329027
 endloop
endfacet
facet normal -0.8512297 0.3855741 -0.35600653
 outer loop
  vertex 0.015778705 -0.64979076 0.21901782
  vertex 0.06476489 -0.7245724 0.020896837
  vertex 0.024292536 -0.7976829 0.03848575
 endloop
endfacet
facet normal -0.85122955 0.38557416 -0.35600662
 outer loop
  vertex 0.015778705 -0.64979076 0.21901782
  vertex 0.024292536 -0.7976829 0.03848575
  vertex -0.024693668 -0.7229012 0.23660675
 endloop
endfacet
facet normal 0.7706933 0.16943304 -0.61426723
 outer loop
  vertex 0.31614292 -0.53945565 0.34275106
  vertex 0.24259824 -0.5778583 0.23988529
  vertex 0.22285241 -0.51794744 0.23163629
 endloop
endfacet
facet normal 0.77069336 0.16943224 -0.6142674
 outer loop
  vertex 0.31614292 -0.53945565 0.34275106
  vertex 0.22285241 -0.51794744 0.23163629
  vertex 0.29639715 -0.4795447 0.33450207
 endloop
endfacet
facet normal 0.6972844 0.13283117 -0.70437944
 outer loop
  vertex 0.24259824 -0.5778583 0.23988529
  vertex 0.1377923 -0.6279877 0.12668169
  vertex 0.11804646 -0.5680767 0.118432686
 endloop
endfacet
facet normal 0.6972844 0.1328311 -0.7043794
 outer loop
  vertex 0.24259824 -0.5778583 0.23988529
  vertex 0.11804646 -0.5680767 0.118432686
  vertex 0.22285241 -0.51794744 0.23163629
 endloop
endfacet
facet normal 0.7928182 0.18118045 -0.58190465
 outer loop
  vertex 0.1377923 -0.6279877 0.12668169
  vertex 0.087418124 -0.65520704 0.04957424
  vertex 0.06767234 -0.59529614 0.04132524
 endloop
endfacet
facet normal 0.7928182 0.1811811 -0.5819045
 outer loop
  vertex 0.1377923 -0.6279877 0.12668169
  vertex 0.06767234 -0.59529614 0.04132524
  vertex 0.11804646 -0.5680767 0.118432686
 endloop
endfacet
facet normal 0.5365083 0.67586654 -0.5053348
 outer loop
  vertex 0.38274223 -0.56796813 0.33709604
  vertex 0.34857136 -0.6266594 0.22231981
  vertex 0.30943653 -0.5978842 0.21925658
 endloop
endfacet
facet normal 0.5365081 0.6758668 -0.5053346
 outer loop
  vertex 0.38274223 -0.56796813 0.33709604
  vertex 0.30943653 -0.5978842 0.21925658
  vertex 0.3436074 -0.5391929 0.33403283
 endloop
endfacet
facet normal 0.5672574 0.73112774 -0.37903982
 outer loop
  vertex 0.34857136 -0.6266594 0.22231981
  vertex 0.33023477 -0.6617175 0.12725459
  vertex 0.2911 -0.6329422 0.12419136
 endloop
endfacet
facet normal 0.5672563 0.731129 -0.37903926
 outer loop
  vertex 0.34857136 -0.6266594 0.22231981
  vertex 0.2911 -0.6329422 0.12419136
  vertex 0.30943653 -0.5978842 0.21925658
 endloop
endfacet
facet normal 0.59324926 0.79078615 -0.15070684
 outer loop
  vertex 0.33023477 -0.6617175 0.12725459
  vertex 0.32536244 -0.6813546 0.00503549
  vertex 0.28622764 -0.65257937 0.001972258
 endloop
endfacet
facet normal 0.59325033 0.7907853 -0.15070727
 outer loop
  vertex 0.33023477 -0.6617175 0.12725459
  vertex 0.28622764 -0.65257937 0.001972258
  vertex 0.2911 -0.6329422 0.12419136
 endloop
endfacet
facet normal 0.30796316 -0.7265218 -0.6142676
 outer loop
  vertex 0.29864237 -0.8628627 0.29673395
  vertex 0.24739775 -0.79761255 0.19386816
  vertex 0.3026687 -0.7672095 0.18561918
 endloop
endfacet
facet normal 0.30796218 -0.726522 -0.6142679
 outer loop
  vertex 0.29864237 -0.8628627 0.29673395
  vertex 0.3026687 -0.7672095 0.18561918
  vertex 0.35391337 -0.8324597 0.28848496
 endloop
endfacet
facet normal 0.258513 -0.6610753 -0.70437956
 outer loop
  vertex 0.24739775 -0.79761255 0.19386816
  vertex 0.17888989 -0.7037834 0.080664545
  vertex 0.23416075 -0.67338043 0.072415575
 endloop
endfacet
facet normal 0.25851384 -0.6610751 -0.7043794
 outer loop
  vertex 0.24739775 -0.79761255 0.19386816
  vertex 0.23416075 -0.67338043 0.072415575
  vertex 0.3026687 -0.7672095 0.18561918
 endloop
endfacet
facet normal 0.3235708 -0.74611604 -0.58190453
 outer loop
  vertex 0.17888989 -0.7037834 0.080664545
  vertex 0.14289002 -0.6592586 0.0035571158
  vertex 0.19816095 -0.6288556 -0.004691869
 endloop
endfacet
facet normal 0.32357052 -0.74611604 -0.5819046
 outer loop
  vertex 0.17888989 -0.7037834 0.080664545
  vertex 0.19816095 -0.6288556 -0.004691869
  vertex 0.23416075 -0.67338043 0.072415575
 endloop
endfacet
facet normal 0.7561719 -0.28475916 -0.58916575
 outer loop
  vertex 0.41844714 -1.0008541 0.3478599
  vertex 0.33131224 -0.93914104 0.206198
  vertex 0.36823428 -0.86286116 0.21671799
 endloop
endfacet
facet normal 0.7561718 -0.28475922 -0.58916587
 outer loop
  vertex 0.41844714 -1.0008541 0.3478599
  vertex 0.36823428 -0.86286116 0.21671799
  vertex 0.45536914 -0.9245744 0.35837987
 endloop
endfacet
facet normal 0.69081503 -0.24033192 -0.6819203
 outer loop
  vertex 0.33131224 -0.93914104 0.206198
  vertex 0.20512855 -0.85641366 0.049212486
  vertex 0.24205056 -0.7801338 0.059732467
 endloop
endfacet
facet normal 0.6908148 -0.24033204 -0.6819204
 outer loop
  vertex 0.33131224 -0.93914104 0.206198
  vertex 0.24205056 -0.7801338 0.059732467
  vertex 0.36823428 -0.86286116 0.21671799
 endloop
endfacet
facet normal 0.7756369 -0.29875454 -0.5559974
 outer loop
  vertex 0.20512855 -0.85641366 0.049212486
  vertex 0.14584643 -0.8131043 -0.056759745
  vertex 0.18276842 -0.73682433 -0.046239763
 endloop
endfacet
facet normal 0.7756367 -0.29875478 -0.5559976
 outer loop
  vertex 0.20512855 -0.85641366 0.049212486
  vertex 0.18276842 -0.73682433 -0.046239763
  vertex 0.24205056 -0.7801338 0.059732467
 endloop
endfacet
facet normal -0.639037 -0.46499965 -0.6127047
 outer loop
  vertex 0.34136763 -0.99224716 0.2886332
  vertex 0.35508758 -0.8938587 0.19965369
  vertex 0.39218825 -0.91767824 0.1790359
 endloop
endfacet
facet normal -0.63903767 -0.46499896 -0.6127046
 outer loop
  vertex 0.34136763 -0.99224716 0.2886332
  vertex 0.39218825 -0.91767824 0.1790359
  vertex 0.3784683 -1.0160668 0.26801538
 endloop
endfacet
facet normal -0.64685935 -0.5991491 -0.47179803
 outer loop
  vertex 0.35508758 -0.8938587 0.19965369
  vertex 0.35205334 -0.80993724 0.09723967
  vertex 0.38915402 -0.8337568 0.07662186
 endloop
endfacet
facet normal -0.64685905 -0.5991493 -0.4717981
 outer loop
  vertex 0.35508758 -0.8938587 0.19965369
  vertex 0.38915402 -0.8337568 0.07662186
  vertex 0.39218825 -0.91767824 0.1790359
 endloop
endfacet
facet normal -0.6317018 -0.70513916 -0.32207397
 outer loop
  vertex 0.35205334 -0.80993724 0.09723967
  vertex 0.3345756 -0.746373 -0.007645875
  vertex 0.37167633 -0.7701926 -0.028263658
 endloop
endfacet
facet normal -0.63170195 -0.70513904 -0.322074
 outer loop
  vertex 0.35205334 -0.80993724 0.09723967
  vertex 0.37167633 -0.7701926 -0.028263658
  vertex 0.38915402 -0.8337568 0.07662186
 endloop
endfacet
facet normal -0.08576033 -0.7555564 -0.64944553
 outer loop
  vertex 0.16443905 -0.99459374 0.34238595
  vertex 0.19704628 -0.9132607 0.24345832
  vertex 0.25845557 -0.92753905 0.25196037
 endloop
endfacet
facet normal -0.085759595 -0.75555694 -0.64944506
 outer loop
  vertex 0.16443905 -0.99459374 0.34238595
  vertex 0.25845557 -0.92753905 0.25196037
  vertex 0.22584838 -1.008872 0.350888
 endloop
endfacet
facet normal -0.06536292 -0.7028779 -0.7083011
 outer loop
  vertex 0.19704628 -0.9132607 0.24345832
  vertex 0.25146776 -0.7680154 0.09430301
  vertex 0.31287712 -0.7822937 0.10280505
 endloop
endfacet
facet normal -0.065363444 -0.70287764 -0.70830125
 outer loop
  vertex 0.19704628 -0.9132607 0.24345832
  vertex 0.31287712 -0.7822937 0.10280505
  vertex 0.25845557 -0.92753905 0.25196037
 endloop
endfacet
facet normal -0.09578301 -0.7801058 -0.61827224
 outer loop
  vertex 0.25146776 -0.7680154 0.09430301
  vertex 0.27480775 -0.71192646 0.019916892
  vertex 0.33621708 -0.72620475 0.028418988
 endloop
endfacet
facet normal -0.09578344 -0.7801055 -0.6182726
 outer loop
  vertex 0.25146776 -0.7680154 0.09430301
  vertex 0.33621708 -0.72620475 0.028418988
  vertex 0.31287712 -0.7822937 0.10280505
 endloop
endfacet
facet normal 0.33517158 -0.7577033 -0.5599515
 outer loop
  vertex 0.3668514 -0.96842974 0.45332152
  vertex 0.27949584 -0.8677607 0.2648117
  vertex 0.35317922 -0.826297 0.25280952
 endloop
endfacet
facet normal 0.33517197 -0.7577032 -0.5599514
 outer loop
  vertex 0.3668514 -0.96842974 0.45332152
  vertex 0.35317922 -0.826297 0.25280952
  vertex 0.44053465 -0.926966 0.44131935
 endloop
endfacet
facet normal 0.29055676 -0.70393836 -0.64811075
 outer loop
  vertex 0.27949584 -0.8677607 0.2648117
  vertex 0.18943357 -0.754889 0.101841226
  vertex 0.2631169 -0.7134253 0.08983907
 endloop
endfacet
facet normal 0.29055643 -0.70393836 -0.6481108
 outer loop
  vertex 0.27949584 -0.8677607 0.2648117
  vertex 0.2631169 -0.7134253 0.08983907
  vertex 0.35317922 -0.826297 0.25280952
 endloop
endfacet
facet normal 0.35377634 -0.7786739 -0.51817876
 outer loop
  vertex 0.18943357 -0.754889 0.101841226
  vertex 0.14288867 -0.70365864 -0.0069209337
  vertex 0.21657193 -0.66219497 -0.018923134
 endloop
endfacet
facet normal 0.353777 -0.7786738 -0.5181785
 outer loop
  vertex 0.18943357 -0.754889 0.101841226
  vertex 0.21657193 -0.66219497 -0.018923134
  vertex 0.2631169 -0.7134253 0.08983907
 endloop
endfacet
facet normal 0.14123318 0.7282406 -0.67061067
 outer loop
  vertex 0.2435025 -0.7376893 0.24286681
  vertex 0.22888139 -0.82593995 0.14395297
  vertex 0.180994 -0.8172632 0.14329012
 endloop
endfacet
facet normal 0.14123301 0.72824067 -0.67061067
 outer loop
  vertex 0.2435025 -0.7376893 0.24286681
  vertex 0.180994 -0.8172632 0.14329012
  vertex 0.19561505 -0.72901255 0.24220397
 endloop
endfacet
facet normal 0.15527162 0.8142082 -0.55942446
 outer loop
  vertex 0.22888139 -0.82593995 0.14395297
  vertex 0.21975407 -0.8828331 0.05861509
  vertex 0.17186666 -0.8741563 0.05795224
 endloop
endfacet
facet normal 0.15527079 0.81420857 -0.5594241
 outer loop
  vertex 0.22888139 -0.82593995 0.14395297
  vertex 0.17186666 -0.8741563 0.05795224
  vertex 0.180994 -0.8172632 0.14329012
 endloop
endfacet
facet normal 0.17845343 0.97451174 -0.1359459
 outer loop
  vertex 0.21975407 -0.8828331 0.05861509
  vertex 0.2189351 -0.8930052 -0.015377194
  vertex 0.17104775 -0.8843285 -0.016040027
 endloop
endfacet
facet normal 0.17845558 0.9745111 -0.1359473
 outer loop
  vertex 0.21975407 -0.8828331 0.05861509
  vertex 0.17104775 -0.8843285 -0.016040027
  vertex 0.17186666 -0.8741563 0.05795224
 endloop
endfacet
facet normal -0.9574792 0.003053491 -0.28848612
 outer loop
  vertex 0.031983823 -0.7970073 0.37751693
  vertex 0.06997726 -0.8067259 0.25131467
  vertex 0.068442084 -0.8701715 0.25573835
 endloop
endfacet
facet normal -0.95747924 0.0030534742 -0.28848618
 outer loop
  vertex 0.031983823 -0.7970073 0.37751693
  vertex 0.068442084 -0.8701715 0.25573835
  vertex 0.030448645 -0.8604528 0.3819406
 endloop
endfacet
facet normal -0.91540325 -0.0059134318 -0.40249464
 outer loop
  vertex 0.06997726 -0.8067259 0.25131467
  vertex 0.13515578 -0.8186265 0.103252426
  vertex 0.13362059 -0.88207203 0.10767609
 endloop
endfacet
facet normal -0.9154033 -0.0059137125 -0.4024945
 outer loop
  vertex 0.06997726 -0.8067259 0.25131467
  vertex 0.13362059 -0.88207203 0.10767609
  vertex 0.068442084 -0.8701715 0.25573835
 endloop
endfacet
facet normal -0.96844053 0.0060600503 -0.24917103
 outer loop
  vertex 0.13515578 -0.8186265 0.103252426
  vertex 0.1589812 -0.82567143 0.0104800165
  vertex 0.15744603 -0.88911694 0.014903665
 endloop
endfacet
facet normal -0.96844053 0.0060602035 -0.24917118
 outer loop
  vertex 0.13515578 -0.8186265 0.103252426
  vertex 0.15744603 -0.88911694 0.014903665
  vertex 0.13362059 -0.88207203 0.10767609
 endloop
endfacet
facet normal -0.766352 0.60594124 -0.21340083
 outer loop
  vertex 0.12285872 -0.71512806 0.42902368
  vertex 0.1462178 -0.7465215 0.25599796
  vertex 0.09252223 -0.8127527 0.26076576
 endloop
endfacet
facet normal -0.76635176 0.60594136 -0.21340097
 outer loop
  vertex 0.12285872 -0.71512806 0.42902368
  vertex 0.09252223 -0.8127527 0.26076576
  vertex 0.06916317 -0.78135926 0.4337915
 endloop
endfacet
facet normal -0.7381188 0.5727445 -0.3565731
 outer loop
  vertex 0.1462178 -0.7465215 0.25599796
  vertex 0.19392832 -0.7982983 0.07406913
  vertex 0.1402328 -0.86452955 0.07883696
 endloop
endfacet
facet normal -0.7381184 0.5727449 -0.35657334
 outer loop
  vertex 0.1462178 -0.7465215 0.25599796
  vertex 0.1402328 -0.86452955 0.07883696
  vertex 0.09252223 -0.8127527 0.26076576
 endloop
endfacet
facet normal -0.77629995 0.6220006 -0.10234013
 outer loop
  vertex 0.19392832 -0.7982983 0.07406913
  vertex 0.19731617 -0.8064703 -0.0012968481
  vertex 0.14362063 -0.8727016 0.0034709573
 endloop
endfacet
facet normal -0.77629995 0.6220007 -0.10234029
 outer loop
  vertex 0.19392832 -0.7982983 0.07406913
  vertex 0.14362063 -0.8727016 0.0034709573
  vertex 0.1402328 -0.86452955 0.07883696
 endloop
endfacet
facet normal 0.009318989 0.97722477 -0.21200208
 outer loop
  vertex 0.273707 -0.67306006 0.5077192
  vertex 0.2695488 -0.7138583 0.3194767
  vertex 0.1841761 -0.71269 0.3211093
 endloop
endfacet
facet normal 0.009318905 0.97722477 -0.21200201
 outer loop
  vertex 0.273707 -0.67306006 0.5077192
  vertex 0.1841761 -0.71269 0.3211093
  vertex 0.18833432 -0.67189175 0.50935185
 endloop
endfacet
facet normal 0.0029889643 0.88059986 -0.47385126
 outer loop
  vertex 0.2695488 -0.7138583 0.3194767
  vertex 0.26382387 -0.8301473 0.10333039
  vertex 0.17845121 -0.828979 0.10496305
 endloop
endfacet
facet normal 0.0029892926 0.88059974 -0.47385144
 outer loop
  vertex 0.2695488 -0.7138583 0.3194767
  vertex 0.17845121 -0.828979 0.10496305
  vertex 0.1841761 -0.71269 0.3211093
 endloop
endfacet
facet normal 0.009566693 0.97959715 -0.20074327
 outer loop
  vertex 0.26382387 -0.8301473 0.10333039
  vertex 0.26127648 -0.8539315 -0.012854159
  vertex 0.17590381 -0.8527632 -0.011221528
 endloop
endfacet
facet normal 0.009566611 0.97959715 -0.2007432
 outer loop
  vertex 0.26382387 -0.8301473 0.10333039
  vertex 0.17590381 -0.8527632 -0.011221528
  vertex 0.17845121 -0.828979 0.10496305
 endloop
endfacet
facet normal 0.18144405 -0.9602778 -0.21200168
 outer loop
  vertex -0.035320953 -1.0911993 0.51610655
  vertex -0.039199278 -1.0503736 0.32786402
  vertex 0.044761933 -1.0348696 0.32949662
 endloop
endfacet
facet normal 0.1814441 -0.9602778 -0.21200168
 outer loop
  vertex -0.035320953 -1.0911993 0.51610655
  vertex 0.044761933 -1.0348696 0.32949662
  vertex 0.048640266 -1.0756953 0.5177392
 endloop
endfacet
facet normal 0.16698807 -0.8520826 -0.49605477
 outer loop
  vertex -0.039199278 -1.0503736 0.32786402
  vertex -0.055642515 -0.94095004 0.13436987
  vertex 0.028318696 -0.9254461 0.13600251
 endloop
endfacet
facet normal 0.16698849 -0.8520825 -0.49605462
 outer loop
  vertex -0.039199278 -1.0503736 0.32786402
  vertex 0.028318696 -0.9254461 0.13600251
  vertex 0.044761933 -1.0348696 0.32949662
 endloop
endfacet
facet normal 0.18061323 -0.9521375 -0.24660298
 outer loop
  vertex -0.055642515 -0.94095004 0.13436987
  vertex -0.06020446 -0.8987252 -0.032001942
  vertex 0.023756742 -0.88322127 -0.030369282
 endloop
endfacet
facet normal 0.18061318 -0.95213753 -0.24660304
 outer loop
  vertex -0.055642515 -0.94095004 0.13436987
  vertex 0.023756742 -0.88322127 -0.030369282
  vertex 0.028318696 -0.9254461 0.13600251
 endloop
endfacet
facet normal -0.9574792 0.0030534875 -0.28848618
 outer loop
  vertex -0.1530664 -0.7353429 0.37751693
  vertex -0.11507295 -0.7450615 0.25131467
  vertex -0.11660813 -0.8085071 0.25573835
 endloop
endfacet
facet normal -0.9574792 0.0030534712 -0.2884862
 outer loop
  vertex -0.1530664 -0.7353429 0.37751693
  vertex -0.11660813 -0.8085071 0.25573835
  vertex -0.15460157 -0.7987884 0.3819406
 endloop
endfacet
facet normal -0.9154033 -0.0059135407 -0.40249452
 outer loop
  vertex -0.11507295 -0.7450615 0.25131467
  vertex -0.049894452 -0.7569622 0.103252426
  vertex -0.05142963 -0.8204077 0.107676074
 endloop
endfacet
facet normal -0.91540337 -0.0059137116 -0.40249443
 outer loop
  vertex -0.11507295 -0.7450615 0.25131467
  vertex -0.05142963 -0.8204077 0.107676074
  vertex -0.11660813 -0.8085071 0.25573835
 endloop
endfacet
facet normal -0.9684405 0.006060045 -0.24917118
 outer loop
  vertex -0.049894452 -0.7569622 0.103252426
  vertex -0.026069015 -0.7640071 0.0104800165
  vertex -0.027604192 -0.82745254 0.014903665
 endloop
endfacet
facet normal -0.96844053 0.006060052 -0.24917118
 outer loop
  vertex -0.049894452 -0.7569622 0.103252426
  vertex -0.027604192 -0.82745254 0.014903665
  vertex -0.05142963 -0.8204077 0.107676074
 endloop
endfacet
facet normal -0.8392502 0.42770708 0.33574638
 outer loop
  vertex 0.54467607 0.038544156 0.70919335
  vertex 0.48965544 0.084805384 0.5127286
  vertex 0.45319173 0.00788869 0.519566
 endloop
endfacet
facet normal -0.8392506 0.4277062 0.3357467
 outer loop
  vertex 0.54467607 0.038544156 0.70919335
  vertex 0.45319173 0.00788869 0.519566
  vertex 0.50821245 -0.038372524 0.7160307
 endloop
endfacet
facet normal -0.75651175 0.40432975 0.51401097
 outer loop
  vertex 0.48965544 0.084805384 0.5127286
  vertex 0.2855428 0.10874735 0.1934862
  vertex 0.24907914 0.031830676 0.20032364
 endloop
endfacet
facet normal -0.7565118 0.40433004 0.5140109
 outer loop
  vertex 0.48965544 0.084805384 0.5127286
  vertex 0.24907914 0.031830676 0.20032364
  vertex 0.45319173 0.00788869 0.519566
 endloop
endfacet
facet normal -0.8534051 0.43067342 0.29363245
 outer loop
  vertex 0.2855428 0.10874735 0.1934862
  vertex 0.20152146 0.091480285 -0.02538529
  vertex 0.1650578 0.014563609 -0.018547863
 endloop
endfacet
facet normal -0.85340524 0.43067336 0.2936325
 outer loop
  vertex 0.2855428 0.10874735 0.1934862
  vertex 0.1650578 0.014563609 -0.018547863
  vertex 0.24907914 0.031830676 0.20032364
 endloop
endfacet
facet normal 0.8541601 -0.43265092 -0.28848535
 outer loop
  vertex 0.097806685 -0.1819614 0.36532518
  vertex 0.06822252 -0.15621799 0.23912287
  vertex 0.098082185 -0.10021721 0.24354646
 endloop
endfacet
facet normal 0.85415953 -0.43265158 -0.28848577
 outer loop
  vertex 0.097806685 -0.1819614 0.36532518
  vertex 0.098082185 -0.10021721 0.24354646
  vertex 0.12766638 -0.12596065 0.36974874
 endloop
endfacet
facet normal 0.8797727 -0.45945424 -0.12207278
 outer loop
  vertex 0.06822252 -0.15621799 0.23912287
  vertex 0.06898318 -0.108659 0.06560364
  vertex 0.09884295 -0.052658208 0.07002729
 endloop
endfacet
facet normal 0.8797734 -0.45945328 -0.12207204
 outer loop
  vertex 0.06822252 -0.15621799 0.23912287
  vertex 0.09884295 -0.052658208 0.07002729
  vertex 0.098082185 -0.10021721 0.24354646
 endloop
endfacet
facet normal 0.8626039 -0.44025943 -0.24917084
 outer loop
  vertex 0.06898318 -0.108659 0.06560364
  vertex 0.050857894 -0.09166621 -0.02716878
  vertex 0.08071764 -0.035665408 -0.022745103
 endloop
endfacet
facet normal 0.86260366 -0.4402598 -0.24917117
 outer loop
  vertex 0.06898318 -0.108659 0.06560364
  vertex 0.08071764 -0.035665408 -0.022745103
  vertex 0.09884295 -0.052658208 0.07002729
 endloop
endfacet
facet normal -0.72032696 -0.3251505 -0.61270404
 outer loop
  vertex 0.12854546 -0.3482898 0.36708614
  vertex 0.16200995 -0.25475547 0.27810663
  vertex 0.19348383 -0.28563 0.25748882
 endloop
endfacet
facet normal -0.7203269 -0.32515064 -0.6127041
 outer loop
  vertex 0.12854546 -0.3482898 0.36708614
  vertex 0.19348383 -0.28563 0.25748882
  vertex 0.16001931 -0.37916422 0.34646833
 endloop
endfacet
facet normal -0.90407485 -0.33584294 -0.26430684
 outer loop
  vertex 0.16200995 -0.25475547 0.27810663
  vertex 0.17281821 -0.19330525 0.16305439
  vertex 0.20083123 -0.22844753 0.11188817
 endloop
endfacet
facet normal -0.75867033 -0.592452 -0.27096117
 outer loop
  vertex 0.16200995 -0.25475547 0.27810663
  vertex 0.20083123 -0.22844753 0.11188817
  vertex 0.19348383 -0.28563 0.25748882
 endloop
endfacet
facet normal -0.7548229 -0.61217076 -0.23556158
 outer loop
  vertex 0.17281821 -0.19330525 0.16305439
  vertex 0.1651875 -0.13178177 0.027620435
  vertex 0.19666135 -0.16265622 0.0070026517
 endloop
endfacet
facet normal -0.8917297 -0.39849952 -0.21451388
 outer loop
  vertex 0.17281821 -0.19330525 0.16305439
  vertex 0.19666135 -0.16265622 0.0070026517
  vertex 0.20083123 -0.22844753 0.11188817
 endloop
endfacet
facet normal 0.64804953 -0.39780867 -0.64944595
 outer loop
  vertex 0.2850706 -0.3482772 0.40401483
  vertex 0.22521433 -0.28428093 0.30508727
  vertex 0.2641666 -0.23470584 0.31358927
 endloop
endfacet
facet normal 0.6480486 -0.3978093 -0.64944655
 outer loop
  vertex 0.2850706 -0.3482772 0.40401483
  vertex 0.2641666 -0.23470584 0.31358927
  vertex 0.324023 -0.29870215 0.4125169
 endloop
endfacet
facet normal 0.58814996 -0.33595625 -0.73567176
 outer loop
  vertex 0.22521433 -0.28428093 0.30508727
  vertex 0.13950515 -0.19846478 0.19737574
  vertex 0.17845738 -0.14888977 0.2058778
 endloop
endfacet
facet normal 0.58814967 -0.33595648 -0.7356719
 outer loop
  vertex 0.22521433 -0.28428093 0.30508727
  vertex 0.17845738 -0.14888977 0.2058778
  vertex 0.2641666 -0.23470584 0.31358927
 endloop
endfacet
facet normal 0.77204955 -0.5528471 -0.3135276
 outer loop
  vertex 0.13950515 -0.19846478 0.19737574
  vertex 0.13938156 -0.12783566 0.07253021
  vertex 0.17833383 -0.078260556 0.081032276
 endloop
endfacet
facet normal 0.7720493 -0.5528473 -0.31352788
 outer loop
  vertex 0.13950515 -0.19846478 0.19737574
  vertex 0.17833383 -0.078260556 0.081032276
  vertex 0.17845738 -0.14888977 0.2058778
 endloop
endfacet
facet normal 0.76730406 -0.0060610427 -0.6412549
 outer loop
  vertex 0.38270897 -0.34256655 0.5430884
  vertex 0.22804743 -0.26086915 0.3572534
  vertex 0.25014785 -0.18242368 0.38295656
 endloop
endfacet
facet normal 0.76301146 -0.014579539 -0.6462205
 outer loop
  vertex 0.38270897 -0.34256655 0.5430884
  vertex 0.25014785 -0.18242368 0.38295656
  vertex 0.40678817 -0.26510233 0.5697717
 endloop
endfacet
facet normal 0.86717385 -0.15488918 -0.47330627
 outer loop
  vertex 0.22804743 -0.26086915 0.3572534
  vertex 0.17938356 -0.2135801 0.25261799
  vertex 0.20284152 -0.13299903 0.26922667
 endloop
endfacet
facet normal 0.89863783 -0.1144071 -0.42351037
 outer loop
  vertex 0.22804743 -0.26086915 0.3572534
  vertex 0.20284152 -0.13299903 0.26922667
  vertex 0.25014785 -0.18242368 0.38295656
 endloop
endfacet
facet normal 0.945786 -0.25889987 -0.19611129
 outer loop
  vertex 0.17938356 -0.2135801 0.25261799
  vertex 0.15550351 -0.115344346 0.007763922
  vertex 0.1809403 -0.035744578 0.025352865
 endloop
endfacet
facet normal 0.9536144 -0.24021116 -0.1814337
 outer loop
  vertex 0.17938356 -0.2135801 0.25261799
  vertex 0.1809403 -0.035744578 0.025352865
  vertex 0.20284152 -0.13299903 0.26922667
 endloop
endfacet
facet normal 0.0764521 -0.61043125 -0.7883709
 outer loop
  vertex 0.26043397 -0.40820518 0.461156
  vertex 0.18625316 -0.31315148 0.38036278
  vertex 0.26683515 -0.28755835 0.36836058
 endloop
endfacet
facet normal 0.07645339 -0.6104313 -0.78837085
 outer loop
  vertex 0.26043397 -0.40820518 0.461156
  vertex 0.26683515 -0.28755835 0.36836058
  vertex 0.34101588 -0.38261193 0.44915384
 endloop
endfacet
facet normal 0.14114861 -0.74835193 -0.6481099
 outer loop
  vertex 0.18625316 -0.31315148 0.38036278
  vertex 0.12105815 -0.18430746 0.21739219
  vertex 0.20164013 -0.15871419 0.20539
 endloop
endfacet
facet normal 0.1411472 -0.748352 -0.6481101
 outer loop
  vertex 0.18625316 -0.31315148 0.38036278
  vertex 0.20164013 -0.15871419 0.20539
  vertex 0.26683515 -0.28755835 0.36836058
 endloop
endfacet
facet normal 0.24911602 -0.9225521 -0.29468444
 outer loop
  vertex 0.12105815 -0.18430746 0.21739219
  vertex 0.110424094 -0.13168207 0.043651164
  vertex 0.1910061 -0.1060888 0.031648993
 endloop
endfacet
facet normal 0.24911606 -0.92255205 -0.29468444
 outer loop
  vertex 0.12105815 -0.18430746 0.21739219
  vertex 0.1910061 -0.1060888 0.031648993
  vertex 0.20164013 -0.15871419 0.20539
 endloop
endfacet
facet normal -0.99841756 0.00800697 0.055663165
 outer loop
  vertex 0.033591755 -0.2674273 0.66215956
  vertex 0.017870374 -0.14118733 0.36200953
  vertex 0.01579164 -0.22263911 0.33644032
 endloop
endfacet
facet normal -0.99841756 0.008007124 0.055663187
 outer loop
  vertex 0.033591755 -0.2674273 0.66215956
  vertex 0.01579164 -0.22263911 0.33644032
  vertex 0.031513005 -0.34887925 0.63659036
 endloop
endfacet
facet normal -0.97745764 0.08554047 -0.19302692
 outer loop
  vertex 0.017870374 -0.14118733 0.36200953
  vertex 0.060913645 -0.08208482 0.1702367
  vertex 0.05883491 -0.16353664 0.14466746
 endloop
endfacet
facet normal -0.97745764 0.08554037 -0.19302692
 outer loop
  vertex 0.017870374 -0.14118733 0.36200953
  vertex 0.05883491 -0.16353664 0.14466746
  vertex 0.01579164 -0.22263911 0.33644032
 endloop
endfacet
facet normal -0.89584136 -0.112120725 0.42999673
 outer loop
  vertex 0.060913645 -0.08208482 0.1702367
  vertex -0.010541901 -0.06642674 0.025451332
  vertex -0.012620628 -0.14787868 -0.00011783838
 endloop
endfacet
facet normal -0.89584124 -0.112121254 0.42999688
 outer loop
  vertex 0.060913645 -0.08208482 0.1702367
  vertex -0.012620628 -0.14787868 -0.00011783838
  vertex 0.05883491 -0.16353664 0.14466746
 endloop
endfacet
facet normal -0.67048776 0.7095141 -0.21687765
 outer loop
  vertex 0.21009983 -0.110042736 0.7942382
  vertex 0.2663586 -0.123258635 0.5770757
  vertex 0.20416981 -0.18177709 0.5778926
 endloop
endfacet
facet normal -0.67048806 0.70951384 -0.21687755
 outer loop
  vertex 0.21009983 -0.110042736 0.7942382
  vertex 0.20416981 -0.18177709 0.5778926
  vertex 0.14791097 -0.16856128 0.79505515
 endloop
endfacet
facet normal -0.65175337 0.69681114 0.29945228
 outer loop
  vertex 0.2663586 -0.123258635 0.5770757
  vertex 0.15912154 -0.072614014 0.2258282
  vertex 0.09693281 -0.13113251 0.22664511
 endloop
endfacet
facet normal -0.6517529 0.6968118 0.299452
 outer loop
  vertex 0.2663586 -0.123258635 0.5770757
  vertex 0.09693281 -0.13113251 0.22664511
  vertex 0.20416981 -0.18177709 0.5778926
 endloop
endfacet
facet normal -0.48279318 0.7118372 0.51009667
 outer loop
  vertex 0.15912154 -0.072614014 0.2258282
  vertex 0.051386774 0.004535295 0.016198605
  vertex -0.03070581 -0.048089005 0.011937052
 endloop
endfacet
facet normal -0.5606294 0.60370374 0.5667772
 outer loop
  vertex 0.15912154 -0.072614014 0.2258282
  vertex -0.03070581 -0.048089005 0.011937052
  vertex 0.09693281 -0.13113251 0.22664511
 endloop
endfacet
facet normal -0.64598364 -0.5865698 -0.48850894
 outer loop
  vertex 0.14187752 -0.45750177 0.5568235
  vertex 0.122724146 -0.349718 0.45273137
  vertex 0.18787363 -0.3939461 0.41968668
 endloop
endfacet
facet normal -0.6459839 -0.58656955 -0.48850897
 outer loop
  vertex 0.14187752 -0.45750177 0.5568235
  vertex 0.18787363 -0.3939461 0.41968668
  vertex 0.20702699 -0.5017299 0.5237788
 endloop
endfacet
facet normal -0.6454665 -0.576216 -0.50134635
 outer loop
  vertex 0.122724146 -0.349718 0.45273137
  vertex 0.1317306 -0.19449487 0.26273215
  vertex 0.1968801 -0.23872301 0.22968741
 endloop
endfacet
facet normal -0.64546615 -0.5762163 -0.50134635
 outer loop
  vertex 0.122724146 -0.349718 0.45273137
  vertex 0.1968801 -0.23872301 0.22968741
  vertex 0.18787363 -0.3939461 0.41968668
 endloop
endfacet
facet normal -0.6030037 -0.7858864 -0.13700023
 outer loop
  vertex 0.1317306 -0.19449487 0.26273215
  vertex 0.102577396 -0.13452934 0.047063857
  vertex 0.16772686 -0.17875741 0.014019191
 endloop
endfacet
facet normal -0.6030041 -0.78588605 -0.13700026
 outer loop
  vertex 0.1317306 -0.19449487 0.26273215
  vertex 0.16772686 -0.17875741 0.014019191
  vertex 0.1968801 -0.23872301 0.22968741
 endloop
endfacet
facet normal -0.037994377 0.9875381 0.15272534
 outer loop
  vertex -0.2446177 -0.29618588 0.82125604
  vertex -0.08647454 -0.24375331 0.52156377
  vertex -0.16718012 -0.22911367 0.40682468
 endloop
endfacet
facet normal -0.10192357 0.9848427 0.14034377
 outer loop
  vertex -0.2446177 -0.29618588 0.82125604
  vertex -0.16718012 -0.22911367 0.40682468
  vertex -0.31305757 -0.2853771 0.6957029
 endloop
endfacet
facet normal -0.6692135 0.74172693 -0.04465887
 outer loop
  vertex -0.08647454 -0.24375331 0.52156377
  vertex 0.04280956 -0.14768541 0.17980622
  vertex -0.01846072 -0.20442015 0.15565005
 endloop
endfacet
facet normal 0.02245526 0.99356943 0.11097561
 outer loop
  vertex -0.08647454 -0.24375331 0.52156377
  vertex -0.01846072 -0.20442015 0.15565005
  vertex -0.16718012 -0.22911367 0.40682468
 endloop
endfacet
facet normal -0.8169855 0.46104994 0.34636357
 outer loop
  vertex 0.04280956 -0.14768541 0.17980622
  vertex 0.031016663 -0.06882024 0.047011048
  vertex -0.017987907 -0.12938583 0.012041271
 endloop
endfacet
facet normal -0.7083431 0.6265736 0.32504708
 outer loop
  vertex 0.04280956 -0.14768541 0.17980622
  vertex -0.017987907 -0.12938583 0.012041271
  vertex -0.01846072 -0.20442015 0.15565005
 endloop
endfacet
facet normal -0.1503696 -0.55845255 -0.815794
 outer loop
  vertex -0.1335367 -0.27130318 0.4651733
  vertex -0.10200177 -0.15717496 0.3812341
  vertex -0.025292978 -0.19319737 0.3917541
 endloop
endfacet
facet normal -0.1503698 -0.5584523 -0.815794
 outer loop
  vertex -0.1335367 -0.27130318 0.4651733
  vertex -0.025292978 -0.19319737 0.3917541
  vertex -0.056827903 -0.30732563 0.4756933
 endloop
endfacet
facet normal -0.23219159 -0.6935937 -0.68191993
 outer loop
  vertex -0.10200177 -0.15717496 0.3812341
  vertex -0.020763949 -0.030027159 0.22424845
  vertex 0.055944882 -0.066049546 0.23476839
 endloop
endfacet
facet normal -0.23219156 -0.6935938 -0.68192
 outer loop
  vertex -0.10200177 -0.15717496 0.3812341
  vertex 0.055944882 -0.066049546 0.23476839
  vertex -0.025292978 -0.19319737 0.3917541
 endloop
endfacet
facet normal -0.506486 -0.7168392 -0.47918007
 outer loop
  vertex -0.020763949 -0.030027159 0.22424845
  vertex 0.03439364 0.018449806 0.09342763
  vertex 0.12770344 -0.03253589 0.07107368
 endloop
endfacet
facet normal -0.36202753 -0.8692484 -0.33666494
 outer loop
  vertex -0.020763949 -0.030027159 0.22424845
  vertex 0.12770344 -0.03253589 0.07107368
  vertex 0.055944882 -0.066049546 0.23476839
 endloop
endfacet
facet normal 0.6912787 -0.573408 -0.43970108
 outer loop
  vertex -0.16446155 -0.31557617 0.5568269
  vertex -0.17692608 -0.16117606 0.33587968
  vertex -0.115383044 -0.11823183 0.37663198
 endloop
endfacet
facet normal 0.69127905 -0.5734078 -0.43970078
 outer loop
  vertex -0.16446155 -0.31557617 0.5568269
  vertex -0.115383044 -0.11823183 0.37663198
  vertex -0.10291846 -0.2726318 0.5975792
 endloop
endfacet
facet normal 0.61512053 -0.7378779 -0.27778184
 outer loop
  vertex -0.17692608 -0.16117606 0.33587968
  vertex -0.15307263 -0.10113327 0.22920784
  vertex -0.08683832 -0.05817584 0.26176843
 endloop
endfacet
facet normal 0.6514557 -0.72667783 -0.21804775
 outer loop
  vertex -0.17692608 -0.16117606 0.33587968
  vertex -0.08683832 -0.05817584 0.26176843
  vertex -0.115383044 -0.11823183 0.37663198
 endloop
endfacet
facet normal 0.8677044 -0.34650773 0.35640076
 outer loop
  vertex -0.15307263 -0.10113327 0.22920784
  vertex -0.03805761 -0.033718392 0.014732271
  vertex -0.03801109 0.016709782 0.06364739
 endloop
endfacet
facet normal 0.58988386 -0.7926248 -0.15421787
 outer loop
  vertex -0.15307263 -0.10113327 0.22920784
  vertex -0.03801109 0.016709782 0.06364739
  vertex -0.08683832 -0.05817584 0.26176843
 endloop
endfacet
facet normal -0.4724821 0.6335249 -0.61270463
 outer loop
  vertex -0.1726569 -0.2329239 0.36976153
  vertex -0.074113816 -0.24548584 0.28078204
  vertex -0.09749545 -0.28286406 0.26016423
 endloop
endfacet
facet normal -0.47248125 0.63352567 -0.61270446
 outer loop
  vertex -0.1726569 -0.2329239 0.36976153
  vertex -0.09749545 -0.28286406 0.26016423
  vertex -0.1960386 -0.2703021 0.3491437
 endloop
endfacet
facet normal -0.7417742 0.6134746 -0.2709612
 outer loop
  vertex -0.074113816 -0.24548584 0.28078204
  vertex -0.016689524 -0.24036136 0.13518143
  vertex -0.04007122 -0.27773955 0.1145636
 endloop
endfacet
facet normal -0.7417752 0.6134734 -0.2709612
 outer loop
  vertex -0.074113816 -0.24548584 0.28078204
  vertex -0.04007122 -0.27773955 0.1145636
  vertex -0.09749545 -0.28286406 0.26016423
 endloop
endfacet
facet normal -0.7125181 0.62336713 -0.3220736
 outer loop
  vertex -0.016689524 -0.24036136 0.13518143
  vertex 0.046664797 -0.22213739 0.030295849
  vertex 0.023283087 -0.25951558 0.009678066
 endloop
endfacet
facet normal -0.71251804 0.62336713 -0.32207358
 outer loop
  vertex -0.016689524 -0.24036136 0.13518143
  vertex 0.023283087 -0.25951558 0.009678066
  vertex -0.04007122 -0.27773955 0.1145636
 endloop
endfacet
facet normal -0.6932723 0.08794917 -0.71528906
 outer loop
  vertex -0.18131715 0.084971204 0.39802834
  vertex -0.06458923 0.037709743 0.27908224
  vertex -0.08108108 -0.02314251 0.2875843
 endloop
endfacet
facet normal -0.23119116 0.5820518 -0.7795937
 outer loop
  vertex -0.18131715 0.084971204 0.39802834
  vertex -0.08108108 -0.02314251 0.2875843
  vertex -0.22783884 0.023088578 0.36562237
 endloop
endfacet
facet normal -0.84523845 -0.31570503 -0.43116385
 outer loop
  vertex -0.06458923 0.037709743 0.27908224
  vertex 0.041197076 -0.021464087 0.11503048
  vertex 0.030424103 -0.0705464 0.1720883
 endloop
endfacet
facet normal -0.69783765 0.0898417 -0.7105991
 outer loop
  vertex -0.06458923 0.037709743 0.27908224
  vertex 0.030424103 -0.0705464 0.1720883
  vertex -0.08108108 -0.02314251 0.2875843
 endloop
endfacet
facet normal -0.8153274 0.14255907 -0.56117576
 outer loop
  vertex 0.041197076 -0.021464087 0.11503048
  vertex 0.0951024 -0.049498543 0.02959013
  vertex 0.07861063 -0.11035079 0.038092196
 endloop
endfacet
facet normal -0.9442821 -0.13936731 -0.29817468
 outer loop
  vertex 0.041197076 -0.021464087 0.11503048
  vertex 0.07861063 -0.11035079 0.038092196
  vertex 0.030424103 -0.0705464 0.1720883
 endloop
endfacet
facet normal -0.7055308 -0.28705767 -0.6479384
 outer loop
  vertex -0.30426037 0.25130966 0.70361674
  vertex -0.11807136 0.2394415 0.5061362
  vertex -0.10948469 0.1585103 0.5326414
 endloop
endfacet
facet normal -0.70544773 -0.285234 -0.6488336
 outer loop
  vertex -0.30426037 0.25130966 0.70361674
  vertex -0.10948469 0.1585103 0.5326414
  vertex -0.29616648 0.17059398 0.73030007
 endloop
endfacet
facet normal -0.94183254 -0.15453228 -0.29844806
 outer loop
  vertex -0.11807136 0.2394415 0.5061362
  vertex -0.0065347105 0.11851847 0.21676472
  vertex 0.0016365498 0.035091244 0.2341756
 endloop
endfacet
facet normal -0.94322586 -0.18943043 -0.27283898
 outer loop
  vertex -0.11807136 0.2394415 0.5061362
  vertex 0.0016365498 0.035091244 0.2341756
  vertex -0.10948469 0.1585103 0.5326414
 endloop
endfacet
facet normal -0.97948986 -0.12396053 -0.15885049
 outer loop
  vertex -0.0065347105 0.11851847 0.21676472
  vertex 0.04192017 0.034493696 -0.016443938
  vertex 0.04959862 -0.048718043 0.0011449754
 endloop
endfacet
facet normal -0.9794713 -0.1283706 -0.15542516
 outer loop
  vertex -0.0065347105 0.11851847 0.21676472
  vertex 0.04959862 -0.048718043 0.0011449754
  vertex 0.0016365498 0.035091244 0.2341756
 endloop
endfacet
facet normal -0.06576122 0.31169423 -0.94790405
 outer loop
  vertex -0.20959961 0.045712568 0.3573254
  vertex -0.045823395 -0.0053624287 0.32916865
  vertex -0.11116193 -0.060439795 0.31559074
 endloop
endfacet
facet normal -0.7569989 -0.60359883 -0.2502423
 outer loop
  vertex -0.20959961 0.045712568 0.3573254
  vertex -0.11116193 -0.060439795 0.31559074
  vertex -0.20293665 0.0008050576 0.44548902
 endloop
endfacet
facet normal -0.42226353 0.63375545 -0.6481108
 outer loop
  vertex -0.045823395 -0.0053624287 0.32916865
  vertex 0.06452239 -0.09850237 0.16619815
  vertex 0.00034047663 -0.15354003 0.15419598
 endloop
endfacet
facet normal -0.40584198 0.6418489 -0.6506322
 outer loop
  vertex -0.045823395 -0.0053624287 0.32916865
  vertex 0.00034047663 -0.15354003 0.15419598
  vertex -0.11116193 -0.060439795 0.31559074
 endloop
endfacet
facet normal -0.58912075 0.75166655 -0.29653695
 outer loop
  vertex 0.06452239 -0.09850237 0.16619815
  vertex 0.08157243 -0.15058343 0.00030946732
  vertex 0.017390504 -0.20562112 -0.011692703
 endloop
endfacet
facet normal -0.58912057 0.75166667 -0.29653707
 outer loop
  vertex 0.06452239 -0.09850237 0.16619815
  vertex 0.017390504 -0.20562112 -0.011692703
  vertex 0.00034047663 -0.15354003 0.15419598
 endloop
endfacet
facet normal 0.92760414 0.37298828 0.020740855
 outer loop
  vertex -0.3508822 0.07252934 0.8299495
  vertex -0.28836277 -0.06291674 0.46962255
  vertex -0.31826702 0.012875535 0.44405335
 endloop
endfacet
facet normal 0.9276047 0.37298703 0.020741073
 outer loop
  vertex -0.3508822 0.07252934 0.8299495
  vertex -0.31826702 0.012875535 0.44405335
  vertex -0.38078636 0.1483217 0.80438036
 endloop
endfacet
facet normal 0.9069111 0.40121305 0.12860972
 outer loop
  vertex -0.28836277 -0.06291674 0.46962255
  vertex -0.22115898 -0.105917946 0.12987202
  vertex -0.25106314 -0.03012564 0.10430281
 endloop
endfacet
facet normal 0.90691054 0.4012141 0.12860976
 outer loop
  vertex -0.28836277 -0.06291674 0.46962255
  vertex -0.25106314 -0.03012564 0.10430281
  vertex -0.31826702 0.012875535 0.44405335
 endloop
endfacet
facet normal 0.70211774 0.46030334 0.54327863
 outer loop
  vertex -0.22115898 -0.105917946 0.12987202
  vertex -0.1411945 -0.07851146 0.0033075213
  vertex -0.17109865 -0.0027191117 -0.022261739
 endloop
endfacet
facet normal 0.70211774 0.46030325 0.5432785
 outer loop
  vertex -0.22115898 -0.105917946 0.12987202
  vertex -0.17109865 -0.0027191117 -0.022261739
  vertex -0.25106314 -0.03012564 0.10430281
 endloop
endfacet
facet normal 0.8943744 -0.3912273 -0.21687692
 outer loop
  vertex -0.36746803 0.06411768 0.7938785
  vertex -0.42441928 0.054307036 0.5767159
  vertex -0.39003074 0.13246894 0.57753277
 endloop
endfacet
facet normal 0.8943743 -0.39122748 -0.21687695
 outer loop
  vertex -0.36746803 0.06411768 0.7938785
  vertex -0.39003074 0.13246894 0.57753277
  vertex -0.33307946 0.1422796 0.7946954
 endloop
endfacet
facet normal 0.8721664 -0.38685182 0.29945174
 outer loop
  vertex -0.42441928 0.054307036 0.5767159
  vertex -0.30591944 0.04957636 0.22546844
  vertex -0.271531 0.12773833 0.22628543
 endloop
endfacet
facet normal 0.87216616 -0.38685274 0.29945144
 outer loop
  vertex -0.42441928 0.054307036 0.5767159
  vertex -0.271531 0.12773833 0.22628543
  vertex -0.39003074 0.13246894 0.57753277
 endloop
endfacet
facet normal 0.7519116 -0.33673763 0.5667775
 outer loop
  vertex -0.30591944 0.04957636 0.22546844
  vertex -0.15598252 0.02299057 0.010760337
  vertex -0.1215941 0.10115254 0.011577278
 endloop
endfacet
facet normal 0.7519115 -0.33673814 0.5667773
 outer loop
  vertex -0.30591944 0.04957636 0.22546844
  vertex -0.1215941 0.10115254 0.011577278
  vertex -0.271531 0.12773833 0.22628543
 endloop
endfacet
facet normal 0.36853573 0.7841292 -0.4993223
 outer loop
  vertex -0.2643909 0.04997862 0.741693
  vertex -0.18912473 -0.080583185 0.5922123
  vertex -0.26637474 -0.06531857 0.5591676
 endloop
endfacet
facet normal 0.36853433 0.78412974 -0.49932262
 outer loop
  vertex -0.2643909 0.04997862 0.741693
  vertex -0.26637474 -0.06531857 0.5591676
  vertex -0.341641 0.06524318 0.7086484
 endloop
endfacet
facet normal 0.2986405 0.9135404 -0.27614802
 outer loop
  vertex -0.18912473 -0.080583185 0.5922123
  vertex -0.09904124 -0.22514656 0.21139514
  vertex -0.17629135 -0.20988199 0.17835051
 endloop
endfacet
facet normal 0.29864153 0.9135401 -0.2761479
 outer loop
  vertex -0.18912473 -0.080583185 0.5922123
  vertex -0.17629135 -0.20988199 0.17835051
  vertex -0.26637474 -0.06531857 0.5591676
 endloop
endfacet
facet normal 0.22453417 0.9714872 -0.07613743
 outer loop
  vertex -0.09904124 -0.22514656 0.21139514
  vertex -0.053012878 -0.25199112 0.0046084523
  vertex -0.13026291 -0.23672655 -0.028436214
 endloop
endfacet
facet normal 0.22453393 0.9714873 -0.07613741
 outer loop
  vertex -0.09904124 -0.22514656 0.21139514
  vertex -0.13026291 -0.23672655 -0.028436214
  vertex -0.17629135 -0.20988199 0.17835051
 endloop
endfacet
facet normal 0.043851305 -0.98374295 0.17414606
 outer loop
  vertex -0.46229202 0.36092192 0.7323631
  vertex -0.44408667 0.32495967 0.5246298
  vertex -0.36225373 0.3327057 0.54778063
 endloop
endfacet
facet normal 0.043851852 -0.9837429 0.17414637
 outer loop
  vertex -0.46229202 0.36092192 0.7323631
  vertex -0.36225373 0.3327057 0.54778063
  vertex -0.38045955 0.36866796 0.7555138
 endloop
endfacet
facet normal -0.0051209726 -0.9427257 0.33352956
 outer loop
  vertex -0.44408667 0.32495967 0.5246298
  vertex -0.297813 0.20739543 0.19457877
  vertex -0.21598053 0.2151415 0.21772958
 endloop
endfacet
facet normal -0.0051213736 -0.9427259 0.33352932
 outer loop
  vertex -0.44408667 0.32495967 0.5246298
  vertex -0.21598053 0.2151415 0.21772958
  vertex -0.36225373 0.3327057 0.54778063
 endloop
endfacet
facet normal 0.7183355 -0.5795467 0.38486314
 outer loop
  vertex -0.297813 0.20739543 0.19457877
  vertex -0.193135 0.19695322 -0.016524017
  vertex -0.16054481 0.25412223 0.008735418
 endloop
endfacet
facet normal 0.13438325 -0.9799458 -0.14713025
 outer loop
  vertex -0.297813 0.20739543 0.19457877
  vertex -0.16054481 0.25412223 0.008735418
  vertex -0.21598053 0.2151415 0.21772958
 endloop
endfacet
facet normal 0.83925086 -0.42770606 0.3357461
 outer loop
  vertex -0.35514122 0.18677956 0.70919335
  vertex -0.30012074 0.14051817 0.51272863
  vertex -0.2636571 0.21743499 0.51956606
 endloop
endfacet
facet normal 0.83925056 -0.427707 0.33574578
 outer loop
  vertex -0.35514122 0.18677956 0.70919335
  vertex -0.2636571 0.21743499 0.51956606
  vertex -0.3186775 0.26369625 0.7160307
 endloop
endfacet
facet normal 0.7565122 -0.40432975 0.51401037
 outer loop
  vertex -0.30012074 0.14051817 0.51272863
  vertex -0.09600848 0.11657614 0.1934862
  vertex -0.059544846 0.1934928 0.20032363
 endloop
endfacet
facet normal 0.7565124 -0.40432927 0.51401055
 outer loop
  vertex -0.30012074 0.14051817 0.51272863
  vertex -0.059544846 0.1934928 0.20032363
  vertex -0.2636571 0.21743499 0.51956606
 endloop
endfacet
facet normal 0.8534052 -0.43067333 0.29363275
 outer loop
  vertex -0.09600848 0.11657614 0.1934862
  vertex -0.011987075 0.1338432 -0.02538529
  vertex 0.024476588 0.2107599 -0.018547863
 endloop
endfacet
facet normal 0.8534051 -0.43067327 0.29363278
 outer loop
  vertex -0.09600848 0.11657614 0.1934862
  vertex 0.024476588 0.2107599 -0.018547863
  vertex -0.059544846 0.1934928 0.20032363
 endloop
endfacet
facet normal -0.76506233 0.016065424 -0.64375585
 outer loop
  vertex -0.18979427 0.5644729 0.5349115
  vertex -0.0269157 0.48434812 0.33934125
  vertex -0.050994918 0.40688393 0.36602467
 endloop
endfacet
facet normal -0.76506215 0.016065693 -0.643756
 outer loop
  vertex -0.18979427 0.5644729 0.5349115
  vertex -0.050994918 0.40688393 0.36602467
  vertex -0.21387345 0.48700866 0.56159484
 endloop
endfacet
facet normal -0.8485466 0.15969427 -0.5044467
 outer loop
  vertex -0.0269157 0.48434812 0.33934125
  vertex 0.015011765 0.44392046 0.25601536
  vertex -0.010425016 0.3643207 0.27360427
 endloop
endfacet
facet normal -0.8868637 0.12219011 -0.44558102
 outer loop
  vertex -0.0269157 0.48434812 0.33934125
  vertex -0.010425016 0.3643207 0.27360427
  vertex -0.050994918 0.40688393 0.36602467
 endloop
endfacet
facet normal -0.91008127 0.21215872 -0.3560065
 outer loop
  vertex 0.015011765 0.44392046 0.25601536
  vertex 0.07764165 0.3801283 0.05789438
  vertex 0.05220487 0.3005286 0.07548329
 endloop
endfacet
facet normal -0.91008145 0.21215862 -0.3560064
 outer loop
  vertex 0.015011765 0.44392046 0.25601536
  vertex 0.05220487 0.3005286 0.07548329
  vertex -0.010425016 0.3643207 0.27360427
 endloop
endfacet
facet normal -0.07645327 0.6104311 -0.78837097
 outer loop
  vertex -0.06819934 0.62861454 0.4535059
  vertex 0.005981423 0.53356093 0.37271267
  vertex -0.07460058 0.5079677 0.36071053
 endloop
endfacet
facet normal -0.076453865 0.6104311 -0.7883709
 outer loop
  vertex -0.06819934 0.62861454 0.4535059
  vertex -0.07460058 0.5079677 0.36071053
  vertex -0.14878133 0.6030212 0.44150373
 endloop
endfacet
facet normal -0.14114836 0.7483514 -0.6481106
 outer loop
  vertex 0.005981423 0.53356093 0.37271267
  vertex 0.07117643 0.4047167 0.20974214
  vertex -0.009405538 0.37912345 0.19773997
 endloop
endfacet
facet normal -0.14114831 0.74835134 -0.64811057
 outer loop
  vertex 0.005981423 0.53356093 0.37271267
  vertex -0.009405538 0.37912345 0.19773997
  vertex -0.07460058 0.5079677 0.36071053
 endloop
endfacet
facet normal -0.37892923 0.8784607 -0.29106596
 outer loop
  vertex 0.07117643 0.4047167 0.20974214
  vertex 0.08203252 0.3520279 0.03658986
  vertex 0.009685919 0.3240794 0.046424687
 endloop
endfacet
facet normal -0.23371236 0.90388286 -0.3582935
 outer loop
  vertex 0.07117643 0.4047167 0.20974214
  vertex 0.009685919 0.3240794 0.046424687
  vertex -0.009405538 0.37912345 0.19773997
 endloop
endfacet
facet normal 0.99789053 -0.0051521664 0.064714395
 outer loop
  vertex 0.15669845 0.4899016 0.65314436
  vertex 0.1753612 0.36433184 0.3553692
  vertex 0.17743994 0.44578376 0.3297999
 endloop
endfacet
facet normal 0.99789053 -0.0051521603 0.064714395
 outer loop
  vertex 0.15669845 0.4899016 0.65314436
  vertex 0.17743994 0.44578376 0.3297999
  vertex 0.15877719 0.5713535 0.62757504
 endloop
endfacet
facet normal 0.96285427 -0.10293655 -0.24963118
 outer loop
  vertex 0.1753612 0.36433184 0.3553692
  vertex 0.12558162 0.3120906 0.18490595
  vertex 0.12766035 0.39354265 0.1593367
 endloop
endfacet
facet normal 0.96285415 -0.102937095 -0.24963127
 outer loop
  vertex 0.1753612 0.36433184 0.3553692
  vertex 0.12766035 0.39354265 0.1593367
  vertex 0.17743994 0.44578376 0.3297999
 endloop
endfacet
facet normal 0.9128862 0.0748234 0.40129828
 outer loop
  vertex 0.12558162 0.3120906 0.18490595
  vertex 0.18799374 0.2937554 0.04634753
  vertex 0.19617447 0.37721425 0.0121765435
 endloop
endfacet
facet normal 0.9059248 0.10560466 0.41005856
 outer loop
  vertex 0.12558162 0.3120906 0.18490595
  vertex 0.19617447 0.37721425 0.0121765435
  vertex 0.12766035 0.39354265 0.1593367
 endloop
endfacet
facet normal 0.418445 0.101027764 -0.9026057
 outer loop
  vertex 0.24112347 0.5746993 0.34275106
  vertex 0.17906477 0.49907345 0.30551612
  vertex 0.14801404 0.553983 0.29726708
 endloop
endfacet
facet normal 0.41844475 0.10102906 -0.9026058
 outer loop
  vertex 0.24112347 0.5746993 0.34275106
  vertex 0.14801404 0.553983 0.29726708
  vertex 0.21007265 0.6296089 0.33450207
 endloop
endfacet
facet normal 0.65798956 0.26626956 -0.70437926
 outer loop
  vertex 0.17906477 0.49907345 0.30551612
  vertex 0.08604786 0.42946684 0.19231251
  vertex 0.05499699 0.4843764 0.18406354
 endloop
endfacet
facet normal 0.65799016 0.2662674 -0.70437956
 outer loop
  vertex 0.17906477 0.49907345 0.30551612
  vertex 0.05499699 0.4843764 0.18406354
  vertex 0.14801404 0.553983 0.29726708
 endloop
endfacet
facet normal 0.8455362 0.4307491 -0.31547365
 outer loop
  vertex 0.08604786 0.42946684 0.19231251
  vertex 0.039365068 0.41656333 0.049574226
  vertex 0.008314259 0.47147292 0.04132527
 endloop
endfacet
facet normal 0.8455359 0.43075007 -0.3154732
 outer loop
  vertex 0.08604786 0.42946684 0.19231251
  vertex 0.008314259 0.47147292 0.04132527
  vertex 0.05499699 0.4843764 0.18406354
 endloop
endfacet
facet normal 0.115687534 -0.897832 -0.42486966
 outer loop
  vertex 0.38002902 0.45413053 0.36192572
  vertex 0.32348636 0.4997655 0.25009423
  vertex 0.3672059 0.51325446 0.23349378
 endloop
endfacet
facet normal 0.11568712 -0.89783204 -0.42486957
 outer loop
  vertex 0.38002902 0.45413053 0.36192572
  vertex 0.3672059 0.51325446 0.23349378
  vertex 0.4237486 0.4676195 0.34532523
 endloop
endfacet
facet normal -0.2639128 -0.9583743 -0.10894326
 outer loop
  vertex 0.32348636 0.4997655 0.25009423
  vertex 0.2819438 0.52162325 0.15844734
  vertex 0.35640407 0.5089248 0.08977738
 endloop
endfacet
facet normal 0.29704657 -0.95484126 0.0064398646
 outer loop
  vertex 0.32348636 0.4997655 0.25009423
  vertex 0.35640407 0.5089248 0.08977738
  vertex 0.3672059 0.51325446 0.23349378
 endloop
endfacet
facet normal 0.33975306 -0.93019557 0.13893914
 outer loop
  vertex 0.2819438 0.52162325 0.15844734
  vertex 0.2710247 0.49207237 -0.012694508
  vertex 0.31474423 0.50556135 -0.029294997
 endloop
endfacet
facet normal -0.10835934 -0.9919231 0.065930456
 outer loop
  vertex 0.2819438 0.52162325 0.15844734
  vertex 0.31474423 0.50556135 -0.029294997
  vertex 0.35640407 0.5089248 0.08977738
 endloop
endfacet
facet normal -0.6112804 0.7166675 0.3357438
 outer loop
  vertex 0.76248354 0.0089250915 0.71561426
  vertex 0.72939205 0.07273935 0.51914966
  vertex 0.66623664 0.015667848 0.5259871
 endloop
endfacet
facet normal -0.6112801 0.7166678 0.33574373
 outer loop
  vertex 0.76248354 0.0089250915 0.71561426
  vertex 0.66623664 0.015667848 0.5259871
  vertex 0.6993282 -0.048146307 0.7224517
 endloop
endfacet
facet normal -0.54381526 0.6633692 0.5140101
 outer loop
  vertex 0.72939205 0.07273935 0.51914966
  vertex 0.5500368 0.17307223 0.19990717
  vertex 0.48688123 0.11600073 0.20674463
 endloop
endfacet
facet normal -0.5438159 0.66336834 0.5140105
 outer loop
  vertex 0.72939205 0.07273935 0.51914966
  vertex 0.48688123 0.11600073 0.20674463
  vertex 0.66623664 0.015667848 0.5259871
 endloop
endfacet
facet normal -0.62321585 0.7248323 0.29363263
 outer loop
  vertex 0.5500368 0.17307223 0.19990717
  vertex 0.46581265 0.18932149 -0.01896429
  vertex 0.4026571 0.13225003 -0.012126863
 endloop
endfacet
facet normal -0.623216 0.7248321 0.29363278
 outer loop
  vertex 0.5500368 0.17307223 0.19990717
  vertex 0.4026571 0.13225003 -0.012126863
  vertex 0.48688123 0.11600073 0.20674463
 endloop
endfacet
facet normal 0.44373992 -0.65250987 -0.6142684
 outer loop
  vertex 0.25470382 0.26055658 0.35825592
  vertex 0.19171776 0.31455982 0.25539035
  vertex 0.23999801 0.3551584 0.24714136
 endloop
endfacet
facet normal -0.37810236 -0.72899514 -0.57061785
 outer loop
  vertex 0.25470382 0.26055658 0.35825592
  vertex 0.23999801 0.3551584 0.24714136
  vertex 0.26643494 0.29990107 0.30021796
 endloop
endfacet
facet normal 0.5020424 -0.7082138 -0.49637356
 outer loop
  vertex 0.19171776 0.31455982 0.25539035
  vertex 0.13294677 0.38788077 0.091335595
  vertex 0.18149087 0.4284265 0.08258441
 endloop
endfacet
facet normal 0.50830203 -0.7049752 -0.49460995
 outer loop
  vertex 0.19171776 0.31455982 0.25539035
  vertex 0.18149087 0.4284265 0.08258441
  vertex 0.23999801 0.3551584 0.24714136
 endloop
endfacet
facet normal 0.50371885 -0.7014733 -0.50418496
 outer loop
  vertex 0.13294677 0.38788077 0.091335595
  vertex 0.09456195 0.42340806 0.003557086
  vertex 0.1428422 0.46400645 -0.004691899
 endloop
endfacet
facet normal 0.4968164 -0.70427597 -0.5071181
 outer loop
  vertex 0.13294677 0.38788077 0.091335595
  vertex 0.1428422 0.46400645 -0.004691899
  vertex 0.18149087 0.4284265 0.08258441
 endloop
endfacet
facet normal -0.8613642 -0.27845624 -0.42486924
 outer loop
  vertex 0.4300149 0.21620636 0.37190017
  vertex 0.46450078 0.28016222 0.26006857
  vertex 0.48578236 0.23965979 0.24346809
 endloop
endfacet
facet normal -0.86136395 -0.27845708 -0.42486924
 outer loop
  vertex 0.4300149 0.21620636 0.37190017
  vertex 0.48578236 0.23965979 0.24346809
  vertex 0.4512965 0.17570396 0.3552997
 endloop
endfacet
facet normal -0.8908351 -0.4527932 -0.03729768
 outer loop
  vertex 0.46450078 0.28016222 0.26006857
  vertex 0.4550118 0.31389567 0.07718396
  vertex 0.47629339 0.27339327 0.060583472
 endloop
endfacet
facet normal -0.8908352 -0.45279288 -0.037297696
 outer loop
  vertex 0.46450078 0.28016222 0.26006857
  vertex 0.47629339 0.27339327 0.060583472
  vertex 0.48578236 0.23965979 0.24346809
 endloop
endfacet
facet normal -0.89588475 -0.43624654 -0.084139004
 outer loop
  vertex 0.4550118 0.31389567 0.07718396
  vertex 0.4452531 0.35630676 -0.038802803
  vertex 0.4665346 0.31580436 -0.055403292
 endloop
endfacet
facet normal -0.8958843 -0.43624765 -0.084138975
 outer loop
  vertex 0.4550118 0.31389567 0.07718396
  vertex 0.4665346 0.31580436 -0.055403292
  vertex 0.47629339 0.27339327 0.060583472
 endloop
endfacet
facet normal -0.2532376 -0.8367593 -0.48549393
 outer loop
  vertex 0.41500401 0.048108615 0.71341383
  vertex 0.2880218 0.16623445 0.57605636
  vertex 0.41232002 0.19582763 0.4602169
 endloop
endfacet
facet normal 0.2950984 -0.82391775 -0.48381457
 outer loop
  vertex 0.41500401 0.048108615 0.71341383
  vertex 0.41232002 0.19582763 0.4602169
  vertex 0.487823 0.08700961 0.6915822
 endloop
endfacet
facet normal 0.20477344 -0.8465319 -0.49137723
 outer loop
  vertex 0.2880218 0.16623445 0.57605636
  vertex 0.1688885 0.33796543 0.23055583
  vertex 0.2529729 0.368069 0.213735
 endloop
endfacet
facet normal -0.22193135 -0.86078274 -0.45803884
 outer loop
  vertex 0.2880218 0.16623445 0.57605636
  vertex 0.2529729 0.368069 0.213735
  vertex 0.41232002 0.19582763 0.4602169
 endloop
endfacet
facet normal 0.38519108 -0.8789153 -0.28131074
 outer loop
  vertex 0.1688885 0.33796543 0.23055583
  vertex 0.11027158 0.37688637 0.028690368
  vertex 0.18309057 0.41578743 0.0068585873
 endloop
endfacet
facet normal 0.2673695 -0.9152354 -0.30142632
 outer loop
  vertex 0.1688885 0.33796543 0.23055583
  vertex 0.18309057 0.41578743 0.0068585873
  vertex 0.2529729 0.368069 0.213735
 endloop
endfacet
facet normal -0.957162 -0.12878256 -0.2593374
 outer loop
  vertex 0.43796855 0.16154319 0.8162979
  vertex 0.48005497 0.26806545 0.6080682
  vertex 0.49664128 0.18695429 0.58712995
 endloop
endfacet
facet normal -0.9571621 -0.12878238 -0.25933737
 outer loop
  vertex 0.43796855 0.16154319 0.8162979
  vertex 0.49664128 0.18695429 0.58712995
  vertex 0.4545548 0.08043212 0.79535973
 endloop
endfacet
facet normal -0.9432857 -0.24944198 0.21906771
 outer loop
  vertex 0.48005497 0.26806545 0.6080682
  vertex 0.38860026 0.2996052 0.2501853
  vertex 0.40518653 0.21849415 0.22924702
 endloop
endfacet
facet normal -0.94328576 -0.24944192 0.21906772
 outer loop
  vertex 0.48005497 0.26806545 0.6080682
  vertex 0.40518653 0.21849415 0.22924702
  vertex 0.49664128 0.18695429 0.58712995
 endloop
endfacet
facet normal -0.919103 0.0470408 0.39119917
 outer loop
  vertex 0.38860026 0.2996052 0.2501853
  vertex 0.30602705 0.33386356 0.05206418
  vertex 0.2843974 0.2124229 0.015849322
 endloop
endfacet
facet normal -0.8285672 -0.29264915 0.47731847
 outer loop
  vertex 0.38860026 0.2996052 0.2501853
  vertex 0.2843974 0.2124229 0.015849322
  vertex 0.40518653 0.21849415 0.22924702
 endloop
endfacet
facet normal -0.5478959 -0.8077323 -0.21766666
 outer loop
  vertex 0.4459009 0.07774737 0.8241104
  vertex 0.3370725 0.23021482 0.5322593
  vertex 0.40560088 0.1931547 0.49728948
 endloop
endfacet
facet normal -0.54789424 -0.80773324 -0.21766719
 outer loop
  vertex 0.4459009 0.07774737 0.8241104
  vertex 0.40560088 0.1931547 0.49728948
  vertex 0.51442957 0.04068724 0.78914064
 endloop
endfacet
facet normal -0.51130885 -0.85390073 -0.09703981
 outer loop
  vertex 0.3370725 0.23021482 0.5322593
  vertex 0.25573152 0.3188153 0.1812111
  vertex 0.32426006 0.28175503 0.1462413
 endloop
endfacet
facet normal -0.5113085 -0.85390097 -0.09703985
 outer loop
  vertex 0.3370725 0.23021482 0.5322593
  vertex 0.32426006 0.28175503 0.1462413
  vertex 0.40560088 0.1931547 0.49728948
 endloop
endfacet
facet normal -0.29770675 -0.90519243 0.30331042
 outer loop
  vertex 0.25573152 0.3188153 0.1812111
  vertex 0.20891346 0.2875901 0.04207024
  vertex 0.27817088 0.25442478 0.011070371
 endloop
endfacet
facet normal -0.33375978 -0.8953638 0.29483578
 outer loop
  vertex 0.25573152 0.3188153 0.1812111
  vertex 0.27817088 0.25442478 0.011070371
  vertex 0.32426006 0.28175503 0.1462413
 endloop
endfacet
facet normal 0.43910265 -0.031952105 -0.8978685
 outer loop
  vertex 0.41222262 0.08926822 0.4133711
  vertex 0.32373464 0.10043251 0.36969873
  vertex 0.34163573 0.18233036 0.3755388
 endloop
endfacet
facet normal 0.81212234 0.48276356 -0.32771417
 outer loop
  vertex 0.41222262 0.08926822 0.4133711
  vertex 0.34163573 0.18233036 0.3755388
  vertex 0.39767635 0.1404342 0.4526972
 endloop
endfacet
facet normal 0.7244217 -0.100990474 -0.6819195
 outer loop
  vertex 0.32373464 0.10043251 0.36969873
  vertex 0.18384019 0.15696236 0.21271312
  vertex 0.20517668 0.2389782 0.22323313
 endloop
endfacet
facet normal 0.719999 -0.108497985 -0.68544114
 outer loop
  vertex 0.32373464 0.10043251 0.36969873
  vertex 0.20517668 0.2389782 0.22323313
  vertex 0.34163573 0.18233036 0.3755388
 endloop
endfacet
facet normal 0.9185135 -0.05932995 -0.39091292
 outer loop
  vertex 0.18384019 0.15696236 0.21271312
  vertex 0.12847233 0.2061344 0.075154364
  vertex 0.1442843 0.27916357 0.101223305
 endloop
endfacet
facet normal 0.8605991 -0.16195183 -0.48284656
 outer loop
  vertex 0.18384019 0.15696236 0.21271312
  vertex 0.1442843 0.27916357 0.101223305
  vertex 0.20517668 0.2389782 0.22323313
 endloop
endfacet
facet normal 0.4383003 0.78490126 -0.43797576
 outer loop
  vertex 0.6554643 -0.0066763386 0.6971318
  vertex 0.50140655 -0.049044117 0.46703213
  vertex 0.4478994 0.003574878 0.5077844
 endloop
endfacet
facet normal 0.43829912 0.7849028 -0.43797436
 outer loop
  vertex 0.6554643 -0.0066763386 0.6971318
  vertex 0.4478994 0.003574878 0.5077844
  vertex 0.6019567 0.0459426 0.73788404
 endloop
endfacet
facet normal 0.69406486 0.7136108 -0.09504459
 outer loop
  vertex 0.50140655 -0.049044117 0.46703213
  vertex 0.35546315 0.058990825 0.21242239
  vertex 0.30108225 0.116218895 0.24498293
 endloop
endfacet
facet normal 0.67529714 0.73491335 -0.062258434
 outer loop
  vertex 0.50140655 -0.049044117 0.46703213
  vertex 0.30108225 0.116218895 0.24498293
  vertex 0.4478994 0.003574878 0.5077844
 endloop
endfacet
facet normal 0.3070414 0.91745543 0.2529844
 outer loop
  vertex 0.35546315 0.058990825 0.21242239
  vertex 0.27266175 0.14280793 0.008951336
  vertex 0.21850923 0.15047729 0.046861857
 endloop
endfacet
facet normal 0.67093694 0.7253004 -0.15421714
 outer loop
  vertex 0.35546315 0.058990825 0.21242239
  vertex 0.21850923 0.15047729 0.046861857
  vertex 0.30108225 0.116218895 0.24498293
 endloop
endfacet
facet normal -0.5360797 -0.580699 -0.6127048
 outer loop
  vertex 0.3575849 0.14739676 0.35732964
  vertex 0.35185307 0.2465718 0.26835018
  vertex 0.39288676 0.23044518 0.2477324
 endloop
endfacet
facet normal -0.53608024 -0.58069867 -0.61270463
 outer loop
  vertex 0.3575849 0.14739676 0.35732964
  vertex 0.39288676 0.23044518 0.2477324
  vertex 0.39861858 0.13126999 0.33671194
 endloop
endfacet
facet normal -0.46954823 -0.83752936 -0.27940843
 outer loop
  vertex 0.35185307 0.2465718 0.26835018
  vertex 0.32909513 0.31641492 0.09723967
  vertex 0.3701288 0.30028832 0.07662186
 endloop
endfacet
facet normal -0.46954829 -0.83752924 -0.2794084
 outer loop
  vertex 0.35185307 0.2465718 0.26835018
  vertex 0.3701288 0.30028832 0.07662186
  vertex 0.39288676 0.23044518 0.2477324
 endloop
endfacet
facet normal -0.48205233 -0.814797 -0.32207376
 outer loop
  vertex 0.32909513 0.31641492 0.09723967
  vertex 0.29955634 0.37535 -0.007645875
  vertex 0.3405901 0.35922334 -0.028263688
 endloop
endfacet
facet normal -0.4820519 -0.81479716 -0.3220738
 outer loop
  vertex 0.32909513 0.31641492 0.09723967
  vertex 0.3405901 0.35922334 -0.028263688
  vertex 0.3701288 0.30028832 0.07662186
 endloop
endfacet
facet normal 0.75195783 -0.113053925 -0.6494446
 outer loop
  vertex 0.3396461 0.11579439 0.3902654
  vertex 0.25954682 0.1513243 0.29133767
  vertex 0.2760387 0.21217655 0.29983974
 endloop
endfacet
facet normal 0.44195217 -0.4411368 -0.7810739
 outer loop
  vertex 0.3396461 0.11579439 0.3902654
  vertex 0.2760387 0.21217655 0.29983974
  vertex 0.37845033 0.20790504 0.3601994
 endloop
endfacet
facet normal 0.70005053 -0.09076314 -0.7083017
 outer loop
  vertex 0.25954682 0.1513243 0.29133767
  vertex 0.11636644 0.21096756 0.14218245
  vertex 0.13285829 0.27181983 0.15068446
 endloop
endfacet
facet normal 0.7000506 -0.09076303 -0.7083017
 outer loop
  vertex 0.25954682 0.1513243 0.29133767
  vertex 0.13285829 0.27181983 0.15068446
  vertex 0.2760387 0.21217655 0.29983974
 endloop
endfacet
facet normal 0.9299975 -0.21031228 -0.30145198
 outer loop
  vertex 0.11636644 0.21096756 0.14218245
  vertex 0.09165415 0.27689278 0.019949883
  vertex 0.10816696 0.33777294 0.028418988
 endloop
endfacet
facet normal 0.93016756 -0.2100159 -0.30113387
 outer loop
  vertex 0.11636644 0.21096756 0.14218245
  vertex 0.10816696 0.33777294 0.028418988
  vertex 0.13285829 0.27181983 0.15068446
 endloop
endfacet
facet normal 0.71445054 0.28316218 -0.63982785
 outer loop
  vertex 0.49379507 -0.025986016 0.70361674
  vertex 0.3052583 -0.018115237 0.49657434
  vertex 0.29716426 0.06260024 0.52325773
 endloop
endfacet
facet normal 0.7144505 0.2831603 -0.6398286
 outer loop
  vertex 0.49379507 -0.025986016 0.70361674
  vertex 0.29716426 0.06260024 0.52325773
  vertex 0.4857011 0.054729685 0.73030007
 endloop
endfacet
facet normal 0.94325536 0.14969437 -0.29641357
 outer loop
  vertex 0.3052583 -0.018115237 0.49657434
  vertex 0.20156424 0.099553704 0.22602126
  vertex 0.19388579 0.18276545 0.24361017
 endloop
endfacet
facet normal 0.94511896 0.18402436 -0.26997235
 outer loop
  vertex 0.3052583 -0.018115237 0.49657434
  vertex 0.19388579 0.18276545 0.24361017
  vertex 0.29716426 0.06260024 0.52325773
 endloop
endfacet
facet normal 0.6502998 0.7429893 0.15835756
 outer loop
  vertex 0.20156424 0.099553704 0.22602126
  vertex 0.15545732 0.18757582 0.0023743808
  vertex 0.11131289 0.21702385 0.045489073
 endloop
endfacet
facet normal 0.92064875 0.16020471 -0.3560059
 outer loop
  vertex 0.20156424 0.099553704 0.22602126
  vertex 0.11131289 0.21702385 0.045489073
  vertex 0.19388579 0.18276545 0.24361017
 endloop
endfacet
facet normal 0.2806978 -0.5600209 -0.77947766
 outer loop
  vertex 0.33642063 0.16216776 0.42105
  vertex 0.24418393 0.2427886 0.32991207
  vertex 0.30405372 0.2976783 0.31203592
 endloop
endfacet
facet normal 0.53945464 -0.44579867 -0.7143195
 outer loop
  vertex 0.33642063 0.16216776 0.42105
  vertex 0.30405372 0.2976783 0.31203592
  vertex 0.43213943 0.21816507 0.45838964
 endloop
endfacet
facet normal 0.42226398 -0.63375527 -0.64811057
 outer loop
  vertex 0.24418393 0.2427886 0.32991207
  vertex 0.13383818 0.3359285 0.16694151
  vertex 0.1980201 0.39096618 0.15493938
 endloop
endfacet
facet normal 0.39750353 -0.6458495 -0.65182
 outer loop
  vertex 0.24418393 0.2427886 0.32991207
  vertex 0.1980201 0.39096618 0.15493938
  vertex 0.30405372 0.2976783 0.31203592
 endloop
endfacet
facet normal 0.5899399 -0.7520512 -0.2939217
 outer loop
  vertex 0.13383818 0.3359285 0.16694151
  vertex 0.10321978 0.37986025 -0.0069209337
  vertex 0.1674017 0.43489796 -0.018923104
 endloop
endfacet
facet normal 0.5899398 -0.7520512 -0.2939217
 outer loop
  vertex 0.13383818 0.3359285 0.16694151
  vertex 0.1674017 0.43489796 -0.018923104
  vertex 0.1980201 0.39096618 0.15493938
 endloop
endfacet
facet normal -0.9280994 -0.37194136 0.01706438
 outer loop
  vertex 0.54213655 0.15384686 0.82884043
  vertex 0.4865271 0.2779866 0.51014113
  vertex 0.5164311 0.2021945 0.48457175
 endloop
endfacet
facet normal -0.92809963 -0.37194067 0.017064506
 outer loop
  vertex 0.54213655 0.15384686 0.82884043
  vertex 0.5164311 0.2021945 0.48457175
  vertex 0.5720406 0.07805445 0.8032713
 endloop
endfacet
facet normal -0.90545475 -0.40259662 0.13441616
 outer loop
  vertex 0.4865271 0.2779866 0.51014113
  vertex 0.41760325 0.31993535 0.17149898
  vertex 0.44750732 0.24414314 0.14592984
 endloop
endfacet
facet normal -0.9054546 -0.4025969 0.13441618
 outer loop
  vertex 0.4865271 0.2779866 0.51014113
  vertex 0.44750732 0.24414314 0.14592984
  vertex 0.5164311 0.2021945 0.48457175
 endloop
endfacet
facet normal -0.7007405 -0.46034616 0.5450175
 outer loop
  vertex 0.41760325 0.31993535 0.17149898
  vertex 0.3375323 0.29236516 0.045263052
  vertex 0.36743644 0.21657287 0.019693851
 endloop
endfacet
facet normal -0.7007409 -0.4603459 0.54501736
 outer loop
  vertex 0.41760325 0.31993535 0.17149898
  vertex 0.36743644 0.21657287 0.019693851
  vertex 0.44750732 0.24414314 0.14592984
 endloop
endfacet
facet normal -0.8943748 0.391226 -0.2168776
 outer loop
  vertex 0.5570029 0.16120604 0.7938785
  vertex 0.6139543 0.1710167 0.5767158
  vertex 0.5795659 0.09285477 0.5775327
 endloop
endfacet
facet normal -0.8943749 0.39122587 -0.21687758
 outer loop
  vertex 0.5570029 0.16120604 0.7938785
  vertex 0.5795659 0.09285477 0.5775327
  vertex 0.5226145 0.083044074 0.7946954
 endloop
endfacet
facet normal -0.8721663 0.38685116 0.29945332
 outer loop
  vertex 0.6139543 0.1710167 0.5767158
  vertex 0.49545377 0.17574729 0.2254684
  vertex 0.46106535 0.09758529 0.22628534
 endloop
endfacet
facet normal -0.87216616 0.38685128 0.29945323
 outer loop
  vertex 0.6139543 0.1710167 0.5767158
  vertex 0.46106535 0.09758529 0.22628534
  vertex 0.5795659 0.09285477 0.5775327
 endloop
endfacet
facet normal -0.754036 0.33337998 0.5659395
 outer loop
  vertex 0.49545377 0.17574729 0.2254684
  vertex 0.34622642 0.2024138 0.010935098
  vertex 0.3124184 0.12431784 0.011894852
 endloop
endfacet
facet normal -0.75339454 0.3373653 0.5644301
 outer loop
  vertex 0.49545377 0.17574729 0.2254684
  vertex 0.3124184 0.12431784 0.011894852
  vertex 0.46106535 0.09758529 0.22628534
 endloop
endfacet
facet normal -0.36738315 -0.78730357 -0.49515927
 outer loop
  vertex 0.45375904 0.17441836 0.7417332
  vertex 0.37607282 0.30958167 0.5844627
  vertex 0.4533228 0.294317 0.55141795
 endloop
endfacet
facet normal -0.36738107 -0.7873043 -0.49515972
 outer loop
  vertex 0.45375904 0.17441836 0.7417332
  vertex 0.4533228 0.294317 0.55141795
  vertex 0.5310091 0.15915388 0.7086885
 endloop
endfacet
facet normal -0.2992888 -0.91276 -0.2780204
 outer loop
  vertex 0.37607282 0.30958167 0.5844627
  vertex 0.28615573 0.45507133 0.20360589
  vertex 0.3634056 0.43980673 0.1705612
 endloop
endfacet
facet normal -0.29928923 -0.9127599 -0.27802038
 outer loop
  vertex 0.37607282 0.30958167 0.5844627
  vertex 0.3634056 0.43980673 0.1705612
  vertex 0.4533228 0.294317 0.55141795
 endloop
endfacet
facet normal -0.22469766 -0.97141683 -0.07655274
 outer loop
  vertex 0.28615573 0.45507133 0.20360589
  vertex 0.24011312 0.4820233 -0.0032570958
  vertex 0.3173631 0.46675876 -0.03630179
 endloop
endfacet
facet normal -0.2246988 -0.9714165 -0.07655287
 outer loop
  vertex 0.28615573 0.45507133 0.20360589
  vertex 0.3173631 0.46675876 -0.03630179
  vertex 0.3634056 0.43980673 0.1705612
 endloop
endfacet
facet normal -0.051270735 0.98748106 0.14917241
 outer loop
  vertex 0.65182567 -0.13559803 0.73236316
  vertex 0.62625873 -0.10588238 0.52686614
  vertex 0.5444262 -0.11362843 0.550017
 endloop
endfacet
facet normal -0.051271647 0.98748094 0.14917293
 outer loop
  vertex 0.65182567 -0.13559803 0.73236316
  vertex 0.5444262 -0.11362843 0.550017
  vertex 0.569994 -0.14334412 0.7555139
 endloop
endfacet
facet normal 0.0051207724 0.9427257 0.33352965
 outer loop
  vertex 0.62625873 -0.10588238 0.52686614
  vertex 0.4799851 0.011681773 0.19681536
  vertex 0.3981526 0.0039356835 0.21996617
 endloop
endfacet
facet normal 0.0051212823 0.94272584 0.33352932
 outer loop
  vertex 0.62625873 -0.10588238 0.52686614
  vertex 0.3981526 0.0039356835 0.21996617
  vertex 0.5444262 -0.11362843 0.550017
 endloop
endfacet
facet normal -0.0637393 0.99224687 0.106693536
 outer loop
  vertex 0.4799851 0.011681773 0.19681536
  vertex 0.38266936 0.028370257 -0.016524017
  vertex 0.30083683 0.02062421 0.0066268146
 endloop
endfacet
facet normal -0.063739724 0.99224675 0.106693946
 outer loop
  vertex 0.4799851 0.011681773 0.19681536
  vertex 0.30083683 0.02062421 0.0066268146
  vertex 0.3981526 0.0039356835 0.21996617
 endloop
endfacet
facet normal -0.0035052462 0.74180055 -0.67061144
 outer loop
  vertex 0.23806569 0.3538283 0.30490956
  vertex 0.24093647 0.26442054 0.20599565
  vertex 0.19227636 0.2635914 0.20533285
 endloop
endfacet
facet normal -0.003504876 0.7418004 -0.6706115
 outer loop
  vertex 0.23806569 0.3538283 0.30490956
  vertex 0.19227636 0.2635914 0.20533285
  vertex 0.18940553 0.35299918 0.30424672
 endloop
endfacet
facet normal 0.3021226 0.8340114 -0.4616784
 outer loop
  vertex 0.24093647 0.26442054 0.20599565
  vertex 0.23521924 0.21010835 0.10414058
  vertex 0.17169142 0.21546115 0.07223764
 endloop
endfacet
facet normal -0.011421694 0.94090235 -0.33848524
 outer loop
  vertex 0.24093647 0.26442054 0.20599565
  vertex 0.17169142 0.21546115 0.07223764
  vertex 0.19227636 0.2635914 0.20533285
 endloop
endfacet
facet normal -0.013612307 0.9998717 -0.0084495265
 outer loop
  vertex 0.23521924 0.21010835 0.10414058
  vertex 0.21509355 0.20883076 -0.014620483
  vertex 0.1660734 0.2081514 -0.016039997
 endloop
endfacet
facet normal 0.12838969 0.98763597 -0.089951076
 outer loop
  vertex 0.23521924 0.21010835 0.10414058
  vertex 0.1660734 0.2081514 -0.016039997
  vertex 0.17169142 0.21546115 0.07223764
 endloop
endfacet
facet normal -0.69953007 -0.17067976 -0.69392085
 outer loop
  vertex 0.012649901 0.26667482 0.37751693
  vertex 0.0770518 0.30332014 0.303581
  vertex 0.08791961 0.24079347 0.30800468
 endloop
endfacet
facet normal -0.47551903 0.5209485 -0.7088683
 outer loop
  vertex 0.012649901 0.26667482 0.37751693
  vertex 0.08791961 0.24079347 0.30800468
  vertex -0.0052019507 0.20316274 0.34281707
 endloop
endfacet
facet normal -0.8966725 -0.1843273 -0.40249464
 outer loop
  vertex 0.0770518 0.30332014 0.303581
  vertex 0.1432997 0.30435956 0.15551877
  vertex 0.1541675 0.24183288 0.15994246
 endloop
endfacet
facet normal -0.8966725 -0.1843272 -0.40249467
 outer loop
  vertex 0.0770518 0.30332014 0.303581
  vertex 0.1541675 0.24183288 0.15994246
  vertex 0.08791961 0.24079347 0.30800468
 endloop
endfacet
facet normal -0.95267075 0.20697474 -0.22266558
 outer loop
  vertex 0.1432997 0.30435956 0.15551877
  vertex 0.16495532 0.29735655 0.056356072
  vertex 0.15366675 0.20080219 0.014903665
 endloop
endfacet
facet normal -0.98455715 -0.16753298 0.050793402
 outer loop
  vertex 0.1432997 0.30435956 0.15551877
  vertex 0.15366675 0.20080219 0.014903665
  vertex 0.1541675 0.24183288 0.15994246
 endloop
endfacet
facet normal -0.76034755 -0.53571814 -0.36725703
 outer loop
  vertex -0.0015736222 0.291046 0.7772711
  vertex 0.077972434 0.35181797 0.52393544
  vertex 0.12440245 0.2803398 0.5320747
 endloop
endfacet
facet normal -0.7613598 -0.5338648 -0.36785805
 outer loop
  vertex -0.0015736222 0.291046 0.7772711
  vertex 0.12440245 0.2803398 0.5320747
  vertex 0.04440952 0.2195939 0.7857962
 endloop
endfacet
facet normal -0.86137176 -0.5037212 0.065602586
 outer loop
  vertex 0.077972434 0.35181797 0.52393544
  vertex 0.09509872 0.2828685 0.21938632
  vertex 0.13831027 0.20892574 0.21900019
 endloop
endfacet
facet normal -0.8399687 -0.53594595 0.08493807
 outer loop
  vertex 0.077972434 0.35181797 0.52393544
  vertex 0.13831027 0.20892574 0.21900019
  vertex 0.12440245 0.2803398 0.5320747
 endloop
endfacet
facet normal -0.84652036 -0.48975602 0.20866801
 outer loop
  vertex 0.09509872 0.2828685 0.21938632
  vertex 0.06945859 0.22344288 -0.02410549
  vertex 0.11222333 0.14952603 -0.02410549
 endloop
endfacet
facet normal -0.8434235 -0.49399275 0.21120593
 outer loop
  vertex 0.09509872 0.2828685 0.21938632
  vertex 0.11222333 0.14952603 -0.02410549
  vertex 0.13831027 0.20892574 0.21900019
 endloop
endfacet
facet normal -0.7724165 0.37459564 -0.5128849
 outer loop
  vertex 0.08581127 0.36470476 0.42902368
  vertex 0.16051123 0.3517748 0.30708018
  vertex 0.12076357 0.27634305 0.31184798
 endloop
endfacet
facet normal -0.77241564 0.37459663 -0.51288533
 outer loop
  vertex 0.08581127 0.36470476 0.42902368
  vertex 0.12076357 0.27634305 0.31184798
  vertex 0.046063587 0.28927326 0.43379152
 endloop
endfacet
facet normal -0.835645 0.41779482 -0.35657373
 outer loop
  vertex 0.16051123 0.3517748 0.30708018
  vertex 0.21740344 0.3102967 0.12515138
  vertex 0.17765576 0.23486525 0.1299192
 endloop
endfacet
facet normal -0.83564603 0.41779345 -0.35657293
 outer loop
  vertex 0.16051123 0.3517748 0.30708018
  vertex 0.17765576 0.23486525 0.1299192
  vertex 0.12076357 0.27634305 0.31184798
 endloop
endfacet
facet normal -0.8429335 0.51682734 0.14950815
 outer loop
  vertex 0.21740344 0.3102967 0.12515138
  vertex 0.1857321 0.2922827 0.0088587105
  vertex 0.1369054 0.21420605 0.0034709573
 endloop
endfacet
facet normal -0.86126965 0.46656126 0.20133348
 outer loop
  vertex 0.21740344 0.3102967 0.12515138
  vertex 0.1369054 0.21420605 0.0034709573
  vertex 0.17765576 0.23486525 0.1299192
 endloop
endfacet
facet normal 0.6583169 0.6990316 -0.27923778
 outer loop
  vertex 0.40400437 0.22346365 0.76227534
  vertex 0.36267525 0.13000429 0.4308778
  vertex 0.3005076 0.18855101 0.4308778
 endloop
endfacet
facet normal 0.6583172 0.6990313 -0.2792378
 outer loop
  vertex 0.40400437 0.22346365 0.76227534
  vertex 0.3005076 0.18855101 0.4308778
  vertex 0.34183675 0.2820104 0.76227534
 endloop
endfacet
facet normal 0.67802656 0.7199607 -0.14811033
 outer loop
  vertex 0.36267525 0.13000429 0.4308778
  vertex 0.29607382 0.11767019 0.06603092
  vertex 0.2339062 0.17621687 0.06603092
 endloop
endfacet
facet normal 0.6780268 0.71996045 -0.14811043
 outer loop
  vertex 0.36267525 0.13000429 0.4308778
  vertex 0.2339062 0.17621687 0.06603092
  vertex 0.3005076 0.18855101 0.4308778
 endloop
endfacet
facet normal 0.5656124 0.6005942 0.56512755
 outer loop
  vertex 0.29607382 0.11767019 0.06603092
  vertex 0.31377816 0.18500797 -0.023252428
  vertex 0.25161055 0.2435546 -0.023252428
 endloop
endfacet
facet normal 0.5656127 0.6005943 0.5651274
 outer loop
  vertex 0.29607382 0.11767019 0.06603092
  vertex 0.25161055 0.2435546 -0.023252428
  vertex 0.2339062 0.17621687 0.06603092
 endloop
endfacet
facet normal 0.4494467 -0.892449 -0.0391467
 outer loop
  vertex 0.1555569 0.17648673 0.8060008
  vertex 0.1029427 0.15883745 0.60429287
  vertex 0.17865507 0.19735147 0.5955279
 endloop
endfacet
facet normal 0.44944677 -0.8924489 -0.039146673
 outer loop
  vertex 0.1555569 0.17648673 0.8060008
  vertex 0.17865507 0.19735147 0.5955279
  vertex 0.23126929 0.21500076 0.79723585
 endloop
endfacet
facet normal 0.4621616 -0.8727204 0.1573716
 outer loop
  vertex 0.1029427 0.15883745 0.60429287
  vertex 0.13141003 0.10630225 0.22935197
  vertex 0.2071224 0.14481628 0.22058694
 endloop
endfacet
facet normal 0.4621614 -0.87272054 0.15737157
 outer loop
  vertex 0.1029427 0.15883745 0.60429287
  vertex 0.2071224 0.14481628 0.22058694
  vertex 0.17865507 0.19735147 0.5955279
 endloop
endfacet
facet normal 0.4441376 -0.8920728 -0.08335441
 outer loop
  vertex 0.13141003 0.10630225 0.22935197
  vertex 0.13142572 0.12818035 -0.004707575
  vertex 0.20713809 0.16669437 -0.013472557
 endloop
endfacet
facet normal 0.4441377 -0.89207274 -0.083354376
 outer loop
  vertex 0.13141003 0.10630225 0.22935197
  vertex 0.20713809 0.16669437 -0.013472557
  vertex 0.2071224 0.14481628 0.22058694
 endloop
endfacet
facet normal -0.16993141 0.87189645 -0.45926008
 outer loop
  vertex 0.22555867 0.43538424 0.5077192
  vertex 0.26508248 0.37354082 0.3756864
  vertex 0.18112127 0.35803685 0.377319
 endloop
endfacet
facet normal -0.16993181 0.87189645 -0.45925996
 outer loop
  vertex 0.22555867 0.43538424 0.5077192
  vertex 0.18112127 0.35803685 0.377319
  vertex 0.14159745 0.41988024 0.50935185
 endloop
endfacet
facet normal -0.16880819 0.86427355 -0.4738513
 outer loop
  vertex 0.26508248 0.37354082 0.3756864
  vertex 0.28214684 0.25836834 0.15954028
  vertex 0.19818565 0.24286434 0.16117294
 endloop
endfacet
facet normal -0.16880757 0.8642735 -0.4738515
 outer loop
  vertex 0.26508248 0.37354082 0.3756864
  vertex 0.19818565 0.24286434 0.16117294
  vertex 0.18112127 0.35803685 0.377319
 endloop
endfacet
facet normal -0.17358206 0.98481864 0.001270617
 outer loop
  vertex 0.28214684 0.25836834 0.15954028
  vertex 0.2524072 0.25334126 -0.006915927
  vertex 0.16752559 0.23837997 -0.00673452
 endloop
endfacet
facet normal -0.18145336 0.98337555 0.0068701617
 outer loop
  vertex 0.28214684 0.25836834 0.15954028
  vertex 0.16752559 0.23837997 -0.00673452
  vertex 0.19818565 0.24286434 0.16117294
 endloop
endfacet
facet normal 0.80044407 -0.018623184 -0.599118
 outer loop
  vertex 0.39622623 0.034811374 0.7765331
  vertex 0.26238644 0.003925156 0.59867823
  vertex 0.26437274 0.089298196 0.59867823
 endloop
endfacet
facet normal 0.80044425 -0.018622607 -0.5991179
 outer loop
  vertex 0.39622623 0.034811374 0.7765331
  vertex 0.26437274 0.089298196 0.59867823
  vertex 0.39821246 0.120184556 0.7765331
 endloop
endfacet
facet normal 0.99258304 -0.02309278 -0.11935477
 outer loop
  vertex 0.26238644 0.003925156 0.59867823
  vertex 0.2193399 0.044966467 0.23275219
  vertex 0.22132614 0.1303397 0.23275217
 endloop
endfacet
facet normal 0.992583 -0.02309349 -0.11935499
 outer loop
  vertex 0.26238644 0.003925156 0.59867823
  vertex 0.22132614 0.1303397 0.23275217
  vertex 0.26437274 0.089298196 0.59867823
 endloop
endfacet
facet normal 0.9837832 -0.022888051 0.17789558
 outer loop
  vertex 0.2193399 0.044966467 0.23275219
  vertex 0.26655245 0.07786816 -0.02410549
  vertex 0.26853868 0.16324131 -0.02410549
 endloop
endfacet
facet normal 0.9837831 -0.022887971 0.1778956
 outer loop
  vertex 0.2193399 0.044966467 0.23275219
  vertex 0.26853868 0.16324131 -0.02410549
  vertex 0.22132614 0.1303397 0.23275217
 endloop
endfacet
facet normal -0.6587102 -0.6994487 -0.27725884
 outer loop
  vertex -0.21651566 -0.00031249225 0.77127856
  vertex -0.17603448 0.09257253 0.44077992
  vertex -0.11386697 0.034025885 0.44077992
 endloop
endfacet
facet normal -0.6587094 -0.6994495 -0.2772587
 outer loop
  vertex -0.21651566 -0.00031249225 0.77127856
  vertex -0.11386697 0.034025885 0.44077992
  vertex -0.1543481 -0.05885905 0.77127856
 endloop
endfacet
facet normal -0.6752656 -0.7170297 -0.17287192
 outer loop
  vertex -0.17603448 0.09257253 0.44077992
  vertex -0.10572854 0.10884039 0.098678544
  vertex -0.043560877 0.05029374 0.09867856
 endloop
endfacet
facet normal -0.67526644 -0.7170289 -0.17287235
 outer loop
  vertex -0.17603448 0.09257253 0.44077992
  vertex -0.043560877 0.05029374 0.09867856
  vertex -0.11386697 0.034025885 0.44077992
 endloop
endfacet
facet normal -0.59280086 -0.6294643 0.50235635
 outer loop
  vertex -0.10572854 0.10884039 0.098678544
  vertex -0.12067038 0.043074198 -0.001360029
  vertex -0.05850275 -0.015472442 -0.001360029
 endloop
endfacet
facet normal -0.5928008 -0.6294643 0.50235635
 outer loop
  vertex -0.10572854 0.10884039 0.098678544
  vertex -0.05850275 -0.015472442 -0.001360029
  vertex -0.043560877 0.05029374 0.09867856
 endloop
endfacet
facet normal -0.4494467 0.89244896 -0.039146747
 outer loop
  vertex 0.03397754 0.048836872 0.8060008
  vertex 0.086591795 0.066486165 0.60429287
  vertex 0.010879286 0.027972076 0.5955279
 endloop
endfacet
facet normal -0.4494469 0.8924489 -0.03914672
 outer loop
  vertex 0.03397754 0.048836872 0.8060008
  vertex 0.010879286 0.027972076 0.5955279
  vertex -0.04173492 0.010322791 0.79723585
 endloop
endfacet
facet normal -0.46216112 0.87272066 0.15737134
 outer loop
  vertex 0.086591795 0.066486165 0.60429287
  vertex 0.05812438 0.119021215 0.22935197
  vertex -0.01758802 0.080507204 0.220587
 endloop
endfacet
facet normal -0.46216133 0.87272054 0.15737142
 outer loop
  vertex 0.086591795 0.066486165 0.60429287
  vertex -0.01758802 0.080507204 0.220587
  vertex 0.010879286 0.027972076 0.5955279
 endloop
endfacet
facet normal -0.4441379 0.8920727 -0.08335417
 outer loop
  vertex 0.05812438 0.119021215 0.22935197
  vertex 0.058108665 0.09714316 -0.004707575
  vertex -0.01760371 0.058629107 -0.013472557
 endloop
endfacet
facet normal -0.44413742 0.8920729 -0.08335438
 outer loop
  vertex 0.05812438 0.119021215 0.22935197
  vertex -0.01760371 0.058629107 -0.013472557
  vertex -0.01758802 0.080507204 0.220587
 endloop
endfacet
facet normal 0.17037398 -0.87491614 -0.45331505
 outer loop
  vertex -0.035320938 -0.2147528 0.51610655
  vertex -0.0745938 -0.15433876 0.38474473
  vertex 0.009367369 -0.13883476 0.38637736
 endloop
endfacet
facet normal 0.17037387 -0.87491614 -0.45331505
 outer loop
  vertex -0.035320938 -0.2147528 0.51610655
  vertex 0.009367369 -0.13883476 0.38637736
  vertex 0.048640274 -0.19924879 0.5177392
 endloop
endfacet
facet normal 0.16698873 -0.85208267 -0.49605444
 outer loop
  vertex -0.0745938 -0.15433876 0.38474473
  vertex -0.09103705 -0.04491526 0.19125041
  vertex -0.007075861 -0.029411249 0.19288304
 endloop
endfacet
facet normal 0.16698873 -0.85208267 -0.49605438
 outer loop
  vertex -0.0745938 -0.15433876 0.38474473
  vertex -0.007075861 -0.029411249 0.19288304
  vertex 0.009367369 -0.13883476 0.38637736
 endloop
endfacet
facet normal 0.18248108 -0.98040503 -0.07420592
 outer loop
  vertex -0.09103705 -0.04491526 0.19125041
  vertex -0.06020446 -0.022278689 -0.032001913
  vertex 0.02375675 -0.0067747086 -0.030369282
 endloop
endfacet
facet normal 0.18248147 -0.98040503 -0.07420572
 outer loop
  vertex -0.09103705 -0.04491526 0.19125041
  vertex 0.02375675 -0.0067747086 -0.030369282
  vertex -0.007075861 -0.029411249 0.19288304
 endloop
endfacet
endsolid 
