solid 
facet normal 0.47164005 -0.23740487 0.8492318
 outer loop
  vertex 0.04457959 -0.08392463 0.83368635
  vertex -0.017137956 -0.0017542654 0.8909335
  vertex -0.029335704 -0.03576492 0.88820004
 endloop
endfacet
facet normal -0.19097987 -0.5955499 0.7802865
 outer loop
  vertex -0.16856901 -0.19869143 0.69392174
  vertex 0.14285709 -0.4746728 0.55950373
  vertex 0.04457959 -0.08392463 0.83368635
 endloop
endfacet
facet normal 0.40731737 0.10925758 0.9067278
 outer loop
  vertex 0.43929398 -0.050209343 0.5903146
  vertex 0.31660438 -0.23414297 0.6675922
  vertex 0.549809 -0.4238265 0.585689
 endloop
endfacet
facet normal 0.3711387 0.09835017 0.9233544
 outer loop
  vertex 0.43929398 -0.050209343 0.5903146
  vertex 0.549809 -0.4238265 0.585689
  vertex 0.64944136 -0.28608602 0.5309709
 endloop
endfacet
facet normal 0.45433167 -0.25368956 0.8539463
 outer loop
  vertex 0.04457959 -0.08392463 0.83368635
  vertex 0.08802727 -0.038728476 0.8239974
  vertex -0.017137956 -0.0017542654 0.8909335
 endloop
endfacet
facet normal 0.26801002 0.1718432 0.9479665
 outer loop
  vertex 0.549809 -0.4238265 0.585689
  vertex 0.7333883 -0.5494647 0.5565624
  vertex 0.81285036 -0.46795845 0.51932174
 endloop
endfacet
facet normal 0.26905954 0.18115693 0.9459329
 outer loop
  vertex 0.549809 -0.4238265 0.585689
  vertex 0.81285036 -0.46795845 0.51932174
  vertex 0.64944136 -0.28608602 0.5309709
 endloop
endfacet
facet normal 0.344653 0.12541665 0.9303144
 outer loop
  vertex 0.13143347 0.22881438 0.66675204
  vertex 0.43929398 -0.050209343 0.5903146
  vertex 0.53812 0.074668325 0.53686774
 endloop
endfacet
facet normal 0.42767254 0.1570626 0.8901839
 outer loop
  vertex 0.43929398 -0.050209343 0.5903146
  vertex 0.64944136 -0.28608602 0.5309709
  vertex 0.6294381 -0.07503438 0.50334346
 endloop
endfacet
facet normal 0.5235255 0.36698833 0.7689217
 outer loop
  vertex 0.13143347 0.22881438 0.66675204
  vertex 0.08802727 -0.038728476 0.8239974
  vertex 0.43929398 -0.050209343 0.5903146
 endloop
endfacet
facet normal 0.1375047 0.2975996 0.9447364
 outer loop
  vertex 0.85784566 -0.51573664 0.52782327
  vertex 0.81285036 -0.46795845 0.51932174
  vertex 0.7333883 -0.5494647 0.5565624
 endloop
endfacet
facet normal 0.15109204 0.25602716 0.9547886
 outer loop
  vertex 0.85784566 -0.51573664 0.52782327
  vertex 0.7333883 -0.5494647 0.5565624
  vertex 0.8161998 -0.5976287 0.556373
 endloop
endfacet
facet normal -0.008239018 -0.40492034 0.91431487
 outer loop
  vertex 0.549809 -0.4238265 0.585689
  vertex 0.31660438 -0.23414297 0.6675922
  vertex 0.14285709 -0.4746728 0.55950373
 endloop
endfacet
facet normal -0.016049664 -0.3532595 0.9353877
 outer loop
  vertex 0.549809 -0.4238265 0.585689
  vertex 0.14285709 -0.4746728 0.55950373
  vertex 0.46326554 -0.5492864 0.53682274
 endloop
endfacet
facet normal 0.40464738 0.35885692 0.84111965
 outer loop
  vertex 0.53812 0.074668325 0.53686774
  vertex 0.41253018 0.32057422 0.49237293
  vertex 0.13143347 0.22881438 0.66675204
 endloop
endfacet
facet normal -0.09757342 -0.37310123 0.9226456
 outer loop
  vertex 0.46326554 -0.5492864 0.53682274
  vertex 0.5624644 -0.67343813 0.4971087
  vertex 0.6464698 -0.64704305 0.5166663
 endloop
endfacet
facet normal 0.12113123 0.23631068 0.9640978
 outer loop
  vertex 0.53812 0.074668325 0.53686774
  vertex 0.5663478 0.2283623 0.4956491
  vertex 0.41253018 0.32057422 0.49237293
 endloop
endfacet
facet normal 0.07551004 0.021215027 0.9969193
 outer loop
  vertex 0.4295387 -0.65105736 0.54154307
  vertex 0.46326554 -0.5492864 0.53682274
  vertex 0.14285709 -0.4746728 0.55950373
 endloop
endfacet
facet normal -0.25195536 -0.4942302 0.8320186
 outer loop
  vertex 0.4295387 -0.65105736 0.54154307
  vertex 0.14285709 -0.4746728 0.55950373
  vertex 0.22203171 -0.61217695 0.5018004
 endloop
endfacet
facet normal -0.18780126 0.0016815574 0.98220557
 outer loop
  vertex 0.22203171 -0.61217695 0.5018004
  vertex 0.34477466 -0.6842893 0.5253928
  vertex 0.4295387 -0.65105736 0.54154307
 endloop
endfacet
facet normal -0.07104563 -0.32262355 0.9438573
 outer loop
  vertex 0.6464698 -0.64704305 0.5166663
  vertex 0.7333883 -0.5494647 0.5565624
  vertex 0.549809 -0.4238265 0.585689
 endloop
endfacet
facet normal -0.067531824 -0.3213192 0.9445599
 outer loop
  vertex 0.6464698 -0.64704305 0.5166663
  vertex 0.549809 -0.4238265 0.585689
  vertex 0.46326554 -0.5492864 0.53682274
 endloop
endfacet
facet normal 0.41990888 -0.21462213 0.88182414
 outer loop
  vertex 0.31660438 -0.23414297 0.6675922
  vertex 0.08802727 -0.038728476 0.8239974
  vertex 0.04457959 -0.08392463 0.83368635
 endloop
endfacet
facet normal -0.14809832 -0.25838938 0.9546213
 outer loop
  vertex 0.8161998 -0.5976287 0.556373
  vertex 0.7333883 -0.5494647 0.5565624
  vertex 0.6464698 -0.64704305 0.5166663
 endloop
endfacet
facet normal -0.16484033 -0.20845264 0.9640411
 outer loop
  vertex 0.8161998 -0.5976287 0.556373
  vertex 0.6464698 -0.64704305 0.5166663
  vertex 0.78287804 -0.6782969 0.5332326
 endloop
endfacet
facet normal -0.23456936 -0.17728461 0.9557968
 outer loop
  vertex 0.78287804 -0.6782969 0.5332326
  vertex 0.8627807 -0.62881976 0.56201935
  vertex 0.8161998 -0.5976287 0.556373
 endloop
endfacet
facet normal -0.008008139 0.229936 0.9731728
 outer loop
  vertex 0.80861306 -0.32616222 0.48578402
  vertex 0.81285036 -0.46795845 0.51932174
  vertex 0.85521877 -0.3887009 0.50094384
 endloop
endfacet
facet normal 0.31846508 0.22718826 0.92030734
 outer loop
  vertex 0.81285036 -0.46795845 0.51932174
  vertex 0.80861306 -0.32616222 0.48578402
  vertex 0.64944136 -0.28608602 0.5309709
 endloop
endfacet
facet normal -0.27066913 0.23394914 0.93381274
 outer loop
  vertex 0.64944136 -0.28608602 0.5309709
  vertex 0.72324324 -0.22800905 0.53781253
  vertex 0.7463565 -0.1574946 0.52684593
 endloop
endfacet
facet normal -0.11488486 0.11822395 0.98631877
 outer loop
  vertex 0.64944136 -0.28608602 0.5309709
  vertex 0.7463565 -0.1574946 0.52684593
  vertex 0.6294381 -0.07503438 0.50334346
 endloop
endfacet
facet normal -0.20297106 -0.22865294 0.9521138
 outer loop
  vertex 0.14285709 -0.4746728 0.55950373
  vertex -0.15122697 -0.55218273 0.47819683
  vertex 0.09678018 -0.6146466 0.51606596
 endloop
endfacet
facet normal -0.15081577 -0.5652085 0.81104493
 outer loop
  vertex -0.16856901 -0.19869143 0.69392174
  vertex -0.20717862 -0.39249608 0.5516818
  vertex 0.14285709 -0.4746728 0.55950373
 endloop
endfacet
facet normal -0.12555948 -0.45070305 0.8837995
 outer loop
  vertex 0.14285709 -0.4746728 0.55950373
  vertex -0.20717862 -0.39249608 0.5516818
  vertex -0.15122697 -0.55218273 0.47819683
 endloop
endfacet
facet normal -0.19742648 -0.20233704 0.9592093
 outer loop
  vertex -0.15122697 -0.55218273 0.47819683
  vertex -0.041196685 -0.6603474 0.47802708
  vertex 0.09678018 -0.6146466 0.51606596
 endloop
endfacet
facet normal 0.553349 -0.01924068 0.83272725
 outer loop
  vertex 0.43929398 -0.050209343 0.5903146
  vertex 0.08802727 -0.038728476 0.8239974
  vertex 0.31660438 -0.23414297 0.6675922
 endloop
endfacet
facet normal 0.07979852 0.29171878 0.9531696
 outer loop
  vertex 0.8161998 -0.5976287 0.556373
  vertex 0.8627807 -0.62881976 0.56201935
  vertex 0.85784566 -0.51573664 0.52782327
 endloop
endfacet
facet normal 0.21352048 -0.5245887 0.82414544
 outer loop
  vertex 0.14285709 -0.4746728 0.55950373
  vertex 0.31660438 -0.23414297 0.6675922
  vertex 0.04457959 -0.08392463 0.83368635
 endloop
endfacet
facet normal -0.53673506 -0.237766 0.80955714
 outer loop
  vertex -0.14532025 -0.036729 1.7913263
  vertex -0.07190625 -0.04002308 1.8390322
  vertex -0.085858375 -0.017058022 1.8365268
 endloop
endfacet
facet normal -0.39869148 0.50460464 0.76578015
 outer loop
  vertex -0.10600808 0.14279427 1.6934981
  vertex -0.40381235 0.09241627 1.5716472
  vertex -0.14532025 -0.036729 1.7913263
 endloop
endfacet
facet normal -0.23037024 -0.40547743 0.8846003
 outer loop
  vertex -0.29638395 -0.2779493 1.5940869
  vertex -0.3502221 -0.12224996 1.6514347
  vertex -0.5643223 -0.1681767 1.5746264
 endloop
endfacet
facet normal -0.21748546 -0.37078434 0.90289474
 outer loop
  vertex -0.29638395 -0.2779493 1.5940869
  vertex -0.5643223 -0.1681767 1.5746264
  vertex -0.52776146 -0.28933075 1.5336797
 endloop
endfacet
facet normal -0.53897667 -0.21418028 0.8146354
 outer loop
  vertex -0.14532025 -0.036729 1.7913263
  vertex -0.1387317 -0.082865015 1.7835555
  vertex -0.07190625 -0.04002308 1.8390322
 endloop
endfacet
facet normal -0.097668625 -0.33677387 0.9365064
 outer loop
  vertex -0.5643223 -0.1681767 1.5746264
  vertex -0.7209118 -0.21591638 1.5411282
  vertex -0.7085383 -0.29944786 1.5123801
 endloop
endfacet
facet normal -0.090922624 -0.34337056 0.93478864
 outer loop
  vertex -0.5643223 -0.1681767 1.5746264
  vertex -0.7085383 -0.29944786 1.5123801
  vertex -0.52776146 -0.28933075 1.5336797
 endloop
endfacet
facet normal -0.18037096 -0.36718416 0.9124922
 outer loop
  vertex 0.004484255 -0.23013803 1.6727982
  vertex -0.29638395 -0.2779493 1.5940869
  vertex -0.26698226 -0.3926671 1.5537366
 endloop
endfacet
facet normal -0.204645 -0.45088756 0.8688043
 outer loop
  vertex -0.29638395 -0.2779493 1.5940869
  vertex -0.52776146 -0.28933075 1.5336797
  vertex -0.39453965 -0.3755153 1.5203322
 endloop
endfacet
facet normal -0.09238244 -0.65430486 0.7505669
 outer loop
  vertex 0.004484255 -0.23013803 1.6727982
  vertex -0.1387317 -0.082865015 1.7835555
  vertex -0.29638395 -0.2779493 1.5940869
 endloop
endfacet
facet normal 0.08183836 -0.3134729 0.94606405
 outer loop
  vertex -0.75757575 -0.303491 1.5152824
  vertex -0.7085383 -0.29944786 1.5123801
  vertex -0.7209118 -0.21591638 1.5411282
 endloop
endfacet
facet normal 0.040283788 -0.29830563 0.95361996
 outer loop
  vertex -0.75757575 -0.303491 1.5152824
  vertex -0.7209118 -0.21591638 1.5411282
  vertex -0.787266 -0.24161927 1.5358909
 endloop
endfacet
facet normal -0.37301093 0.23999932 0.8962495
 outer loop
  vertex -0.5643223 -0.1681767 1.5746264
  vertex -0.3502221 -0.12224996 1.6514347
  vertex -0.40381235 0.09241627 1.5716472
 endloop
endfacet
facet normal -0.329314 0.21335384 0.9198002
 outer loop
  vertex -0.5643223 -0.1681767 1.5746264
  vertex -0.40381235 0.09241627 1.5716472
  vertex -0.5945504 -0.05869935 1.53841
 endloop
endfacet
facet normal -0.029644288 -0.55800194 0.82931
 outer loop
  vertex -0.26698226 -0.3926671 1.5537366
  vertex -0.063705504 -0.43344554 1.533565
  vertex 0.004484255 -0.23013803 1.6727982
 endloop
endfacet
facet normal -0.29315776 0.28964213 0.9111344
 outer loop
  vertex -0.5945504 -0.05869935 1.53841
  vertex -0.71061164 -0.05792372 1.5008206
  vertex -0.73523396 -0.119343236 1.5124232
 endloop
endfacet
facet normal 0.042929262 -0.26280293 0.963894
 outer loop
  vertex -0.26698226 -0.3926671 1.5537366
  vertex -0.18873595 -0.4799646 1.5264503
  vertex -0.063705504 -0.43344554 1.533565
 endloop
endfacet
facet normal -0.09859305 -0.09346247 0.99072915
 outer loop
  vertex -0.63824195 0.008203019 1.5403733
  vertex -0.5945504 -0.05869935 1.53841
  vertex -0.40381235 0.09241627 1.5716472
 endloop
endfacet
facet normal -0.28527862 0.48775142 0.82505435
 outer loop
  vertex -0.63824195 0.008203019 1.5403733
  vertex -0.40381235 0.09241627 1.5716472
  vertex -0.51742566 0.111331224 1.5211811
 endloop
endfacet
facet normal 0.05111581 0.12452394 0.9908991
 outer loop
  vertex -0.51742566 0.111331224 1.5211811
  vertex -0.6174108 0.07319191 1.5311317
  vertex -0.63824195 0.008203019 1.5403733
 endloop
endfacet
facet normal -0.2717711 0.23693854 0.93273824
 outer loop
  vertex -0.73523396 -0.119343236 1.5124232
  vertex -0.7209118 -0.21591638 1.5411282
  vertex -0.5643223 -0.1681767 1.5746264
 endloop
endfacet
facet normal -0.27299014 0.23336582 0.9332828
 outer loop
  vertex -0.73523396 -0.119343236 1.5124232
  vertex -0.5643223 -0.1681767 1.5746264
  vertex -0.5945504 -0.05869935 1.53841
 endloop
endfacet
facet normal -0.48899555 -0.21233355 0.8460483
 outer loop
  vertex -0.3502221 -0.12224996 1.6514347
  vertex -0.1387317 -0.082865015 1.7835555
  vertex -0.14532025 -0.036729 1.7913263
 endloop
endfacet
facet normal -0.17445992 0.256685 0.95061904
 outer loop
  vertex -0.787266 -0.24161927 1.5358909
  vertex -0.7209118 -0.21591638 1.5411282
  vertex -0.73523396 -0.119343236 1.5124232
 endloop
endfacet
facet normal -0.12575154 0.23833573 0.96300703
 outer loop
  vertex -0.787266 -0.24161927 1.5358909
  vertex -0.73523396 -0.119343236 1.5124232
  vertex -0.81747484 -0.1843331 1.5177684
 endloop
endfacet
facet normal -0.057480123 0.2734399 0.96017015
 outer loop
  vertex -0.81747484 -0.1843331 1.5177684
  vertex -0.8272626 -0.25426027 1.5370965
  vertex -0.787266 -0.24161927 1.5358909
 endloop
endfacet
facet normal 0.11773929 -0.15824285 0.9803554
 outer loop
  vertex -0.6225372 -0.36246118 1.4918803
  vertex -0.7085383 -0.29944786 1.5123801
  vertex -0.6812305 -0.36067477 1.4992176
 endloop
endfacet
facet normal -0.084045574 -0.41014662 0.90813875
 outer loop
  vertex -0.7085383 -0.29944786 1.5123801
  vertex -0.6225372 -0.36246118 1.4918803
  vertex -0.52776146 -0.28933075 1.5336797
 endloop
endfacet
facet normal 0.2870771 0.04504348 0.95684785
 outer loop
  vertex -0.52776146 -0.28933075 1.5336797
  vertex -0.5286103 -0.35936671 1.5372313
  vertex -0.4978276 -0.40545097 1.5301652
 endloop
endfacet
facet normal 0.09629278 -0.0053025377 0.995339
 outer loop
  vertex -0.52776146 -0.28933075 1.5336797
  vertex -0.4978276 -0.40545097 1.5301652
  vertex -0.39453965 -0.3755153 1.5203322
 endloop
endfacet
facet normal -0.11694533 0.28097045 0.95256466
 outer loop
  vertex -0.40381235 0.09241627 1.5716472
  vertex -0.3083142 0.3007032 1.5219346
  vertex -0.4615077 0.18504606 1.5372417
 endloop
endfacet
facet normal -0.40214515 0.45364326 0.7952905
 outer loop
  vertex -0.10600808 0.14279427 1.6934981
  vertex -0.1933928 0.25771454 1.5837594
  vertex -0.40381235 0.09241627 1.5716472
 endloop
endfacet
facet normal -0.33357573 0.36081308 0.8709427
 outer loop
  vertex -0.40381235 0.09241627 1.5716472
  vertex -0.1933928 0.25771454 1.5837594
  vertex -0.3083142 0.3007032 1.5219346
 endloop
endfacet
facet normal -0.100366384 0.2600434 0.96036667
 outer loop
  vertex -0.3083142 0.3007032 1.5219346
  vertex -0.42212796 0.28711295 1.51372
  vertex -0.4615077 0.18504606 1.5372417
 endloop
endfacet
facet normal -0.41640344 -0.43753126 0.7969785
 outer loop
  vertex -0.29638395 -0.2779493 1.5940869
  vertex -0.1387317 -0.082865015 1.7835555
  vertex -0.3502221 -0.12224996 1.6514347
 endloop
endfacet
facet normal 0.112603374 -0.26494914 0.95766515
 outer loop
  vertex -0.787266 -0.24161927 1.5358909
  vertex -0.8272626 -0.25426027 1.5370965
  vertex -0.75757575 -0.303491 1.5152824
 endloop
endfacet
facet normal -0.59820163 0.143681 0.78835946
 outer loop
  vertex -0.40381235 0.09241627 1.5716472
  vertex -0.3502221 -0.12224996 1.6514347
  vertex -0.14532025 -0.036729 1.7913263
 endloop
endfacet
facet normal 0.14896542 0.50657195 0.8492315
 outer loop
  vertex 0.060817752 0.08146588 1.214675
  vertex -0.010579688 0.004250391 1.2732584
  vertex 0.025899276 -0.0017874388 1.2704612
 endloop
endfacet
facet normal 0.62014574 -0.08107047 0.78028643
 outer loop
  vertex 0.21548004 -0.11205731 1.0716478
  vertex 0.43616557 0.2521238 0.93409204
  vertex 0.060817752 0.08146588 1.214675
 endloop
endfacet
facet normal -0.18053865 0.38111725 0.9067278
 outer loop
  vertex -0.04557028 0.47265628 0.9656222
  vertex 0.16212307 0.38289744 1.0447036
  vertex 0.3102849 0.65249026 0.96088845
 endloop
endfacet
facet normal -0.1633196 0.34748188 0.92335427
 outer loop
  vertex -0.04557028 0.47265628 0.9656222
  vertex 0.3102849 0.65249026 0.96088845
  vertex 0.15332845 0.7275144 0.90489304
 endloop
endfacet
facet normal 0.16809133 0.49246424 0.85394627
 outer loop
  vertex 0.060817752 0.08146588 1.214675
  vertex 0.007342249 0.11691158 1.2047598
  vertex -0.010579688 0.004250391 1.2732584
 endloop
endfacet
facet normal -0.21712485 0.2328443 0.9479664
 outer loop
  vertex 0.3102849 0.65249026 0.96088845
  vertex 0.4030774 0.8603681 0.9310819
  vertex 0.3064366 0.9254068 0.8929719
 endloop
endfacet
facet normal -0.2264756 0.23220637 0.94593287
 outer loop
  vertex 0.3102849 0.65249026 0.96088845
  vertex 0.3064366 0.9254068 0.8929719
  vertex 0.15332845 0.7275144 0.90489304
 endloop
endfacet
facet normal -0.18519709 0.31657112 0.93031436
 outer loop
  vertex -0.26997313 0.11150643 1.043844
  vertex -0.04557028 0.47265628 0.9656222
  vertex -0.18942912 0.5492295 0.91092765
 endloop
endfacet
facet normal -0.23121908 0.39256865 0.89018404
 outer loop
  vertex -0.04557028 0.47265628 0.9656222
  vertex 0.15332845 0.7275144 0.90489304
  vertex -0.05547635 0.66864014 0.8766208
 endloop
endfacet
facet normal -0.45493248 0.4492168 0.7689217
 outer loop
  vertex -0.26997313 0.11150643 1.043844
  vertex 0.007342249 0.11691158 1.2047598
  vertex -0.04557028 0.47265628 0.9656222
 endloop
endfacet
facet normal -0.3174363 0.08189921 0.9447363
 outer loop
  vertex 0.34627897 0.97947496 0.90167195
  vertex 0.3064366 0.9254068 0.8929719
  vertex 0.4030774 0.8603681 0.9310819
 endloop
endfacet
facet normal -0.2789733 0.10272324 0.95478886
 outer loop
  vertex 0.34627897 0.97947496 0.90167195
  vertex 0.4030774 0.8603681 0.9310819
  vertex 0.43636736 0.95257837 0.930888
 endloop
endfacet
facet normal 0.39983225 0.06451788 0.9143148
 outer loop
  vertex 0.3102849 0.65249026 0.96088845
  vertex 0.16212307 0.38289744 1.0447036
  vertex 0.43616557 0.2521238 0.93409204
 endloop
endfacet
facet normal 0.35041046 0.047568627 0.9353875
 outer loop
  vertex 0.3102849 0.65249026 0.96088845
  vertex 0.43616557 0.2521238 0.93409204
  vertex 0.4524756 0.5883892 0.91088146
 endloop
endfacet
facet normal -0.42561206 0.33372477 0.84111965
 outer loop
  vertex -0.18942912 0.5492295 0.91092765
  vertex -0.41394424 0.37765896 0.8653943
  vertex -0.26997313 0.11150643 1.043844
 endloop
endfacet
facet normal 0.38455224 -0.029075602 0.92264515
 outer loop
  vertex 0.4524756 0.5883892 0.91088146
  vertex 0.5592585 0.71104425 0.87024033
  vertex 0.5172671 0.79077214 0.89025456
 endloop
endfacet
facet normal -0.25420412 0.07678517 0.9640976
 outer loop
  vertex -0.18942912 0.5492295 0.91092765
  vertex -0.34934133 0.54943913 0.8687468
  vertex -0.41394424 0.37765896 0.8653943
 endloop
endfacet
facet normal -0.03441355 0.07048113 0.9969193
 outer loop
  vertex 0.56112367 0.57311374 0.91571194
  vertex 0.4524756 0.5883892 0.91088146
  vertex 0.43616557 0.2521238 0.93409204
 endloop
endfacet
facet normal 0.53140527 -0.15922868 0.8320184
 outer loop
  vertex 0.56112367 0.57311374 0.91571194
  vertex 0.43616557 0.2521238 0.93409204
  vertex 0.5600662 0.3570701 0.87504166
 endloop
endfacet
facet normal 0.0320262 -0.18505724 0.98220575
 outer loop
  vertex 0.5600662 0.3570701 0.87504166
  vertex 0.6101373 0.4938768 0.89918476
  vertex 0.56112367 0.57311374 0.91571194
 endloop
endfacet
facet normal 0.33013412 -0.01203028 0.9438574
 outer loop
  vertex 0.5172671 0.79077214 0.89025456
  vertex 0.4030774 0.8603681 0.9310819
  vertex 0.3102849 0.65249026 0.96088845
 endloop
endfacet
facet normal 0.32822108 -0.008808047 0.9445599
 outer loop
  vertex 0.5172671 0.79077214 0.89025456
  vertex 0.3102849 0.65249026 0.96088845
  vertex 0.4524756 0.5883892 0.91088146
 endloop
endfacet
facet normal 0.13583131 0.451593 0.881824
 outer loop
  vertex 0.16212307 0.38289744 1.0447036
  vertex 0.007342249 0.11691158 1.2047598
  vertex 0.060817752 0.08146588 1.214675
 endloop
endfacet
facet normal 0.28076112 -0.09935371 0.95462143
 outer loop
  vertex 0.43636736 0.95257837 0.930888
  vertex 0.4030774 0.8603681 0.9310819
  vertex 0.5172671 0.79077214 0.89025456
 endloop
endfacet
facet normal 0.23463745 -0.124780096 0.9640411
 outer loop
  vertex 0.43636736 0.95257837 0.930888
  vertex 0.5172671 0.79077214 0.89025456
  vertex 0.5236958 0.9338373 0.9072074
 endloop
endfacet
facet normal 0.21648045 -0.19896959 0.95579666
 outer loop
  vertex 0.5236958 0.9338373 0.9072074
  vertex 0.45921957 1.0051984 0.93666613
  vertex 0.43636736 0.95257837 0.930888
 endloop
endfacet
facet normal -0.22477087 -0.04911689 0.97317296
 outer loop
  vertex 0.16446106 0.895116 0.8586514
  vertex 0.3064366 0.9254068 0.8929719
  vertex 0.21886785 0.95351446 0.874165
 endloop
endfacet
facet normal -0.28062084 0.27255455 0.9203075
 outer loop
  vertex 0.3064366 0.9254068 0.8929719
  vertex 0.16446106 0.895116 0.8586514
  vertex 0.15332845 0.7275144 0.90489304
 endloop
endfacet
facet normal -0.18160944 -0.3082377 0.9338135
 outer loop
  vertex 0.15332845 0.7275144 0.90489304
  vertex 0.08131401 0.79115504 0.9118944
  vertex 0.0060814507 0.80148226 0.9006719
 endloop
endfacet
facet normal -0.09570168 -0.13422577 0.98631877
 outer loop
  vertex 0.15332845 0.7275144 0.90489304
  vertex 0.0060814507 0.80148226 0.9006719
  vertex -0.05547635 0.66864014 0.8766208
 endloop
endfacet
facet normal 0.26134953 -0.15867016 0.95211357
 outer loop
  vertex 0.43616557 0.2521238 0.93409204
  vertex 0.5681743 -0.029719148 0.8508872
  vertex 0.585541 0.23142645 0.88964015
 endloop
endfacet
facet normal 0.5830925 -0.04699912 0.8110451
 outer loop
  vertex 0.21548004 -0.11205731 1.0716478
  vertex 0.4176791 -0.115357004 0.9260876
  vertex 0.43616557 0.2521238 0.93409204
 endloop
endfacet
facet normal 0.46591452 -0.042689092 0.8837994
 outer loop
  vertex 0.43616557 0.2521238 0.93409204
  vertex 0.4176791 -0.115357004 0.9260876
  vertex 0.5681743 -0.029719148 0.8508872
 endloop
endfacet
facet normal 0.23446447 -0.15793525 0.9592095
 outer loop
  vertex 0.5681743 -0.029719148 0.8508872
  vertex 0.6568743 0.10090613 0.85071343
  vertex 0.585541 0.23142645 0.88964015
 endloop
endfacet
facet normal -0.08031492 0.5478276 0.83272713
 outer loop
  vertex -0.04557028 0.47265628 0.9656222
  vertex 0.007342249 0.11691158 1.2047598
  vertex 0.16212307 0.38289744 1.0447036
 endloop
endfacet
facet normal -0.30129954 0.026184307 0.95316994
 outer loop
  vertex 0.43636736 0.95257837 0.930888
  vertex 0.45921957 1.0051984 0.93666613
  vertex 0.34627897 0.97947496 0.90167195
 endloop
endfacet
facet normal 0.47778738 0.30414426 0.82414526
 outer loop
  vertex 0.43616557 0.2521238 0.93409204
  vertex 0.16212307 0.38289744 1.0447036
  vertex 0.060817752 0.08146588 1.214675
 endloop
endfacet
facet normal -0.5157078 -0.11336203 0.8492317
 outer loop
  vertex -0.12002109 0.0028288658 0.7977724
  vertex -0.020797981 -0.02186213 0.8547311
  vertex -0.032730877 0.012049426 0.85201144
 endloop
endfacet
facet normal -0.22755449 0.58255696 0.78028613
 outer loop
  vertex -0.027520154 0.225221 0.6587118
  vertex -0.44116634 0.24277985 0.524971
  vertex -0.12002109 0.0028288658 0.7977724
 endloop
endfacet
facet normal -0.24709454 -0.34174365 0.90672797
 outer loop
  vertex -0.40356067 -0.27096677 0.55562687
  vertex -0.42430753 -0.051963247 0.632515
  vertex -0.72339934 -0.051921807 0.55102444
 endloop
endfacet
facet normal -0.2259064 -0.3104565 0.9233542
 outer loop
  vertex -0.40356067 -0.27096677 0.55562687
  vertex -0.72339934 -0.051921807 0.55102444
  vertex -0.7138495 -0.22079273 0.49658194
 endloop
endfacet
facet normal -0.5125526 -0.08980622 0.85394645
 outer loop
  vertex -0.12002109 0.0028288658 0.7977724
  vertex -0.12519053 -0.059333533 0.78813225
  vertex -0.020797981 -0.02186213 0.8547311
 endloop
endfacet
facet normal -0.09952606 -0.3024128 0.94796675
 outer loop
  vertex -0.72339934 -0.051921807 0.55102444
  vertex -0.9439803 -0.070169985 0.5220445
  vertex -0.9541589 -0.18296923 0.48499152
 endloop
endfacet
facet normal -0.09446356 -0.31030244 0.94593287
 outer loop
  vertex -0.72339934 -0.051921807 0.55102444
  vertex -0.9541589 -0.18296923 0.48499152
  vertex -0.7138495 -0.22079273 0.49658194
 endloop
endfacet
facet normal -0.18828064 -0.3147465 0.9303145
 outer loop
  vertex 0.009242777 -0.2931125 0.63167924
  vertex -0.40356067 -0.27096677 0.55562687
  vertex -0.4014625 -0.42940196 0.5024493
 endloop
endfacet
facet normal -0.23272774 -0.39167598 0.89018404
 outer loop
  vertex -0.40356067 -0.27096677 0.55562687
  vertex -0.7138495 -0.22079273 0.49658194
  vertex -0.5659272 -0.3711595 0.4690939
 endloop
endfacet
facet normal -0.1746557 -0.61502403 0.7689218
 outer loop
  vertex 0.009242777 -0.2931125 0.63167924
  vertex -0.12519053 -0.059333533 0.78813225
  vertex -0.40356067 -0.27096677 0.55562687
 endloop
endfacet
facet normal 0.08106888 -0.31764805 0.9447367
 outer loop
  vertex -1.0188847 -0.17433064 0.49345025
  vertex -0.9541589 -0.18296923 0.48499152
  vertex -0.9439803 -0.070169985 0.5220445
 endloop
endfacet
facet normal 0.044299796 -0.29396605 0.95478874
 outer loop
  vertex -1.0188847 -0.17433064 0.49345025
  vertex -0.9439803 -0.070169985 0.5220445
  vertex -1.0381408 -0.08497164 0.52185607
 endloop
endfacet
facet normal -0.24906999 0.319363 0.9143147
 outer loop
  vertex -0.72339934 -0.051921807 0.55102444
  vertex -0.42430753 -0.051963247 0.632515
  vertex -0.44116634 0.24277985 0.524971
 endloop
endfacet
facet normal -0.21041763 0.28420895 0.9353875
 outer loop
  vertex -0.72339934 -0.051921807 0.55102444
  vertex -0.44116634 0.24277985 0.524971
  vertex -0.7353447 0.099252805 0.5024043
 endloop
endfacet
facet normal -0.087551855 -0.5337157 0.8411196
 outer loop
  vertex -0.4014625 -0.42940196 0.5024493
  vertex -0.15015315 -0.5403964 0.45817867
  vertex 0.009242777 -0.2931125 0.63167924
 endloop
endfacet
facet normal -0.1596836 0.35103637 0.92264545
 outer loop
  vertex -0.7353447 0.099252805 0.5024043
  vertex -0.88985425 0.13282411 0.4628903
  vertex -0.9381343 0.05971655 0.48234943
 endloop
endfacet
facet normal 0.055105317 -0.25976717 0.96409774
 outer loop
  vertex -0.4014625 -0.42940196 0.5024493
  vertex -0.32677695 -0.56576645 0.4614383
  vertex -0.15015315 -0.5403964 0.45817867
 endloop
endfacet
facet normal -0.04520165 -0.06409847 0.9969193
 outer loop
  vertex -0.7731923 0.19898674 0.50710076
  vertex -0.7353447 0.099252805 0.5024043
  vertex -0.44116634 0.24277985 0.524971
 endloop
endfacet
facet normal -0.11632354 0.54241556 0.8320182
 outer loop
  vertex -0.7731923 0.19898674 0.50710076
  vertex -0.44116634 0.24277985 0.524971
  vertex -0.5885995 0.29922813 0.46755835
 endloop
endfacet
facet normal 0.1467701 0.11717788 0.9822057
 outer loop
  vertex -0.5885995 0.29922813 0.46755835
  vertex -0.7286182 0.27784827 0.49103186
  vertex -0.7731923 0.19898674 0.50710076
 endloop
endfacet
facet normal -0.14842002 0.29513547 0.94385725
 outer loop
  vertex -0.9381343 0.05971655 0.48234943
  vertex -0.9439803 -0.070169985 0.5220445
  vertex -0.72339934 -0.051921807 0.55102444
 endloop
endfacet
facet normal -0.15032291 0.2919074 0.9445597
 outer loop
  vertex -0.9381343 0.05971655 0.48234943
  vertex -0.72339934 -0.051921807 0.55102444
  vertex -0.7353447 0.099252805 0.5024043
 endloop
endfacet
facet normal -0.46119827 -0.09840011 0.8818241
 outer loop
  vertex -0.42430753 -0.051963247 0.632515
  vertex -0.12519053 -0.059333533 0.78813225
  vertex -0.12002109 0.0028288658 0.7977724
 endloop
endfacet
facet normal -0.04811168 0.2939104 0.9546213
 outer loop
  vertex -1.0381408 -0.08497164 0.52185607
  vertex -0.9439803 -0.070169985 0.5220445
  vertex -0.9381343 0.05971655 0.48234943
 endloop
endfacet
facet normal -0.0036183137 0.2657292 0.9640409
 outer loop
  vertex -1.0381408 -0.08497164 0.52185607
  vertex -0.9381343 0.05971655 0.48234943
  vertex -1.0630544 -0.0017825074 0.49883223
 endloop
endfacet
facet normal 0.0701465 0.28553873 0.9557966
 outer loop
  vertex -1.0630544 -0.0017825074 0.49883223
  vertex -1.0936784 -0.090132974 0.5274739
  vertex -1.0381408 -0.08497164 0.52185607
 endloop
endfacet
facet normal 0.15127781 -0.17334825 0.9731729
 outer loop
  vertex -0.86188 -0.28977025 0.4516228
  vertex -0.9541589 -0.18296923 0.48499152
  vertex -0.9371143 -0.27074814 0.4667062
 endloop
endfacet
facet normal -0.10375475 -0.3771859 0.9203074
 outer loop
  vertex -0.9541589 -0.18296923 0.48499152
  vertex -0.86188 -0.28977025 0.4516228
  vertex -0.7138495 -0.22079273 0.49658194
 endloop
endfacet
facet normal 0.35759926 -0.010748971 0.93381333
 outer loop
  vertex -0.7138495 -0.22079273 0.49658194
  vertex -0.73436564 -0.31195238 0.5033892
  vertex -0.70794505 -0.38089523 0.49247795
 endloop
endfacet
facet normal 0.16372243 -0.019244874 0.98631877
 outer loop
  vertex -0.7138495 -0.22079273 0.49658194
  vertex -0.70794505 -0.38089523 0.49247795
  vertex -0.5659272 -0.3711595 0.4690939
 endloop
endfacet
facet normal 0.0132222595 0.30545855 0.9521136
 outer loop
  vertex -0.44116634 0.24277985 0.524971
  vertex -0.26279983 0.4872158 0.44407368
  vertex -0.4934608 0.37975723 0.48175195
 endloop
endfacet
facet normal -0.23957436 0.5336763 0.8110448
 outer loop
  vertex -0.027520154 0.225221 0.6587118
  vertex -0.11936949 0.39906606 0.5171885
  vertex -0.44116634 0.24277985 0.524971
 endloop
endfacet
facet normal -0.18692902 0.42890126 0.88379925
 outer loop
  vertex -0.44116634 0.24277985 0.524971
  vertex -0.11936949 0.39906606 0.5171885
  vertex -0.26279983 0.4872158 0.44407368
 endloop
endfacet
facet normal 0.025523113 0.28154257 0.95920926
 outer loop
  vertex -0.26279983 0.4872158 0.44407368
  vertex -0.41563547 0.50164664 0.44390473
  vertex -0.4934608 0.37975723 0.48175195
 endloop
endfacet
facet normal -0.441465 -0.33417666 0.83272725
 outer loop
  vertex -0.40356067 -0.27096677 0.55562687
  vertex -0.12519053 -0.059333533 0.78813225
  vertex -0.42430753 -0.051963247 0.632515
 endloop
endfacet
facet normal 0.12213007 -0.27667964 0.95316976
 outer loop
  vertex -1.0381408 -0.08497164 0.52185607
  vertex -1.0936784 -0.090132974 0.5274739
  vertex -1.0188847 -0.17433064 0.49345025
 endloop
endfacet
facet normal -0.4966246 0.27230278 0.8241451
 outer loop
  vertex -0.44116634 0.24277985 0.524971
  vertex -0.42430753 -0.051963247 0.632515
  vertex -0.12002109 0.0028288658 0.7977724
 endloop
endfacet
facet normal -0.15829597 -0.50373375 0.84923184
 outer loop
  vertex -0.06837228 -0.10127495 0.8504652
  vertex 0.0028961878 -0.026999144 0.9078073
  vertex -0.032694567 -0.020430839 0.9050693
 endloop
endfacet
facet normal -0.61854285 0.09250971 0.7802863
 outer loop
  vertex -0.21623321 0.090911016 0.71046865
  vertex -0.4387889 -0.26150322 0.5758277
  vertex -0.06837228 -0.10127495 0.8504652
 endloop
endfacet
facet normal 0.17346953 -0.3843867 0.90672773
 outer loop
  vertex 0.028672133 -0.48603415 0.60668975
  vertex -0.17296301 -0.39443773 0.68409556
  vertex -0.32283399 -0.6555945 0.60205644
 endloop
endfacet
facet normal 0.15687434 -0.35043848 0.9233544
 outer loop
  vertex 0.028672133 -0.48603415 0.60668975
  vertex -0.32283399 -0.6555945 0.60205644
  vertex -0.1705858 -0.7318539 0.5472475
 endloop
endfacet
facet normal -0.17715754 -0.48927572 0.85394645
 outer loop
  vertex -0.06837228 -0.10127495 0.8504652
  vertex -0.016679563 -0.13693033 0.8407602
  vertex 0.0028961878 -0.026999144 0.9078073
 endloop
endfacet
facet normal 0.21278605 -0.23681395 0.947967
 outer loop
  vertex -0.32283399 -0.6555945 0.60205644
  vertex -0.41740254 -0.8573554 0.57288146
  vertex -0.32400137 -0.9227523 0.53557914
 endloop
endfacet
facet normal 0.2221488 -0.2363487 0.945933
 outer loop
  vertex -0.32283399 -0.6555945 0.60205644
  vertex -0.32400137 -0.9227523 0.53557914
  vertex -0.1705858 -0.7318539 0.5472475
 endloop
endfacet
facet normal 0.1793186 -0.31993702 0.93031454
 outer loop
  vertex 0.25481102 -0.13665368 0.683254
  vertex 0.028672133 -0.48603415 0.60668975
  vertex 0.16807444 -0.5635725 0.5531543
 endloop
endfacet
facet normal 0.22392963 -0.39677152 0.8901841
 outer loop
  vertex 0.028672133 -0.48603415 0.60668975
  vertex -0.1705858 -0.7318539 0.5472475
  vertex 0.034823913 -0.6780115 0.5195744
 endloop
endfacet
facet normal 0.44655874 -0.4575419 0.76892173
 outer loop
  vertex 0.25481102 -0.13665368 0.683254
  vertex -0.016679563 -0.13693033 0.8407602
  vertex 0.028672133 -0.48603415 0.60668975
 endloop
endfacet
facet normal 0.31586802 -0.087747805 0.9447369
 outer loop
  vertex -0.36397025 -0.9749455 0.5440948
  vertex -0.32400137 -0.9227523 0.53557914
  vertex -0.41740254 -0.8573554 0.57288146
 endloop
endfacet
facet normal 0.2770292 -0.107856706 0.9547888
 outer loop
  vertex -0.36397025 -0.9749455 0.5440948
  vertex -0.41740254 -0.8573554 0.57288146
  vertex -0.4516484 -0.94699466 0.5726918
 endloop
endfacet
facet normal -0.40095586 -0.0571225 0.91431475
 outer loop
  vertex -0.32283399 -0.6555945 0.60205644
  vertex -0.17296301 -0.39443773 0.68409556
  vertex -0.4387889 -0.26150322 0.5758277
 endloop
endfacet
facet normal -0.35122922 -0.041088767 0.9353875
 outer loop
  vertex -0.32283399 -0.6555945 0.60205644
  vertex -0.4387889 -0.26150322 0.5758277
  vertex -0.46082926 -0.5902923 0.55310905
 endloop
endfacet
facet normal 0.41937643 -0.34152788 0.8411196
 outer loop
  vertex 0.16807444 -0.5635725 0.5531543
  vertex 0.39089617 -0.3997247 0.50858563
  vertex 0.25481102 -0.13665368 0.683254
 endloop
endfacet
facet normal -0.38394865 0.03617213 0.9226456
 outer loop
  vertex -0.46082926 -0.5902923 0.55310905
  vertex -0.56754893 -0.7083976 0.51332915
  vertex -0.52789557 -0.78718185 0.53291917
 endloop
endfacet
facet normal 0.25274247 -0.08146563 0.9640978
 outer loop
  vertex 0.16807444 -0.5635725 0.5531543
  vertex 0.32456774 -0.56666845 0.5118673
  vertex 0.39089617 -0.3997247 0.50858563
 endloop
endfacet
facet normal 0.03310668 -0.07110444 0.9969193
 outer loop
  vertex -0.5668809 -0.5733789 0.55783725
  vertex -0.46082926 -0.5902923 0.55310905
  vertex -0.4387889 -0.26150322 0.5758277
 endloop
endfacet
facet normal -0.52837443 0.1690165 0.83201796
 outer loop
  vertex -0.5668809 -0.5733789 0.55783725
  vertex -0.4387889 -0.26150322 0.5758277
  vertex -0.5619406 -0.36196846 0.51802856
 endloop
endfacet
facet normal -0.028604783 0.18561819 0.9822055
 outer loop
  vertex -0.5619406 -0.36196846 0.51802856
  vertex -0.61341536 -0.49494833 0.54166013
  vertex -0.5668809 -0.5733789 0.55783725
 endloop
endfacet
facet normal -0.32985592 0.0181253 0.94385725
 outer loop
  vertex -0.52789557 -0.78718185 0.53291917
  vertex -0.41740254 -0.8573554 0.57288146
  vertex -0.32283399 -0.6555945 0.60205644
 endloop
endfacet
facet normal -0.32800266 0.014868123 0.9445598
 outer loop
  vertex -0.52789557 -0.78718185 0.53291917
  vertex -0.32283399 -0.6555945 0.60205644
  vertex -0.46082926 -0.5902923 0.55310905
 endloop
endfacet
facet normal -0.14414819 -0.44900718 0.88182414
 outer loop
  vertex -0.17296301 -0.39443773 0.68409556
  vertex -0.016679563 -0.13693033 0.8407602
  vertex -0.06837228 -0.10127495 0.8504652
 endloop
endfacet
facet normal -0.27887818 0.10452312 0.9546213
 outer loop
  vertex -0.4516484 -0.94699466 0.5726918
  vertex -0.41740254 -0.8573554 0.57288146
  vertex -0.52789557 -0.78718185 0.53291917
 endloop
endfacet
facet normal -0.23229223 0.12909369 0.96404105
 outer loop
  vertex -0.4516484 -0.94699466 0.5726918
  vertex -0.52789557 -0.78718185 0.53291917
  vertex -0.5367732 -0.92707545 0.54951304
 endloop
endfacet
facet normal -0.21276884 0.20293343 0.9557967
 outer loop
  vertex -0.5367732 -0.92707545 0.54951304
  vertex -0.47496384 -0.9980779 0.5783475
  vertex -0.4516484 -0.94699466 0.5726918
 endloop
endfacet
facet normal 0.22564043 0.044957645 0.9731727
 outer loop
  vertex -0.18451042 -0.8956749 0.5019858
  vertex -0.32400137 -0.9227523 0.53557914
  vertex -0.23881097 -0.9518426 0.5171707
 endloop
endfacet
facet normal 0.27554017 -0.27769035 0.92030734
 outer loop
  vertex -0.32400137 -0.9227523 0.53557914
  vertex -0.18451042 -0.8956749 0.5019858
  vertex -0.1705858 -0.7318539 0.5472475
 endloop
endfacet
facet normal 0.18727109 0.30483124 0.93381333
 outer loop
  vertex -0.1705858 -0.7318539 0.5472475
  vertex -0.10125981 -0.79543716 0.5541005
  vertex -0.027820688 -0.80690384 0.54311585
 endloop
endfacet
facet normal 0.09816417 0.13243544 0.9863187
 outer loop
  vertex -0.1705858 -0.7318539 0.5472475
  vertex -0.027820688 -0.80690384 0.54311585
  vertex 0.034823913 -0.6780115 0.5195744
 endloop
endfacet
facet normal -0.2583747 0.16347006 0.95211345
 outer loop
  vertex -0.4387889 -0.26150322 0.5758277
  vertex -0.56288356 0.016706882 0.4943858
  vertex -0.5846001 -0.2385476 0.5323177
 endloop
endfacet
facet normal -0.5821253 0.057760023 0.81104493
 outer loop
  vertex -0.21623321 0.090911016 0.71046865
  vertex -0.4140543 0.09779534 0.5679928
  vertex -0.4387889 -0.26150322 0.5758277
 endloop
endfacet
facet normal -0.4650468 0.05128668 0.88379925
 outer loop
  vertex -0.4387889 -0.26150322 0.5758277
  vertex -0.4140543 0.09779534 0.5679928
  vertex -0.56288356 0.016706882 0.4943858
 endloop
endfacet
facet normal -0.23150773 0.16223876 0.95920944
 outer loop
  vertex -0.56288356 0.016706882 0.4943858
  vertex -0.6520505 -0.10952526 0.4942158
  vertex -0.5846001 -0.2385476 0.5323177
 endloop
endfacet
facet normal 0.07018413 -0.5492172 0.8327272
 outer loop
  vertex 0.028672133 -0.48603415 0.60668975
  vertex -0.016679563 -0.13693033 0.8407602
  vertex -0.17296301 -0.39443773 0.68409556
 endloop
endfacet
facet normal 0.30076483 -0.03174451 0.9531699
 outer loop
  vertex -0.4516484 -0.94699466 0.5726918
  vertex -0.47496384 -0.9980779 0.5783475
  vertex -0.36397025 -0.9749455 0.5440948
 endloop
endfacet
facet normal -0.48332304 -0.29526815 0.8241453
 outer loop
  vertex -0.4387889 -0.26150322 0.5758277
  vertex -0.17296301 -0.39443773 0.68409556
  vertex -0.06837228 -0.10127495 0.8504652
 endloop
endfacet
facet normal -0.0893958 0.5203978 0.8492318
 outer loop
  vertex -0.0031548254 0.06491226 0.8514969
  vertex -0.03254147 -0.033513077 0.90871716
  vertex 0.0020436607 -0.023113338 0.905985
 endloop
endfacet
facet normal 0.5924549 0.20037593 0.78028625
 outer loop
  vertex 0.2157232 -0.038243923 0.7117977
  vertex 0.25255716 0.37604195 0.5774427
  vertex -0.0031548254 0.06491226 0.8514969
 endloop
endfacet
facet normal -0.32995388 0.26263142 0.9067278
 outer loop
  vertex -0.26474372 0.36216676 0.6082391
  vertex -0.044006016 0.37281427 0.6854805
  vertex -0.030072104 0.67295647 0.6036155
 endloop
endfacet
facet normal -0.29967943 0.2400191 0.9233542
 outer loop
  vertex -0.26474372 0.36216676 0.6082391
  vertex -0.030072104 0.67295647 0.6036155
  vertex -0.19998066 0.67121685 0.548923
 endloop
endfacet
facet normal -0.06601189 0.516157 0.8539464
 outer loop
  vertex -0.0031548254 0.06491226 0.8514969
  vertex -0.065295815 0.07298723 0.84181243
  vertex -0.03254147 -0.033513077 0.90871716
 endloop
endfacet
facet normal -0.2974887 0.11340155 0.9479665
 outer loop
  vertex -0.030072104 0.67295647 0.6036155
  vertex -0.03813879 0.89516103 0.5745026
  vertex -0.15086205 0.9106147 0.53727937
 endloop
endfacet
facet normal -0.30560297 0.10870982 0.9459329
 outer loop
  vertex -0.030072104 0.67295647 0.6036155
  vertex -0.15086205 0.9106147 0.53727937
  vertex -0.19998066 0.67121685 0.548923
 endloop
endfacet
facet normal -0.30570415 0.20263223 0.9303146
 outer loop
  vertex -0.30614144 -0.051060393 0.6846409
  vertex -0.26474372 0.36216676 0.6082391
  vertex -0.42383376 0.3674203 0.5548174
 endloop
endfacet
facet normal -0.38049632 0.2505884 0.8901842
 outer loop
  vertex -0.26474372 0.36216676 0.6082391
  vertex -0.19998066 0.67121685 0.548923
  vertex -0.35774726 0.52975833 0.5213088
 endloop
endfacet
facet normal -0.60629106 0.20290545 0.7689217
 outer loop
  vertex -0.30614144 -0.051060393 0.6846409
  vertex -0.065295815 0.07298723 0.84181243
  vertex -0.26474372 0.36216676 0.6082391
 endloop
endfacet
facet normal -0.32105738 -0.06629472 0.94473654
 outer loop
  vertex -0.1391867 0.975167 0.5457769
  vertex -0.15086205 0.9106147 0.53727937
  vertex -0.03813879 0.89516103 0.5745026
 endloop
endfacet
facet normal -0.29569978 -0.030658694 0.9547888
 outer loop
  vertex -0.1391867 0.975167 0.5457769
  vertex -0.03813879 0.89516103 0.5745026
  vertex -0.048618775 0.99034023 0.57431316
 endloop
endfacet
facet normal 0.33053705 0.23403794 0.9143148
 outer loop
  vertex -0.030072104 0.67295647 0.6036155
  vertex -0.044006016 0.37281427 0.6854805
  vertex 0.25255716 0.37604195 0.5774427
 endloop
endfacet
facet normal 0.2936334 0.1970522 0.93538755
 outer loop
  vertex -0.030072104 0.67295647 0.6036155
  vertex 0.25255716 0.37604195 0.5774427
  vertex 0.1221893 0.67792195 0.55477214
 endloop
endfacet
facet normal -0.5290971 0.1121352 0.84111947
 outer loop
  vertex -0.42383376 0.3674203 0.5548174
  vertex -0.5468916 0.12038225 0.51034343
  vertex -0.30614144 -0.051060393 0.6846409
 endloop
endfacet
facet normal 0.35804343 0.14328225 0.92264575
 outer loop
  vertex 0.1221893 0.67792195 0.55477214
  vertex 0.1630554 0.8314157 0.51507676
  vertex 0.091933236 0.8832614 0.5346252
 endloop
endfacet
facet normal -0.26203716 -0.04303587 0.96409774
 outer loop
  vertex -0.42383376 0.3674203 0.5548174
  vertex -0.56414706 0.2988059 0.51361805
  vertex -0.5468916 0.12038225 0.51034343
 endloop
endfacet
facet normal -0.06194076 0.04811727 0.9969193
 outer loop
  vertex 0.22403204 0.7112702 0.55949026
  vertex 0.1221893 0.67792195 0.55477214
  vertex 0.25255716 0.37604195 0.5774427
 endloop
endfacet
facet normal 0.54721385 0.09112029 0.83201814
 outer loop
  vertex 0.22403204 0.7112702 0.55949026
  vertex 0.25255716 0.37604195 0.5774427
  vertex 0.31605214 0.5213719 0.5197663
 endloop
endfacet
facet normal 0.1102658 -0.15203115 0.9822056
 outer loop
  vertex 0.31605214 0.5213719 0.5197663
  vertex 0.3011006 0.66287625 0.5433476
  vertex 0.22403204 0.7112702 0.55949026
 endloop
endfacet
facet normal 0.3016825 0.13461484 0.9438572
 outer loop
  vertex 0.091933236 0.8832614 0.5346252
  vertex -0.03813879 0.89516103 0.5745026
  vertex -0.030072104 0.67295647 0.6036155
 endloop
endfacet
facet normal 0.29854506 0.1366655 0.9445599
 outer loop
  vertex 0.091933236 0.8832614 0.5346252
  vertex -0.030072104 0.67295647 0.6036155
  vertex 0.1221893 0.67792195 0.55477214
 endloop
endfacet
facet normal -0.076971024 0.46525475 0.8818239
 outer loop
  vertex -0.044006016 0.37281427 0.6854805
  vertex -0.065295815 0.07298723 0.84181243
  vertex -0.0031548254 0.06491226 0.8514969
 endloop
endfacet
facet normal 0.29582095 0.034472104 0.9546212
 outer loop
  vertex -0.048618775 0.99034023 0.57431316
  vertex -0.03813879 0.89516103 0.5745026
  vertex 0.091933236 0.8832614 0.5346252
 endloop
endfacet
facet normal 0.26561186 -0.008671848 0.96404105
 outer loop
  vertex -0.048618775 0.99034023 0.57431316
  vertex 0.091933236 0.8832614 0.5346252
  vertex 0.03602018 1.0114776 0.55118364
 endloop
endfacet
facet normal 0.28198978 -0.083274245 0.95579666
 outer loop
  vertex 0.03602018 1.0114776 0.55118364
  vertex -0.05121873 1.046313 0.5799569
  vertex -0.048618775 0.99034023 0.57431316
 endloop
endfacet
facet normal -0.18015656 -0.14310257 0.97317284
 outer loop
  vertex -0.26232508 0.82297194 0.50375736
  vertex -0.15086205 0.9106147 0.53727937
  vertex -0.23974152 0.8975874 0.5189101
 endloop
endfacet
facet normal -0.37198573 0.12108359 0.9203072
 outer loop
  vertex -0.15086205 0.9106147 0.53727937
  vertex -0.26232508 0.82297194 0.50375736
  vertex -0.19998066 0.67121685 0.548923
 endloop
endfacet
facet normal -0.02727126 -0.3567202 0.93381315
 outer loop
  vertex -0.19998066 0.67121685 0.548923
  vertex -0.2905081 0.6960393 0.5557615
  vertex -0.3609206 0.672728 0.54480016
 endloop
endfacet
facet normal -0.026794145 -0.16265702 0.9863188
 outer loop
  vertex -0.19998066 0.67121685 0.548923
  vertex -0.3609206 0.672728 0.54480016
  vertex -0.35774726 0.52975833 0.5213088
 endloop
endfacet
facet normal 0.3045207 -0.02733101 0.9521135
 outer loop
  vertex 0.25255716 0.37604195 0.5774427
  vertex 0.48956823 0.18569417 0.49617386
  vertex 0.3924454 0.422158 0.53402513
 endloop
endfacet
facet normal 0.5441824 0.21464302 0.811045
 outer loop
  vertex 0.2157232 -0.038243923 0.7117977
  vertex 0.39444622 0.0458537 0.5696245
  vertex 0.25255716 0.37604195 0.5774427
 endloop
endfacet
facet normal 0.43708548 0.16689846 0.8837993
 outer loop
  vertex 0.25255716 0.37604195 0.5774427
  vertex 0.39444622 0.0458537 0.5696245
  vertex 0.48956823 0.18569417 0.49617386
 endloop
endfacet
facet normal 0.28006122 -0.0385131 0.9592093
 outer loop
  vertex 0.48956823 0.18569417 0.49617386
  vertex 0.51114887 0.33839726 0.4960041
  vertex 0.3924454 0.422158 0.53402513
 endloop
endfacet
facet normal -0.31340802 0.456444 0.8327271
 outer loop
  vertex -0.26474372 0.36216676 0.6082391
  vertex -0.065295815 0.07298723 0.84181243
  vertex -0.044006016 0.37281427 0.6854805
 endloop
endfacet
facet normal -0.28202987 -0.109208256 0.9531698
 outer loop
  vertex -0.048618775 0.99034023 0.57431316
  vertex -0.05121873 1.046313 0.5799569
  vertex -0.1391867 0.975167 0.5457769
 endloop
endfacet
facet normal 0.29497328 0.48350328 0.8241452
 outer loop
  vertex 0.25255716 0.37604195 0.5774427
  vertex -0.044006016 0.37281427 0.6854805
  vertex -0.0031548254 0.06491226 0.8514969
 endloop
endfacet
facet normal 0.49267697 0.18993303 0.84923196
 outer loop
  vertex 0.08013371 -0.014206662 1.013366
  vertex -0.026872508 -0.004300852 1.0732296
  vertex -0.00909302 -0.037639443 1.0703712
 endloop
endfacet
facet normal 0.31291184 -0.5415159 0.78028625
 outer loop
  vertex 0.01932403 -0.25994074 0.8672134
  vertex 0.4518678 -0.21253717 0.72665185
  vertex 0.08013371 -0.014206662 1.013366
 endloop
endfacet
facet normal 0.19265774 0.37513727 0.9067276
 outer loop
  vertex 0.3312649 0.31525108 0.7588709
  vertex 0.3875761 0.091010295 0.8396805
  vertex 0.69832367 0.13843358 0.75403386
 endloop
endfacet
facet normal 0.17643674 0.34100893 0.9233542
 outer loop
  vertex 0.3312649 0.31525108 0.7588709
  vertex 0.69832367 0.13843358 0.75403386
  vertex 0.6616018 0.3123662 0.6968148
 endloop
endfacet
facet normal 0.49311483 0.16617276 0.8539464
 outer loop
  vertex 0.08013371 -0.014206662 1.013366
  vertex 0.0756392 0.051197268 1.0032341
  vertex -0.026872508 -0.004300852 1.0732296
 endloop
endfacet
facet normal 0.052720197 0.31397435 0.94796664
 outer loop
  vertex 0.69832367 0.13843358 0.75403386
  vertex 0.9245999 0.19239917 0.7235759
  vertex 0.9172735 0.31120703 0.6846332
 endloop
endfacet
facet normal 0.04652472 0.3210087 0.9459328
 outer loop
  vertex 0.69832367 0.13843358 0.75403386
  vertex 0.9172735 0.31120703 0.6846332
  vertex 0.6616018 0.3123662 0.6968148
 endloop
endfacet
facet normal 0.13859491 0.33956802 0.9303145
 outer loop
  vertex -0.10113123 0.27274668 0.838802
  vertex 0.3312649 0.31525108 0.7588709
  vertex 0.30394107 0.47952408 0.7029813
 endloop
endfacet
facet normal 0.17091565 0.4223271 0.89018404
 outer loop
  vertex 0.3312649 0.31525108 0.7588709
  vertex 0.6616018 0.3123662 0.6968148
  vertex 0.48405463 0.44511405 0.66792476
 endloop
endfacet
facet normal 0.07978391 0.63434553 0.7689216
 outer loop
  vertex -0.10113123 0.27274668 0.838802
  vertex 0.0756392 0.051197268 1.0032341
  vertex 0.3312649 0.31525108 0.7588709
 endloop
endfacet
facet normal -0.12810494 0.30176494 0.94473654
 outer loop
  vertex 0.98589116 0.31250408 0.69352335
  vertex 0.9172735 0.31120703 0.6846332
  vertex 0.9245999 0.19239917 0.7235759
 endloop
endfacet
facet normal -0.088180125 0.283906 0.9547888
 outer loop
  vertex 0.98589116 0.31250408 0.69352335
  vertex 0.9245999 0.19239917 0.7235759
  vertex 1.0200787 0.22272062 0.7233778
 endloop
endfacet
facet normal 0.29443824 -0.27809104 0.91431475
 outer loop
  vertex 0.69832367 0.13843358 0.75403386
  vertex 0.3875761 0.091010295 0.8396805
  vertex 0.4518678 -0.21253717 0.72665185
 endloop
endfacet
facet normal 0.2509207 -0.24917655 0.93538755
 outer loop
  vertex 0.69832367 0.13843358 0.75403386
  vertex 0.4518678 -0.21253717 0.72665185
  vertex 0.73472595 -0.016733317 0.70293415
 endloop
endfacet
facet normal 0.0059564514 0.54081655 0.84111947
 outer loop
  vertex 0.30394107 0.47952408 0.7029813
  vertex 0.025228549 0.5549584 0.65645283
  vertex -0.10113123 0.27274668 0.838802
 endloop
endfacet
facet normal 0.21085943 -0.3228986 0.9226455
 outer loop
  vertex 0.73472595 -0.016733317 0.70293415
  vertex 0.90058124 -0.027091239 0.66140497
  vertex 0.9391395 0.056525856 0.68185645
 endloop
endfacet
facet normal -0.09369849 0.24846822 0.9640976
 outer loop
  vertex 0.30394107 0.47952408 0.7029813
  vertex 0.20470534 0.6093471 0.6598787
  vertex 0.025228549 0.5549584 0.65645283
 endloop
endfacet
facet normal 0.035004143 0.070189774 0.99691933
 outer loop
  vertex 0.7898756 -0.11434525 0.70787024
  vertex 0.73472595 -0.016733317 0.70293415
  vertex 0.4518678 -0.21253717 0.72665185
 endloop
endfacet
facet normal 0.19689487 -0.518631 0.83201814
 outer loop
  vertex 0.7898756 -0.11434525 0.70787024
  vertex 0.4518678 -0.21253717 0.72665185
  vertex 0.6140017 -0.24778618 0.66631114
 endloop
endfacet
facet normal -0.12739392 -0.13799597 0.9822056
 outer loop
  vertex 0.6140017 -0.24778618 0.66631114
  vertex 0.75608087 -0.2033523 0.69098186
  vertex 0.7898756 -0.11434525 0.70787024
 endloop
endfacet
facet normal 0.19128408 -0.26933917 0.94385743
 outer loop
  vertex 0.9391395 0.056525856 0.68185645
  vertex 0.9245999 0.19239917 0.7235759
  vertex 0.69832367 0.13843358 0.75403386
 endloop
endfacet
facet normal 0.19267756 -0.26586106 0.9445598
 outer loop
  vertex 0.9391395 0.056525856 0.68185645
  vertex 0.69832367 0.13843358 0.75403386
  vertex 0.73472595 -0.016733317 0.70293415
 endloop
endfacet
facet normal 0.44105136 0.16691355 0.881824
 outer loop
  vertex 0.3875761 0.091010295 0.8396805
  vertex 0.0756392 0.051197268 1.0032341
  vertex 0.08013371 -0.014206662 1.013366
 endloop
endfacet
facet normal 0.09194067 -0.28327486 0.95462155
 outer loop
  vertex 1.0200787 0.22272062 0.7233778
  vertex 0.9245999 0.19239917 0.7235759
  vertex 0.9391395 0.056525856 0.68185645
 endloop
endfacet
facet normal 0.043701205 -0.26213494 0.96404123
 outer loop
  vertex 1.0200787 0.22272062 0.7233778
  vertex 0.9391395 0.056525856 0.68185645
  vertex 1.059165 0.1402452 0.6991799
 endloop
endfacet
facet normal -0.026226804 -0.29285598 0.95579684
 outer loop
  vertex 1.059165 0.1402452 0.6991799
  vertex 1.0769603 0.23689693 0.72928226
  vertex 1.0200787 0.22272062 0.7233778
 endloop
endfacet
facet normal -0.17571959 0.14851695 0.97317284
 outer loop
  vertex 0.8044509 0.407523 0.64956266
  vertex 0.9172735 0.31120703 0.6846332
  vertex 0.8856344 0.3996998 0.66541535
 endloop
endfacet
facet normal 0.045609895 0.3885284 0.9203072
 outer loop
  vertex 0.9172735 0.31120703 0.6846332
  vertex 0.8044509 0.407523 0.64956266
  vertex 0.6616018 0.3123662 0.6968148
 endloop
endfacet
facet normal -0.35512137 -0.043371722 0.9338135
 outer loop
  vertex 0.6616018 0.3123662 0.6968148
  vertex 0.66844976 0.41033235 0.7039691
  vertex 0.63005877 0.47776738 0.6925014
 endloop
endfacet
facet normal -0.16475129 -0.0056977575 0.9863187
 outer loop
  vertex 0.6616018 0.3123662 0.6968148
  vertex 0.63005877 0.47776738 0.6925014
  vertex 0.48405463 0.44511405 0.66792476
 endloop
endfacet
facet normal 0.033053514 -0.30395237 0.9521137
 outer loop
  vertex 0.4518678 -0.21253717 0.72665185
  vertex 0.3053466 -0.49480063 0.6416288
  vertex 0.5279376 -0.34655038 0.6812287
 endloop
endfacet
facet normal 0.3174129 -0.49138078 0.81104505
 outer loop
  vertex 0.01932403 -0.25994074 0.8672134
  vertex 0.14234029 -0.42598024 0.71847254
  vertex 0.4518678 -0.21253717 0.72665185
 endloop
endfacet
facet normal 0.2495504 -0.39575696 0.8837992
 outer loop
  vertex 0.4518678 -0.21253717 0.72665185
  vertex 0.14234029 -0.42598024 0.71847254
  vertex 0.3053466 -0.49480063 0.6416288
 endloop
endfacet
facet normal 0.017282194 -0.28216785 0.9592094
 outer loop
  vertex 0.3053466 -0.49480063 0.6416288
  vertex 0.46642524 -0.4855383 0.6414513
  vertex 0.5279376 -0.34655038 0.6812287
 endloop
endfacet
facet normal 0.38594177 0.39700708 0.8327271
 outer loop
  vertex 0.3312649 0.31525108 0.7588709
  vertex 0.0756392 0.051197268 1.0032341
  vertex 0.3875761 0.091010295 0.8396805
 endloop
endfacet
facet normal -0.16250943 0.2550647 0.95316976
 outer loop
  vertex 1.0200787 0.22272062 0.7233778
  vertex 1.0769603 0.23689693 0.72928226
  vertex 0.98589116 0.31250408 0.69352335
 endloop
endfacet
facet normal 0.5320479 -0.1941896 0.82414526
 outer loop
  vertex 0.4518678 -0.21253717 0.72665185
  vertex 0.3875761 0.091010295 0.8396805
  vertex 0.08013371 -0.014206662 1.013366
 endloop
endfacet
facet normal 0.03714706 -0.5267127 0.8492313
 outer loop
  vertex -0.047421873 -0.111927144 1.0937281
  vertex -0.0071247295 -0.013853276 1.152793
  vertex -0.04371607 -0.020981086 1.1499728
 endloop
endfacet
facet normal -0.6094589 -0.14040308 0.7802864
 outer loop
  vertex -0.26163346 0.01651661 0.94952554
  vertex -0.34203655 -0.40521523 0.8108395
  vertex -0.047421873 -0.111927144 1.0937281
 endloop
endfacet
facet normal 0.30217063 -0.2941728 0.9067278
 outer loop
  vertex 0.19071355 -0.44412 0.8426288
  vertex -0.03710222 -0.43237385 0.9223601
  vertex -0.08225553 -0.7392208 0.83785623
 endloop
endfacet
facet normal 0.2742975 -0.26865897 0.9233543
 outer loop
  vertex 0.19071355 -0.44412 0.8426288
  vertex -0.08225553 -0.7392208 0.83785623
  vertex 0.09243785 -0.7548932 0.7814007
 endloop
endfacet
facet normal 0.014300179 -0.5201648 0.8539462
 outer loop
  vertex -0.047421873 -0.111927144 1.0937281
  vertex 0.015573934 -0.12660643 1.0837315
  vertex -0.0071247295 -0.013853276 1.152793
 endloop
endfacet
facet normal 0.28472152 -0.14245258 0.94796675
 outer loop
  vertex -0.08225553 -0.7392208 0.83785623
  vertex -0.096803024 -0.96827793 0.80780476
  vertex 0.017388035 -0.9957336 0.7693817
 endloop
endfacet
facet normal 0.29326302 -0.1385917 0.9459329
 outer loop
  vertex -0.08225553 -0.7392208 0.83785623
  vertex 0.017388035 -0.9957336 0.7693817
  vertex 0.09243785 -0.7548932 0.7814007
 endloop
endfacet
facet normal 0.28401458 -0.23205753 0.9303145
 outer loop
  vertex 0.27569535 -0.023944562 0.9214933
  vertex 0.19071355 -0.44412 0.8426288
  vertex 0.3535765 -0.46586356 0.7874848
 endloop
endfacet
facet normal 0.3536613 -0.28722104 0.89018416
 outer loop
  vertex 0.19071355 -0.44412 0.8426288
  vertex 0.09243785 -0.7548932 0.7814007
  vertex 0.26901716 -0.6258115 0.75289613
 endloop
endfacet
facet normal 0.5830808 -0.26225206 0.76892173
 outer loop
  vertex 0.27569535 -0.023944562 0.9214933
  vertex 0.015573934 -0.12660643 1.0837315
  vertex 0.19071355 -0.44412 0.8426288
 endloop
endfacet
facet normal 0.3260618 0.034006327 0.9447366
 outer loop
  vertex -0.0012369566 -1.0608361 0.77815324
  vertex 0.017388035 -0.9957336 0.7693817
  vertex -0.096803024 -0.96827793 0.80780476
 endloop
endfacet
facet normal 0.29728234 0.001071284 0.954789
 outer loop
  vertex -0.0012369566 -1.0608361 0.77815324
  vertex -0.096803024 -0.96827793 0.80780476
  vertex -0.09581934 -1.0671142 0.8076094
 endloop
endfacet
facet normal -0.35219356 -0.19997087 0.91431475
 outer loop
  vertex -0.08225553 -0.7392208 0.83785623
  vertex -0.03710222 -0.43237385 0.9223601
  vertex -0.34203655 -0.40521523 0.8108395
 endloop
endfacet
facet normal -0.31179148 -0.16684262 0.93538743
 outer loop
  vertex -0.08225553 -0.7392208 0.83785623
  vertex -0.34203655 -0.40521523 0.8108395
  vertex -0.23915471 -0.72867495 0.7874383
 endloop
endfacet
facet normal 0.515306 -0.16424848 0.84111965
 outer loop
  vertex 0.3535765 -0.46586356 0.7874848
  vertex 0.5053552 -0.22477365 0.7415772
  vertex 0.27569535 -0.023944562 0.9214933
 endloop
endfacet
facet normal -0.370529 -0.10692781 0.92264545
 outer loop
  vertex -0.23915471 -0.72867495 0.7874383
  vertex -0.29690123 -0.88213056 0.74646324
  vertex -0.22917844 -0.94269 0.7666419
 endloop
endfacet
facet normal 0.26501974 0.016736848 0.9640977
 outer loop
  vertex 0.3535765 -0.46586356 0.7874848
  vertex 0.5047441 -0.4098072 0.7449574
  vertex 0.5053552 -0.22477365 0.7415772
 endloop
endfacet
facet normal 0.056843176 -0.054043762 0.99691933
 outer loop
  vertex -0.34718508 -0.75246227 0.7923085
  vertex -0.23915471 -0.72867495 0.7874383
  vertex -0.34203655 -0.40521523 0.8108395
 endloop
endfacet
facet normal -0.5535668 -0.03619337 0.83201796
 outer loop
  vertex -0.34718508 -0.75246227 0.7923085
  vertex -0.34203655 -0.40521523 0.8108395
  vertex -0.42218637 -0.54796034 0.75130385
 endloop
endfacet
facet normal -0.09458368 0.16225326 0.9822056
 outer loop
  vertex -0.42218637 -0.54796034 0.75130385
  vertex -0.4213701 -0.6948371 0.77564543
  vertex -0.34718508 -0.75246227 0.7923085
 endloop
endfacet
facet normal -0.31358406 -0.10391485 0.94385743
 outer loop
  vertex -0.22917844 -0.94269 0.7666419
  vertex -0.096803024 -0.96827793 0.80780476
  vertex -0.08225553 -0.7392208 0.83785623
 endloop
endfacet
facet normal -0.31066734 -0.106266834 0.94455975
 outer loop
  vertex -0.22917844 -0.94269 0.7666419
  vertex -0.08225553 -0.7392208 0.83785623
  vertex -0.23915471 -0.72867495 0.7874383
 endloop
endfacet
facet normal 0.030272327 -0.4706056 0.88182425
 outer loop
  vertex -0.03710222 -0.43237385 0.9223601
  vertex 0.015573934 -0.12660643 1.0837315
  vertex -0.047421873 -0.111927144 1.0937281
 endloop
endfacet
facet normal -0.29778236 -0.004850868 0.95462143
 outer loop
  vertex -0.09581934 -1.0671142 0.8076094
  vertex -0.096803024 -0.96827793 0.80780476
  vertex -0.22917844 -0.94269 0.7666419
 endloop
endfacet
facet normal -0.2634292 0.035070624 0.96404105
 outer loop
  vertex -0.09581934 -1.0671142 0.8076094
  vertex -0.22917844 -0.94269 0.7666419
  vertex -0.18492477 -1.0801274 0.78373426
 endloop
endfacet
facet normal -0.27229908 0.11093156 0.9557967
 outer loop
  vertex -0.18492477 -1.0801274 0.78373426
  vertex -0.09890042 -1.1248715 0.813435
  vertex -0.09581934 -1.0671142 0.8076094
 endloop
endfacet
facet normal 0.1935084 0.12445616 0.97317266
 outer loop
  vertex 0.14087854 -0.9171686 0.73477906
  vertex 0.017388035 -0.9957336 0.7693817
  vertex 0.11001547 -0.9914862 0.7504202
 endloop
endfacet
facet normal 0.3580843 -0.15751222 0.9203073
 outer loop
  vertex 0.017388035 -0.9957336 0.7693817
  vertex 0.14087854 -0.9171686 0.73477906
  vertex 0.09243785 -0.7548932 0.7814007
 endloop
endfacet
facet normal 0.0626469 0.35223204 0.9338137
 outer loop
  vertex 0.09243785 -0.7548932 0.7814007
  vertex 0.18286873 -0.7896909 0.78845954
  vertex 0.25758556 -0.7729831 0.77714485
 endloop
endfacet
facet normal 0.042853717 0.15918212 0.9863187
 outer loop
  vertex 0.09243785 -0.7548932 0.7814007
  vertex 0.25758556 -0.7729831 0.77714485
  vertex 0.26901716 -0.6258115 0.75289613
 endloop
endfacet
facet normal -0.30028713 0.05750989 0.95211357
 outer loop
  vertex -0.34203655 -0.40521523 0.8108395
  vertex -0.5659132 -0.18535292 0.7269508
  vertex -0.49045575 -0.43820697 0.7660223
 endloop
endfacet
facet normal -0.5628466 -0.15940467 0.81104493
 outer loop
  vertex -0.26163346 0.01651661 0.94952554
  vertex -0.453843 -0.05149589 0.8027692
  vertex -0.34203655 -0.40521523 0.8108395
 endloop
endfacet
facet normal -0.45152867 -0.12255847 0.8837994
 outer loop
  vertex -0.34203655 -0.40521523 0.8108395
  vertex -0.453843 -0.05149589 0.8027692
  vertex -0.5659132 -0.18535292 0.7269508
 endloop
endfacet
facet normal -0.27483603 0.06620151 0.9592093
 outer loop
  vertex -0.5659132 -0.18535292 0.7269508
  vertex -0.60377014 -0.33997807 0.72677565
  vertex -0.49045575 -0.43820697 0.7660223
 endloop
endfacet
facet normal 0.26641336 -0.48537543 0.8327272
 outer loop
  vertex 0.19071355 -0.44412 0.8426288
  vertex 0.015573934 -0.12660643 1.0837315
  vertex -0.03710222 -0.43237385 0.9223601
 endloop
endfacet
facet normal 0.29149982 0.08059054 0.95317
 outer loop
  vertex -0.09581934 -1.0671142 0.8076094
  vertex -0.09890042 -1.1248715 0.813435
  vertex -0.0012369566 -1.0608361 0.77815324
 endloop
endfacet
facet normal -0.34164006 -0.45173723 0.8241454
 outer loop
  vertex -0.34203655 -0.40521523 0.8108395
  vertex -0.03710222 -0.43237385 0.9223601
  vertex -0.047421873 -0.111927144 1.0937281
 endloop
endfacet
facet normal -0.48410514 0.21082716 0.8492315
 outer loop
  vertex -0.08138715 0.05071838 1.1252278
  vertex -0.013653517 -0.029730245 1.1838113
  vertex -0.0031245109 0.005714216 1.1810141
 endloop
endfacet
facet normal 0.15758845 0.60524297 0.7802863
 outer loop
  vertex 0.1298731 0.18010436 0.9822006
  vertex -0.20402512 0.4443807 0.84464484
  vertex -0.08138715 0.05071838 1.1252278
 endloop
endfacet
facet normal -0.400616 -0.131724 0.90672797
 outer loop
  vertex -0.48277363 -0.00617805 0.8761751
  vertex -0.36787438 0.18873557 0.95525646
  vertex -0.61694115 0.36928457 0.87144136
 endloop
endfacet
facet normal -0.3650999 -0.118823096 0.92335427
 outer loop
  vertex -0.48277363 -0.00617805 0.8761751
  vertex -0.61694115 0.36928457 0.87144136
  vertex -0.71090835 0.22288059 0.81544596
 endloop
endfacet
facet normal -0.4677277 0.22804944 0.85394627
 outer loop
  vertex -0.08138715 0.05071838 1.1252278
  vertex -0.12321 0.0020678258 1.1153127
  vertex -0.013653517 -0.029730245 1.1838113
 endloop
endfacet
facet normal -0.25804618 -0.18647103 0.94796664
 outer loop
  vertex -0.61694115 0.36928457 0.87144136
  vertex -0.81166047 0.48721683 0.8416348
  vertex -0.8882165 0.3994178 0.80352485
 endloop
endfacet
facet normal -0.25857648 -0.19582926 0.9459329
 outer loop
  vertex -0.61694115 0.36928457 0.87144136
  vertex -0.8882165 0.3994178 0.80352485
  vertex -0.71090835 0.22288059 0.81544596
 endloop
endfacet
facet normal -0.33715075 -0.1443757 0.9303145
 outer loop
  vertex -0.15234569 -0.27376574 0.9543969
  vertex -0.48277363 -0.00617805 0.8761751
  vertex -0.57664853 -0.13939346 0.82148063
 endloop
endfacet
facet normal -0.4182835 -0.18058641 0.890184
 outer loop
  vertex -0.48277363 -0.00617805 0.8761751
  vertex -0.71090835 0.22288059 0.81544596
  vertex -0.67846733 0.008373784 0.78717375
 endloop
endfacet
facet normal -0.5023221 -0.39551446 0.7689218
 outer loop
  vertex -0.15234569 -0.27376574 0.9543969
  vertex -0.12321 0.0020678258 1.1153127
  vertex -0.48277363 -0.00617805 0.8761751
 endloop
endfacet
facet normal -0.12075304 -0.3047812 0.94473654
 outer loop
  vertex -0.936908 0.44567677 0.81222486
  vertex -0.8882165 0.3994178 0.80352485
  vertex -0.81166047 0.48721683 0.8416348
 endloop
endfacet
facet normal -0.13662997 -0.26402757 0.95478886
 outer loop
  vertex -0.936908 0.44567677 0.81222486
  vertex -0.81166047 0.48721683 0.8416348
  vertex -0.8990131 0.53171945 0.841441
 endloop
endfacet
facet normal -0.014276252 0.40475246 0.91431487
 outer loop
  vertex -0.61694115 0.36928457 0.87144136
  vertex -0.36787438 0.18873557 0.95525646
  vertex -0.20402512 0.4443807 0.84464484
 endloop
endfacet
facet normal -0.0036068906 0.35360637 0.9353874
 outer loop
  vertex -0.61694115 0.36928457 0.87144136
  vertex -0.20402512 0.4443807 0.84464484
  vertex -0.53564924 0.50239635 0.8214343
 endloop
endfacet
facet normal -0.38407955 -0.3807895 0.84111965
 outer loop
  vertex -0.57664853 -0.13939346 0.82148063
  vertex -0.43434107 -0.38350835 0.7759473
  vertex -0.15234569 -0.27376574 0.9543969
 endloop
endfacet
facet normal 0.07668856 0.3779475 0.92264545
 outer loop
  vertex -0.53564924 0.50239635 0.8214343
  vertex -0.6440673 0.62360835 0.7807932
  vertex -0.7283997 0.5918615 0.80080736
 endloop
endfacet
facet normal -0.10781188 -0.24267688 0.96409774
 outer loop
  vertex -0.57664853 -0.13939346 0.82148063
  vertex -0.5967501 -0.29803735 0.77929986
  vertex -0.43434107 -0.38350835 0.7759473
 endloop
endfacet
facet normal -0.07421459 -0.025378171 0.9969193
 outer loop
  vertex -0.50697625 0.6083001 0.8262648
  vertex -0.53564924 0.50239635 0.8214343
  vertex -0.20402512 0.4443807 0.84464484
 endloop
endfacet
facet normal 0.22410034 0.5074689 0.83201826
 outer loop
  vertex -0.50697625 0.6083001 0.8262648
  vertex -0.20402512 0.4443807 0.84464484
  vertex -0.29274243 0.5803744 0.78559446
 endloop
endfacet
facet normal 0.18760419 0.008756467 0.98220575
 outer loop
  vertex -0.29274243 0.5803744 0.78559446
  vertex -0.42225742 0.64707565 0.80973756
  vertex -0.50697625 0.6083001 0.8262648
 endloop
endfacet
facet normal 0.05300701 0.32607374 0.9438571
 outer loop
  vertex -0.7283997 0.5918615 0.80080736
  vertex -0.81166047 0.48721683 0.8416348
  vertex -0.61694115 0.36928457 0.87144136
 endloop
endfacet
facet normal 0.049571116 0.3245762 0.94455975
 outer loop
  vertex -0.7283997 0.5918615 0.80080736
  vertex -0.61694115 0.36928457 0.87144136
  vertex -0.53564924 0.50239635 0.8214343
 endloop
endfacet
facet normal -0.43118727 0.19095564 0.88182396
 outer loop
  vertex -0.36787438 0.18873557 0.95525646
  vertex -0.12321 0.0020678258 1.1153127
  vertex -0.08138715 0.05071838 1.1252278
 endloop
endfacet
facet normal 0.13351035 0.26622072 0.9546211
 outer loop
  vertex -0.8990131 0.53171945 0.841441
  vertex -0.81166047 0.48721683 0.8416348
  vertex -0.7283997 0.5918615 0.80080736
 endloop
endfacet
facet normal 0.15300123 0.21729235 0.9640408
 outer loop
  vertex -0.8990131 0.53171945 0.841441
  vertex -0.7283997 0.5918615 0.80080736
  vertex -0.8695538 0.616038 0.81776035
 endloop
endfacet
facet normal 0.22435394 0.19004771 0.9557966
 outer loop
  vertex -0.8695538 0.616038 0.81776035
  vertex -0.9483815 0.56094015 0.84721905
  vertex -0.8990131 0.53171945 0.841441
 endloop
endfacet
facet normal 0.02077386 -0.22913527 0.97317284
 outer loop
  vertex -0.8758231 0.2547768 0.7692043
  vertex -0.8882165 0.3994178 0.80352485
  vertex -0.9269995 0.31602594 0.784718
 endloop
endfacet
facet normal -0.30534726 -0.24453469 0.92030746
 outer loop
  vertex -0.8882165 0.3994178 0.80352485
  vertex -0.8758231 0.2547768 0.7692043
  vertex -0.71090835 0.22288059 0.81544596
 endloop
endfacet
facet normal 0.2832509 -0.21854404 0.9338134
 outer loop
  vertex -0.71090835 0.22288059 0.81544596
  vertex -0.78301346 0.15934266 0.82244736
  vertex -0.8026195 0.085979246 0.8112249
 endloop
endfacet
facet normal 0.12127812 -0.11165623 0.98631865
 outer loop
  vertex -0.71090835 0.22288059 0.81544596
  vertex -0.8026195 0.085979246 0.8112249
  vertex -0.67846733 0.008373784 0.78717375
 endloop
endfacet
facet normal 0.18995027 0.23958024 0.95211357
 outer loop
  vertex -0.20402512 0.4443807 0.84464484
  vertex 0.09205069 0.5403018 0.76144
  vertex -0.16490574 0.5900209 0.80019295
 endloop
endfacet
facet normal 0.11917267 0.5727166 0.8110448
 outer loop
  vertex 0.1298731 0.18010436 0.9822006
  vertex 0.15830126 0.38032213 0.83664036
  vertex -0.20402512 0.4443807 0.84464484
 endloop
endfacet
facet normal 0.10031875 0.45698446 0.8837994
 outer loop
  vertex -0.20402512 0.4443807 0.84464484
  vertex 0.15830126 0.38032213 0.83664036
  vertex 0.09205069 0.5403018 0.76144
 endloop
endfacet
facet normal 0.1858766 0.2129962 0.9592093
 outer loop
  vertex 0.09205069 0.5403018 0.76144
  vertex -0.02652536 0.64456296 0.7612662
  vertex -0.16490574 0.5900209 0.80019295
 endloop
endfacet
facet normal -0.5535632 -0.011539395 0.8327272
 outer loop
  vertex -0.48277363 -0.00617805 0.8761751
  vertex -0.12321 0.0020678258 1.1153127
  vertex -0.36787438 0.18873557 0.95525646
 endloop
endfacet
facet normal -0.063464105 -0.29570156 0.95316994
 outer loop
  vertex -0.8990131 0.53171945 0.841441
  vertex -0.9483815 0.56094015 0.84721905
  vertex -0.936908 0.44567677 0.81222486
 endloop
endfacet
facet normal -0.24234371 0.5119123 0.8241452
 outer loop
  vertex -0.20402512 0.4443807 0.84464484
  vertex -0.36787438 0.18873557 0.95525646
  vertex -0.08138715 0.05071838 1.1252278
 endloop
endfacet
facet normal 0.3541134 -0.39167428 0.84923196
 outer loop
  vertex 0.026731197 -0.08886336 1.2853873
  vertex 0.0003339611 0.004760536 1.3395747
  vertex -0.022056004 -0.021092378 1.3369873
 endloop
endfacet
facet normal -0.39311644 -0.48642838 0.78028643
 outer loop
  vertex -0.20063725 -0.11732648 1.1530929
  vertex -0.020054441 -0.46736494 1.0258594
  vertex 0.026731197 -0.08886336 1.2853873
 endloop
endfacet
facet normal 0.41929 -0.04517004 0.9067279
 outer loop
  vertex 0.38667005 -0.19399393 1.0550234
  vertex 0.21551296 -0.31442487 1.1281706
  vertex 0.35654092 -0.5615559 1.0506451
 endloop
endfacet
facet normal 0.3816144 -0.04227981 0.92335415
 outer loop
  vertex 0.38667005 -0.19399393 1.0550234
  vertex 0.35654092 -0.5615559 1.0506451
  vertex 0.49155903 -0.47402036 0.9988515
 endloop
endfacet
facet normal 0.33209354 -0.40061143 0.8539464
 outer loop
  vertex 0.026731197 -0.08886336 1.2853873
  vertex 0.08052823 -0.063816406 1.2762163
  vertex 0.0003339611 0.004760536 1.3395747
 endloop
endfacet
facet normal 0.31197518 0.06348933 0.9479665
 outer loop
  vertex 0.35654092 -0.5615559 1.0506451
  vertex 0.4756515 -0.73519474 1.0230752
  vertex 0.5736474 -0.6904043 0.98782504
 endloop
endfacet
facet normal 0.31631702 0.071796775 0.9459328
 outer loop
  vertex 0.35654092 -0.5615559 1.0506451
  vertex 0.5736474 -0.6904043 0.98782504
  vertex 0.49155903 -0.47402036 0.9988515
 endloop
endfacet
facet normal 0.3666865 -0.0074771 0.93031454
 outer loop
  vertex 0.21027435 0.15751156 1.1273755
  vertex 0.38667005 -0.19399393 1.0550234
  vertex 0.5165806 -0.117536806 1.0044333
 endloop
endfacet
facet normal 0.45553154 -0.007939062 0.8901842
 outer loop
  vertex 0.38667005 -0.19399393 1.0550234
  vertex 0.49155903 -0.47402036 0.9988515
  vertex 0.54602766 -0.28088778 0.97270083
 endloop
endfacet
facet normal 0.6207117 0.15322043 0.7689217
 outer loop
  vertex 0.21027435 0.15751156 1.1273755
  vertex 0.08052823 -0.063816406 1.2762163
  vertex 0.38667005 -0.19399393 1.0550234
 endloop
endfacet
facet normal 0.23567487 0.22788267 0.94473636
 outer loop
  vertex 0.5970371 -0.74795526 0.99587226
  vertex 0.5736474 -0.6904043 0.98782504
  vertex 0.4756515 -0.73519474 1.0230752
 endloop
endfacet
facet normal 0.23333636 0.18420708 0.9547889
 outer loop
  vertex 0.5970371 -0.74795526 0.99587226
  vertex 0.4756515 -0.73519474 1.0230752
  vertex 0.5322899 -0.8060097 1.0228959
 endloop
endfacet
facet normal -0.15387626 -0.3746335 0.914315
 outer loop
  vertex 0.35654092 -0.5615559 1.0506451
  vertex 0.21551296 -0.31442487 1.1281706
  vertex -0.020054441 -0.46736494 1.0258594
 endloop
endfacet
facet normal -0.14250861 -0.32363817 0.93538743
 outer loop
  vertex 0.35654092 -0.5615559 1.0506451
  vertex -0.020054441 -0.46736494 1.0258594
  vertex 0.23727332 -0.64272445 1.0043906
 endloop
endfacet
facet normal 0.50691617 0.18855771 0.8411195
 outer loop
  vertex 0.5165806 -0.117536806 1.0044333
  vertex 0.48975855 0.1424454 0.96231663
  vertex 0.21027435 0.15751156 1.1273755
 endloop
endfacet
facet normal -0.2256974 -0.3127078 0.9226454
 outer loop
  vertex 0.23727332 -0.64272445 1.0043906
  vertex 0.28240868 -0.78621453 0.9667992
  vertex 0.36558115 -0.7916238 0.9853115
 endloop
endfacet
facet normal 0.19827965 0.17663829 0.96409756
 outer loop
  vertex 0.5165806 -0.117536806 1.0044333
  vertex 0.59402144 0.008483128 0.9654176
  vertex 0.48975855 0.1424454 0.96231663
 endloop
endfacet
facet normal 0.07807675 -0.0074778227 0.99691933
 outer loop
  vertex 0.17272283 -0.7210324 1.0088587
  vertex 0.23727332 -0.64272445 1.0043906
  vertex -0.020054441 -0.46736494 1.0258594
 endloop
endfacet
facet normal -0.4133991 -0.3699285 0.8320181
 outer loop
  vertex 0.17272283 -0.7210324 1.0088587
  vertex -0.020054441 -0.46736494 1.0258594
  vertex 0.002842296 -0.61579806 0.97124016
 endloop
endfacet
facet normal -0.17452706 0.06937247 0.98220557
 outer loop
  vertex 0.002842296 -0.61579806 0.97124016
  vertex 0.08654426 -0.7213988 0.9935716
  vertex 0.17272283 -0.7210324 1.0088587
 endloop
endfacet
facet normal -0.18273386 -0.27521253 0.9438572
 outer loop
  vertex 0.36558115 -0.7916238 0.9853115
  vertex 0.4756515 -0.73519474 1.0230752
  vertex 0.35654092 -0.5615559 1.0506451
 endloop
endfacet
facet normal -0.17898673 -0.27526477 0.94455975
 outer loop
  vertex 0.36558115 -0.7916238 0.9853115
  vertex 0.35654092 -0.5615559 1.0506451
  vertex 0.23727332 -0.64272445 1.0043906
 endloop
endfacet
facet normal 0.31409755 -0.35175136 0.8818241
 outer loop
  vertex 0.21551296 -0.31442487 1.1281706
  vertex 0.08052823 -0.063816406 1.2762163
  vertex 0.026731197 -0.08886336 1.2853873
 endloop
endfacet
facet normal -0.23139831 -0.18749127 0.95462126
 outer loop
  vertex 0.5322899 -0.8060097 1.0228959
  vertex 0.4756515 -0.73519474 1.0230752
  vertex 0.36558115 -0.7916238 0.9853115
 endloop
endfacet
facet normal -0.22898184 -0.13487805 0.96404105
 outer loop
  vertex 0.5322899 -0.8060097 1.0228959
  vertex 0.36558115 -0.7916238 0.9853115
  vertex 0.47530878 -0.8658285 1.0009924
 endloop
endfacet
facet normal -0.28275388 -0.080638036 0.9557969
 outer loop
  vertex 0.47530878 -0.8658285 1.0009924
  vertex 0.56274784 -0.849461 1.0282404
  vertex 0.5322899 -0.8060097 1.0228959
 endloop
endfacet
facet normal 0.075548515 0.2173178 0.97317284
 outer loop
  vertex 0.61836517 -0.5637918 0.9560799
  vertex 0.5736474 -0.6904043 0.98782504
  vertex 0.6381321 -0.6349223 0.9704294
 endloop
endfacet
facet normal 0.379008 0.0968853 0.92030764
 outer loop
  vertex 0.5736474 -0.6904043 0.98782504
  vertex 0.61836517 -0.5637918 0.9560799
  vertex 0.49155903 -0.47402036 0.9988515
 endloop
endfacet
facet normal -0.16794652 0.3158898 0.9338135
 outer loop
  vertex 0.49155903 -0.47402036 0.9988515
  vertex 0.57655185 -0.44797683 1.0053275
  vertex 0.621052 -0.3936321 0.99494714
 endloop
endfacet
facet normal -0.06445276 0.15172748 0.9863187
 outer loop
  vertex 0.49155903 -0.47402036 0.9988515
  vertex 0.621052 -0.3936321 0.99494714
  vertex 0.54602766 -0.28088778 0.97270083
 endloop
endfacet
facet normal -0.27183393 -0.13994941 0.9521137
 outer loop
  vertex -0.020054441 -0.46736494 1.0258594
  vertex -0.3061328 -0.43528202 0.94889814
  vertex -0.10856207 -0.57517415 0.98474324
 endloop
endfacet
facet normal -0.34470674 -0.47263438 0.811045
 outer loop
  vertex -0.20063725 -0.11732648 1.1530929
  vertex -0.30094975 -0.27520445 1.0184555
  vertex -0.020054441 -0.46736494 1.0258594
 endloop
endfacet
facet normal -0.279813 -0.37497118 0.8837994
 outer loop
  vertex -0.020054441 -0.46736494 1.0258594
  vertex -0.30094975 -0.27520445 1.0184555
  vertex -0.3061328 -0.43528202 0.94889814
 endloop
endfacet
facet normal -0.257162 -0.11740994 0.9592094
 outer loop
  vertex -0.3061328 -0.43528202 0.94889814
  vertex -0.24597305 -0.56836176 0.9487375
  vertex -0.10856207 -0.57517415 0.98474324
 endloop
endfacet
facet normal 0.5090789 -0.21772508 0.8327271
 outer loop
  vertex 0.38667005 -0.19399393 1.0550234
  vertex 0.08052823 -0.063816406 1.2762163
  vertex 0.21551296 -0.31442487 1.1281706
 endloop
endfacet
facet normal 0.17973833 0.24323043 0.95317
 outer loop
  vertex 0.5322899 -0.8060097 1.0228959
  vertex 0.56274784 -0.849461 1.0282404
  vertex 0.5970371 -0.74795526 0.99587226
 endloop
endfacet
facet normal 0.009720514 -0.5662949 0.8241454
 outer loop
  vertex -0.020054441 -0.46736494 1.0258594
  vertex 0.21551296 -0.31442487 1.1281706
  vertex 0.026731197 -0.08886336 1.2853873
 endloop
endfacet
facet normal -0.36828837 -0.37837756 0.8492315
 outer loop
  vertex -0.10382141 -0.054202214 1.3956417
  vertex -0.007959073 -0.020438394 1.4522581
  vertex -0.03640803 0.0011846736 1.4495548
 endloop
endfacet
facet normal -0.51051277 0.36128932 0.7802864
 outer loop
  vertex -0.14865252 0.18097776 1.257417
  vertex -0.5016026 -0.030643586 1.1244799
  vertex -0.10382141 -0.054202214 1.3956417
 endloop
endfacet
facet normal -0.018334275 -0.42131716 0.9067281
 outer loop
  vertex -0.1894533 -0.43651643 1.1549516
  vertex -0.32643306 -0.266077 1.2313776
  vertex -0.5747178 -0.42959654 1.1503768
 endloop
endfacet
facet normal -0.017853066 -0.38353422 0.9233541
 outer loop
  vertex -0.1894533 -0.43651643 1.1549516
  vertex -0.5747178 -0.42959654 1.1503768
  vertex -0.4744464 -0.564546 1.0962615
 endloop
endfacet
facet normal -0.37861288 -0.3569703 0.8539464
 outer loop
  vertex -0.10382141 -0.054202214 1.3956417
  vertex -0.07411976 -0.10862713 1.3860595
  vertex -0.007959073 -0.020438394 1.4522581
 endloop
endfacet
facet normal 0.08325874 -0.30729 0.9479667
 outer loop
  vertex -0.5747178 -0.42959654 1.1503768
  vertex -0.7478329 -0.5653648 1.1215711
  vertex -0.6945991 -0.6645601 1.0847408
 endloop
endfacet
facet normal 0.09182652 -0.3110932 0.9459328
 outer loop
  vertex -0.5747178 -0.42959654 1.1503768
  vertex -0.6945991 -0.6645601 1.0847408
  vertex -0.4744464 -0.564546 1.0962615
 endloop
endfacet
facet normal 0.01592755 -0.36641672 0.9303144
 outer loop
  vertex 0.16530548 -0.22916321 1.2305467
  vertex -0.1894533 -0.43651643 1.1549516
  vertex -0.101073846 -0.5668786 1.1020936
 endloop
endfacet
facet normal 0.021132777 -0.45511097 0.8901839
 outer loop
  vertex -0.1894533 -0.43651643 1.1549516
  vertex -0.4744464 -0.564546 1.0962615
  vertex -0.26943722 -0.6084693 1.0689386
 endloop
endfacet
facet normal 0.19250032 -0.6096744 0.76892185
 outer loop
  vertex 0.16530548 -0.22916321 1.2305467
  vertex -0.07411976 -0.10862713 1.3860595
  vertex -0.1894533 -0.43651643 1.1549516
 endloop
endfacet
facet normal 0.2424493 -0.22066009 0.9447367
 outer loop
  vertex -0.75304866 -0.6927839 1.0931486
  vertex -0.6945991 -0.6645601 1.0847408
  vertex -0.7478329 -0.5653648 1.1215711
 endloop
endfacet
facet normal 0.19871661 -0.22111216 0.95478857
 outer loop
  vertex -0.75304866 -0.6927839 1.0931486
  vertex -0.7478329 -0.5653648 1.1215711
  vertex -0.81789696 -0.62914103 1.1213838
 endloop
endfacet
facet normal -0.383686 0.12966746 0.91431475
 outer loop
  vertex -0.5747178 -0.42959654 1.1503768
  vertex -0.32643306 -0.266077 1.2313776
  vertex -0.5016026 -0.030643586 1.1244799
 endloop
endfacet
facet normal -0.33206958 0.12157569 0.9353872
 outer loop
  vertex -0.5747178 -0.42959654 1.1503768
  vertex -0.5016026 -0.030643586 1.1244799
  vertex -0.6673005 -0.3106456 1.1020488
 endloop
endfacet
facet normal 0.22050695 -0.49385655 0.8411197
 outer loop
  vertex -0.101073846 -0.5668786 1.1020936
  vertex 0.16822186 -0.52158517 1.058089
  vertex 0.16530548 -0.22916321 1.2305467
 endloop
endfacet
facet normal -0.3264662 0.20529227 0.9226456
 outer loop
  vertex -0.6673005 -0.3106456 1.1020488
  vertex -0.8139096 -0.36727095 1.0627724
  vertex -0.81400687 -0.45435527 1.0821146
 endloop
endfacet
facet normal 0.18892561 -0.18660896 0.9640976
 outer loop
  vertex -0.101073846 -0.5668786 1.1020936
  vertex 0.035488 -0.63922775 1.061329
  vertex 0.16822186 -0.52158517 1.058089
 endloop
endfacet
facet normal -0.0024826904 -0.07839463 0.99691933
 outer loop
  vertex -0.753254 -0.24855757 1.1067171
  vertex -0.6673005 -0.3106456 1.1020488
  vertex -0.5016026 -0.030643586 1.1244799
 endloop
endfacet
facet normal -0.3955438 0.38896176 0.83201796
 outer loop
  vertex -0.753254 -0.24855757 1.1067171
  vertex -0.5016026 -0.030643586 1.1244799
  vertex -0.6548478 -0.06441015 1.0674123
 endloop
endfacet
facet normal 0.05809908 0.17859675 0.98220545
 outer loop
  vertex -0.6548478 -0.06441015 1.0674123
  vertex -0.7593794 -0.15872371 1.0907447
  vertex -0.753254 -0.24855757 1.1067171
 endloop
endfacet
facet normal -0.28630736 0.16480748 0.9438573
 outer loop
  vertex -0.81400687 -0.45435527 1.0821146
  vertex -0.7478329 -0.5653648 1.1215711
  vertex -0.5747178 -0.42959654 1.1503768
 endloop
endfacet
facet normal -0.2861206 0.1610656 0.94455963
 outer loop
  vertex -0.81400687 -0.45435527 1.0821146
  vertex -0.5747178 -0.42959654 1.1503768
  vertex -0.6673005 -0.3106456 1.1020488
 endloop
endfacet
facet normal -0.33100003 -0.33589447 0.8818242
 outer loop
  vertex -0.32643306 -0.266077 1.2313776
  vertex -0.07411976 -0.10862713 1.3860595
  vertex -0.10382141 -0.054202214 1.3956417
 endloop
endfacet
facet normal -0.20186879 0.21896815 0.9546213
 outer loop
  vertex -0.81789696 -0.62914103 1.1213838
  vertex -0.7478329 -0.5653648 1.1215711
  vertex -0.81400687 -0.45435527 1.0821146
 endloop
endfacet
facet normal -0.14920968 0.21991245 0.964041
 outer loop
  vertex -0.81789696 -0.62914103 1.1213838
  vertex -0.81400687 -0.45435527 1.0821146
  vertex -0.8840675 -0.5737134 1.0984983
 endloop
endfacet
facet normal -0.098510414 0.27703428 0.95579684
 outer loop
  vertex -0.8840675 -0.5737134 1.0984983
  vertex -0.86117375 -0.6637952 1.1269678
  vertex -0.81789696 -0.62914103 1.1213838
 endloop
endfacet
facet normal 0.22169383 -0.061534774 0.9731728
 outer loop
  vertex -0.55960023 -0.7027494 1.0515726
  vertex -0.6945991 -0.6645601 1.0847408
  vertex -0.63245064 -0.72810066 1.0665653
 endloop
endfacet
facet normal 0.12086292 -0.3720568 0.92030746
 outer loop
  vertex -0.6945991 -0.6645601 1.0847408
  vertex -0.55960023 -0.7027494 1.0515726
  vertex -0.4744464 -0.564546 1.0962615
 endloop
endfacet
facet normal 0.30453426 0.18775374 0.9338134
 outer loop
  vertex -0.4744464 -0.564546 1.0962615
  vertex -0.44162658 -0.65143234 1.1030278
  vertex -0.38199574 -0.69421077 1.0921822
 endloop
endfacet
facet normal 0.14730749 0.0739996 0.9863187
 outer loop
  vertex -0.4744464 -0.564546 1.0962615
  vertex -0.38199574 -0.69421077 1.0921822
  vertex -0.26943722 -0.6084693 1.0689386
 endloop
endfacet
facet normal -0.15700349 0.26235375 0.9521137
 outer loop
  vertex -0.5016026 -0.030643586 1.1244799
  vertex -0.48721495 0.26978818 1.0440688
  vertex -0.61991364 0.054458354 1.0815207
 endloop
endfacet
facet normal -0.49365923 0.31385845 0.81104463
 outer loop
  vertex -0.14865252 0.18097776 1.257417
  vertex -0.31995684 0.27505192 1.1167442
  vertex -0.5016026 -0.030643586 1.1244799
 endloop
endfacet
facet normal -0.39205515 0.2553259 0.8837995
 outer loop
  vertex -0.5016026 -0.030643586 1.1244799
  vertex -0.31995684 0.27505192 1.1167442
  vertex -0.48721495 0.26978818 1.0440688
 endloop
endfacet
facet normal -0.13357374 0.24914914 0.95920944
 outer loop
  vertex -0.48721495 0.26978818 1.0440688
  vertex -0.6219679 0.19819067 1.043901
  vertex -0.61991364 0.054458354 1.0815207
 endloop
endfacet
facet normal -0.18481047 -0.5219293 0.8327273
 outer loop
  vertex -0.1894533 -0.43651643 1.1549516
  vertex -0.07411976 -0.10862713 1.3860595
  vertex -0.32643306 -0.266077 1.2313776
 endloop
endfacet
facet normal 0.25419945 -0.16386019 0.9531697
 outer loop
  vertex -0.81789696 -0.62914103 1.1213838
  vertex -0.86117375 -0.6637952 1.1269678
  vertex -0.75304866 -0.6927839 1.0931486
 endloop
endfacet
facet normal -0.56452197 -0.045821 0.8241453
 outer loop
  vertex -0.5016026 -0.030643586 1.1244799
  vertex -0.32643306 -0.266077 1.2313776
  vertex -0.10382141 -0.054202214 1.3956417
 endloop
endfacet
facet normal -0.33393255 0.40901652 0.8492317
 outer loop
  vertex -0.058732938 0.067536525 1.4755414
  vertex -0.03563035 -0.03367566 1.5333726
  vertex -0.01037502 -0.0073231403 1.5306113
 endloop
endfacet
facet normal 0.41712368 0.46600562 0.78028625
 outer loop
  vertex 0.18514748 0.085649885 1.3343506
  vertex 0.011486832 0.46846232 1.198561
  vertex -0.058732938 0.067536525 1.4755414
 endloop
endfacet
facet normal -0.41648242 0.06623727 0.9067277
 outer loop
  vertex -0.43673584 0.19894744 1.2296864
  vertex -0.24782567 0.31811088 1.3077525
  vertex -0.38485834 0.5891085 1.2250134
 endloop
endfacet
facet normal -0.37899986 0.061452568 0.923354
 outer loop
  vertex -0.43673584 0.19894744 1.2296864
  vertex -0.38485834 0.5891085 1.2250134
  vertex -0.5334795 0.50306475 1.1697369
 endloop
endfacet
facet normal -0.31148964 0.4168332 0.8539463
 outer loop
  vertex -0.058732938 0.067536525 1.4755414
  vertex -0.11742145 0.04373178 1.4657536
  vertex -0.03563035 -0.03367566 1.5333726
 endloop
endfacet
facet normal -0.31477758 -0.047691148 0.9479666
 outer loop
  vertex -0.38485834 0.5891085 1.2250134
  vertex -0.5024808 0.7805929 1.1955895
  vertex -0.60934216 0.73812026 1.1579689
 endloop
endfacet
facet normal -0.31953233 -0.055769164 0.9459328
 outer loop
  vertex -0.38485834 0.5891085 1.2250134
  vertex -0.60934216 0.73812026 1.1579689
  vertex -0.5334795 0.50306475 1.1697369
 endloop
endfacet
facet normal -0.3658441 0.025941398 0.9303146
 outer loop
  vertex -0.26761705 -0.18520352 1.3069038
  vertex -0.43673584 0.19894744 1.2296864
  vertex -0.5793173 0.12443759 1.1756942
 endloop
endfacet
facet normal -0.4545531 0.03087946 0.8901842
 outer loop
  vertex -0.43673584 0.19894744 1.2296864
  vertex -0.5334795 0.50306475 1.1697369
  vertex -0.60192156 0.30013514 1.1418278
 endloop
endfacet
facet normal -0.6276427 -0.12175419 0.76892173
 outer loop
  vertex -0.26761705 -0.18520352 1.3069038
  vertex -0.11742145 0.04373178 1.4657536
  vertex -0.43673584 0.19894744 1.2296864
 endloop
endfacet
facet normal -0.2468568 -0.21571909 0.94473654
 outer loop
  vertex -0.6311786 0.800721 1.1665572
  vertex -0.60934216 0.73812026 1.1579689
  vertex -0.5024808 0.7805929 1.1955895
 endloop
endfacet
facet normal -0.24232098 -0.17221841 0.9547887
 outer loop
  vertex -0.6311786 0.800721 1.1665572
  vertex -0.5024808 0.7805929 1.1955895
  vertex -0.5590437 0.85911936 1.1953982
 endloop
endfacet
facet normal 0.17255507 0.36640638 0.9143146
 outer loop
  vertex -0.38485834 0.5891085 1.2250134
  vertex -0.24782567 0.31811088 1.3077525
  vertex 0.011486832 0.46846232 1.198561
 endloop
endfacet
facet normal 0.15863241 0.31604743 0.9353875
 outer loop
  vertex -0.38485834 0.5891085 1.2250134
  vertex 0.011486832 0.46846232 1.198561
  vertex -0.25336775 0.6692125 1.1756485
 endloop
endfacet
facet normal -0.5157719 -0.16277958 0.8411196
 outer loop
  vertex -0.5793173 0.12443759 1.1756942
  vertex -0.5647067 -0.15411735 1.1307454
  vertex -0.26761705 -0.18520352 1.3069038
 endloop
endfacet
facet normal 0.24116449 0.3009398 0.92264557
 outer loop
  vertex -0.25336775 0.6692125 1.1756485
  vertex -0.29376188 0.8245842 1.1355292
  vertex -0.3821239 0.8348219 1.1552863
 endloop
endfacet
facet normal -0.2069271 -0.1664245 0.96409756
 outer loop
  vertex -0.5793173 0.12443759 1.1756942
  vertex -0.6686367 -0.005722122 1.1340549
  vertex -0.5647067 -0.15411735 1.1307454
 endloop
endfacet
facet normal -0.07760066 0.011402351 0.9969192
 outer loop
  vertex -0.1803535 0.74920946 1.180417
  vertex -0.25336775 0.6692125 1.1756485
  vertex 0.011486832 0.46846232 1.198561
 endloop
endfacet
facet normal 0.43151155 0.34863207 0.83201766
 outer loop
  vertex -0.1803535 0.74920946 1.180417
  vertex 0.011486832 0.46846232 1.198561
  vertex -0.00493763 0.62790704 1.1402687
 endloop
endfacet
facet normal 0.17081055 -0.07807729 0.98220557
 outer loop
  vertex -0.00493763 0.62790704 1.1402687
  vertex -0.08847685 0.74496645 1.1641018
  vertex -0.1803535 0.74920946 1.180417
 endloop
endfacet
facet normal 0.19636758 0.2656568 0.9438571
 outer loop
  vertex -0.3821239 0.8348219 1.1552863
  vertex -0.5024808 0.7805929 1.1955895
  vertex -0.38485834 0.5891085 1.2250134
 endloop
endfacet
facet normal 0.19262703 0.26589784 0.94455975
 outer loop
  vertex -0.3821239 0.8348219 1.1552863
  vertex -0.38485834 0.5891085 1.2250134
  vertex -0.25336775 0.6692125 1.1756485
 endloop
endfacet
facet normal -0.29597807 0.36712834 0.8818241
 outer loop
  vertex -0.24782567 0.31811088 1.3077525
  vertex -0.11742145 0.04373178 1.4657536
  vertex -0.058732938 0.067536525 1.4755414
 endloop
endfacet
facet normal 0.24055076 0.1755956 0.95462114
 outer loop
  vertex -0.5590437 0.85911936 1.1953982
  vertex -0.5024808 0.7805929 1.1955895
  vertex -0.3821239 0.8348219 1.1552863
 endloop
endfacet
facet normal 0.2354866 0.12317051 0.964041
 outer loop
  vertex -0.5590437 0.85911936 1.1953982
  vertex -0.3821239 0.8348219 1.1552863
  vertex -0.49509165 0.91981584 1.1720217
 endloop
endfacet
facet normal 0.28645784 0.06629022 0.9557968
 outer loop
  vertex -0.49509165 0.91981584 1.1720217
  vertex -0.5891722 0.9070713 1.2011021
  vertex -0.5590437 0.85911936 1.1953982
 endloop
endfacet
facet normal -0.086401306 -0.21323554 0.97317284
 outer loop
  vertex -0.6638141 0.60556954 1.124089
  vertex -0.60934216 0.73812026 1.1579689
  vertex -0.681059 0.68244976 1.1394035
 endloop
endfacet
facet normal -0.38340828 -0.077667624 0.92030746
 outer loop
  vertex -0.60934216 0.73812026 1.1579689
  vertex -0.6638141 0.60556954 1.124089
  vertex -0.5334795 0.50306475 1.1697369
 endloop
endfacet
facet normal 0.1518196 -0.32395208 0.93381256
 outer loop
  vertex -0.5334795 0.50306475 1.1697369
  vertex -0.6254729 0.4798751 1.1766484
  vertex -0.6758272 0.42434222 1.1655699
 endloop
endfacet
facet normal 0.056725897 -0.15478101 0.9863189
 outer loop
  vertex -0.5334795 0.50306475 1.1697369
  vertex -0.6758272 0.42434222 1.1655699
  vertex -0.60192156 0.30013514 1.1418278
 endloop
endfacet
facet normal 0.27853975 0.12607755 0.95211345
 outer loop
  vertex 0.011486832 0.46846232 1.198561
  vertex 0.31469014 0.41888338 1.1164243
  vertex 0.111623004 0.5786164 1.1546798
 endloop
endfacet
facet normal 0.36808065 0.45466807 0.81104475
 outer loop
  vertex 0.18514748 0.085649885 1.3343506
  vertex 0.30055848 0.2485369 1.1906593
  vertex 0.011486832 0.46846232 1.198561
 endloop
endfacet
facet normal 0.29834914 0.3603985 0.8837991
 outer loop
  vertex 0.011486832 0.46846232 1.198561
  vertex 0.30055848 0.2485369 1.1906593
  vertex 0.31469014 0.41888338 1.1164243
 endloop
endfacet
facet normal 0.2627498 0.104304396 0.9592096
 outer loop
  vertex 0.31469014 0.41888338 1.1164243
  vertex 0.25772187 0.56396675 1.1162529
  vertex 0.111623004 0.5786164 1.1546798
 endloop
endfacet
facet normal -0.49746343 0.24309587 0.83272713
 outer loop
  vertex -0.43673584 0.19894744 1.2296864
  vertex -0.11742145 0.04373178 1.4657536
  vertex -0.24782567 0.31811088 1.3077525
 endloop
endfacet
facet normal -0.1917646 -0.23386718 0.9531697
 outer loop
  vertex -0.5590437 0.85911936 1.1953982
  vertex -0.5891722 0.9070713 1.2011021
  vertex -0.6311786 0.800721 1.1665572
 endloop
endfacet
facet normal 0.018822372 0.5660657 0.8241452
 outer loop
  vertex 0.011486832 0.46846232 1.198561
  vertex -0.24782567 0.31811088 1.3077525
  vertex -0.058732938 0.067536525 1.4755414
 endloop
endfacet
facet normal 0.5251772 -0.05472591 0.8492314
 outer loop
  vertex 0.058348674 -0.04576281 1.4728341
  vertex -0.022100091 0.005134589 1.5258647
  vertex -0.021492759 -0.028330408 1.5233326
 endloop
endfacet
facet normal 0.032621823 -0.62457085 0.78028655
 outer loop
  vertex -0.08856821 -0.21518551 1.343364
  vertex 0.27182987 -0.35192302 1.2188468
  vertex 0.058348674 -0.04576281 1.4728341
 endloop
endfacet
facet normal 0.3421029 0.24659781 0.90672773
 outer loop
  vertex 0.38915256 0.11310108 1.2473882
  vertex 0.343307 -0.08651463 1.3189739
  vertex 0.60760564 -0.17420119 1.2431033
 endloop
endfacet
facet normal 0.31214312 0.22356968 0.9233544
 outer loop
  vertex 0.38915256 0.11310108 1.2473882
  vertex 0.60760564 -0.17420119 1.2431033
  vertex 0.6486545 -0.022169538 1.1924155
 endloop
endfacet
facet normal 0.5147679 -0.076091245 0.85394615
 outer loop
  vertex 0.058348674 -0.04576281 1.4728341
  vertex 0.08113387 0.0076558627 1.4638588
  vertex -0.022100091 0.005134589 1.5258647
 endloop
endfacet
facet normal 0.18965495 0.2557139 0.94796705
 outer loop
  vertex 0.60760564 -0.17420119 1.2431033
  vertex 0.8078832 -0.22271712 1.2161219
  vertex 0.84993434 -0.12601809 1.1816244
 endloop
endfacet
facet normal 0.18733299 0.26479644 0.945933
 outer loop
  vertex 0.60760564 -0.17420119 1.2431033
  vertex 0.84993434 -0.12601809 1.1816244
  vertex 0.6486545 -0.022169538 1.1924155
 endloop
endfacet
facet normal 0.27778053 0.23948456 0.93031454
 outer loop
  vertex 0.030843403 0.253645 1.3181957
  vertex 0.38915256 0.11310108 1.2473882
  vertex 0.43372834 0.25372684 1.1978781
 endloop
endfacet
facet normal 0.3441825 0.2985137 0.8901843
 outer loop
  vertex 0.38915256 0.11310108 1.2473882
  vertex 0.6486545 -0.022169538 1.1924155
  vertex 0.5619994 0.15406044 1.1668231
 endloop
endfacet
facet normal 0.35936385 0.52878815 0.76892185
 outer loop
  vertex 0.030843403 0.253645 1.3181957
  vertex 0.08113387 0.0076558627 1.4638588
  vertex 0.38915256 0.11310108 1.2473882
 endloop
endfacet
facet normal 0.023035156 0.32701892 0.9447371
 outer loop
  vertex 0.9046015 -0.15262015 1.1894997
  vertex 0.84993434 -0.12601809 1.1816244
  vertex 0.8078832 -0.22271712 1.2161219
 endloop
endfacet
facet normal 0.050480653 0.29296777 0.9547888
 outer loop
  vertex 0.9046015 -0.15262015 1.1894997
  vertex 0.8078832 -0.22271712 1.2161219
  vertex 0.89543146 -0.23723088 1.2159466
 endloop
endfacet
facet normal 0.13588731 -0.38152722 0.9143149
 outer loop
  vertex 0.60760564 -0.17420119 1.2431033
  vertex 0.343307 -0.08651463 1.3189739
  vertex 0.27182987 -0.35192302 1.2188468
 endloop
endfacet
facet normal 0.11026473 -0.3359937 0.93538755
 outer loop
  vertex 0.60760564 -0.17420119 1.2431033
  vertex 0.27182987 -0.35192302 1.2188468
  vertex 0.5738596 -0.31129652 1.1978363
 endloop
endfacet
facet normal 0.25109455 0.47903043 0.84111905
 outer loop
  vertex 0.43372834 0.25372684 1.1978781
  vertex 0.24417074 0.42546093 1.1566604
  vertex 0.030843403 0.253645 1.3181957
 endloop
endfacet
facet normal 0.041074533 -0.38345376 0.9226463
 outer loop
  vertex 0.5738596 -0.31129652 1.1978363
  vertex 0.70056325 -0.3862434 1.1610476
  vertex 0.7646533 -0.3357862 1.1791645
 endloop
endfacet
facet normal 0.029460464 0.26390982 0.9640973
 outer loop
  vertex 0.43372834 0.25372684 1.1978781
  vertex 0.40768996 0.39612052 1.1596953
  vertex 0.24417074 0.42546093 1.1566604
 endloop
endfacet
facet normal 0.06307999 0.046613973 0.99691933
 outer loop
  vertex 0.57807857 -0.41052383 1.202209
  vertex 0.5738596 -0.31129652 1.1978363
  vertex 0.27182987 -0.35192302 1.2188468
 endloop
endfacet
facet normal -0.060320098 -0.5514584 0.8320187
 outer loop
  vertex 0.57807857 -0.41052383 1.202209
  vertex 0.27182987 -0.35192302 1.2188468
  vertex 0.38557577 -0.44501278 1.1653937
 endloop
endfacet
facet normal -0.17619272 -0.06502348 0.9822057
 outer loop
  vertex 0.38557577 -0.44501278 1.1653937
  vertex 0.5155773 -0.4671521 1.1872483
  vertex 0.57807857 -0.41052383 1.202209
 endloop
endfacet
facet normal 0.04797902 -0.32685006 0.9438576
 outer loop
  vertex 0.7646533 -0.3357862 1.1791645
  vertex 0.8078832 -0.22271712 1.2161219
  vertex 0.60760564 -0.17420119 1.2431033
 endloop
endfacet
facet normal 0.050800912 -0.32438532 0.94455993
 outer loop
  vertex 0.7646533 -0.3357862 1.1791645
  vertex 0.60760564 -0.17420119 1.2431033
  vertex 0.5738596 -0.31129652 1.1978363
 endloop
endfacet
facet normal 0.4687281 -0.051769428 0.88182425
 outer loop
  vertex 0.343307 -0.08651463 1.3189739
  vertex 0.08113387 0.0076558627 1.4638588
  vertex 0.058348674 -0.04576281 1.4728341
 endloop
endfacet
facet normal -0.04684613 -0.29411373 0.9546217
 outer loop
  vertex 0.89543146 -0.23723088 1.2159466
  vertex 0.8078832 -0.22271712 1.2161219
  vertex 0.7646533 -0.3357862 1.1791645
 endloop
endfacet
facet normal -0.08020671 -0.2533613 0.96404094
 outer loop
  vertex 0.89543146 -0.23723088 1.2159466
  vertex 0.7646533 -0.3357862 1.1791645
  vertex 0.89306915 -0.31804705 1.1945106
 endloop
endfacet
facet normal -0.15645732 -0.24894567 0.95579666
 outer loop
  vertex 0.89306915 -0.31804705 1.1945106
  vertex 0.94602317 -0.24894516 1.221177
  vertex 0.89543146 -0.23723088 1.2159466
 endloop
endfacet
facet normal -0.08902593 0.21215355 0.97317284
 outer loop
  vertex 0.7996848 -0.004594131 1.1505569
  vertex 0.84993434 -0.12601809 1.1816244
  vertex 0.86059576 -0.043451916 1.1646001
 endloop
endfacet
facet normal 0.21720451 0.32535636 0.9203073
 outer loop
  vertex 0.84993434 -0.12601809 1.1816244
  vertex 0.7996848 -0.004594131 1.1505569
  vertex 0.6486545 -0.022169538 1.1924155
 endloop
endfacet
facet normal -0.33603662 0.122760385 0.9338144
 outer loop
  vertex 0.6486545 -0.022169538 1.1924155
  vertex 0.69349945 0.05237695 1.1987531
  vertex 0.69035524 0.121045135 1.1885945
 endloop
endfacet
facet normal -0.14934243 0.0698003 0.9863188
 outer loop
  vertex 0.6486545 -0.022169538 1.1924155
  vertex 0.69035524 0.121045135 1.1885945
  vertex 0.5619994 0.15406044 1.1668231
 endloop
endfacet
facet normal -0.108696476 -0.2857701 0.9521137
 outer loop
  vertex 0.27182987 -0.35192302 1.2188468
  vertex 0.042572547 -0.5156628 1.1435287
  vertex 0.2779013 -0.48829648 1.1786084
 endloop
endfacet
facet normal 0.059416626 -0.5819579 0.8110455
 outer loop
  vertex -0.08856821 -0.21518551 1.343364
  vertex -0.05834585 -0.39573115 1.2116011
  vertex 0.27182987 -0.35192302 1.2188468
 endloop
endfacet
facet normal 0.042426456 -0.46593848 0.8837994
 outer loop
  vertex 0.27182987 -0.35192302 1.2188468
  vertex -0.05834585 -0.39573115 1.2116011
  vertex 0.042572547 -0.5156628 1.1435287
 endloop
endfacet
facet normal -0.11284439 -0.25919715 0.9592096
 outer loop
  vertex 0.042572547 -0.5156628 1.1435287
  vertex 0.17340605 -0.5732045 1.1433715
  vertex 0.2779013 -0.48829648 1.1786084
 endloop
endfacet
facet normal 0.52421147 0.17823522 0.83272725
 outer loop
  vertex 0.38915256 0.11310108 1.2473882
  vertex 0.08113387 0.0076558627 1.4638588
  vertex 0.343307 -0.08651463 1.3189739
 endloop
endfacet
facet normal -0.02883493 0.30105785 0.95316976
 outer loop
  vertex 0.89543146 -0.23723088 1.2159466
  vertex 0.94602317 -0.24894516 1.221177
  vertex 0.9046015 -0.15262015 1.1894997
 endloop
endfacet
facet normal 0.38567105 -0.41477945 0.8241455
 outer loop
  vertex 0.27182987 -0.35192302 1.2188468
  vertex 0.343307 -0.08651463 1.3189739
  vertex 0.058348674 -0.04576281 1.4728341
 endloop
endfacet
facet normal 0.50129396 0.16585603 0.84923273
 outer loop
  vertex 0.04474095 -0.021155557 1.6009836
  vertex -0.035750493 -0.009751912 1.6462698
  vertex -0.023537183 -0.035593778 1.6441073
 endloop
endfacet
facet normal 0.28632972 -0.55602944 0.78028625
 outer loop
  vertex -0.010206308 -0.20460603 1.4904206
  vertex 0.31836116 -0.18462838 1.3840872
  vertex 0.04474095 -0.021155557 1.6009836
 endloop
endfacet
facet normal 0.21059246 0.36537054 0.9067278
 outer loop
  vertex 0.24656187 0.21858679 1.4084606
  vertex 0.28089863 0.047087528 1.4695922
  vertex 0.5174373 0.07154052 1.4048014
 endloop
endfacet
facet normal 0.1927383 0.33206746 0.9233543
 outer loop
  vertex 0.24656187 0.21858679 1.4084606
  vertex 0.5174373 0.07154052 1.4048014
  vertex 0.49605983 0.20430936 1.3615158
 endloop
endfacet
facet normal 0.50058115 0.14210665 0.8539462
 outer loop
  vertex 0.04474095 -0.021155557 1.6009836
  vertex 0.043740127 0.028428448 1.5933189
  vertex -0.035750493 -0.009751912 1.6462698
 endloop
endfacet
facet normal 0.067857526 0.3110534 0.9479669
 outer loop
  vertex 0.5174373 0.07154052 1.4048014
  vertex 0.69038856 0.10403033 1.3817604
  vertex 0.6892037 0.1940703 1.3523006
 endloop
endfacet
facet normal 0.062009703 0.3183796 0.945933
 outer loop
  vertex 0.5174373 0.07154052 1.4048014
  vertex 0.6892037 0.1940703 1.3523006
  vertex 0.49605983 0.20430936 1.3615158
 endloop
endfacet
facet normal 0.1548709 0.33246055 0.9303145
 outer loop
  vertex -0.081714556 0.20230556 1.4689276
  vertex 0.24656187 0.21858679 1.4084606
  vertex 0.23193194 0.34371263 1.3661807
 endloop
endfacet
facet normal 0.19116029 0.41355792 0.89018404
 outer loop
  vertex 0.24656187 0.21858679 1.4084606
  vertex 0.49605983 0.20430936 1.3615158
  vertex 0.3667661 0.31111616 1.3396608
 endloop
endfacet
facet normal 0.11039921 0.62973934 0.7689215
 outer loop
  vertex -0.081714556 0.20230556 1.4689276
  vertex 0.043740127 0.028428448 1.5933189
  vertex 0.24656187 0.21858679 1.4084606
 endloop
endfacet
facet normal -0.11334639 0.30761197 0.9447367
 outer loop
  vertex 0.7410989 0.19253747 1.359026
  vertex 0.6892037 0.1940703 1.3523006
  vertex 0.69038856 0.10403033 1.3817604
 endloop
endfacet
facet normal -0.07433257 0.28784105 0.9547891
 outer loop
  vertex 0.7410989 0.19253747 1.359026
  vertex 0.69038856 0.10403033 1.3817604
  vertex 0.7636431 0.12344476 1.3816105
 endloop
endfacet
facet normal 0.2806305 -0.29201862 0.9143148
 outer loop
  vertex 0.5174373 0.07154052 1.4048014
  vertex 0.28089863 0.047087528 1.4695922
  vertex 0.31836116 -0.18462838 1.3840872
 endloop
endfacet
facet normal 0.2385645 -0.26103196 0.93538725
 outer loop
  vertex 0.5174373 0.07154052 1.4048014
  vertex 0.31836116 -0.18462838 1.3840872
  vertex 0.5392603 -0.04703719 1.3661449
 endloop
endfacet
facet normal 0.03213047 0.5398942 0.8411194
 outer loop
  vertex 0.23193194 0.34371263 1.3661807
  vertex 0.024098445 0.410918 1.3309823
  vertex -0.081714556 0.20230556 1.4689276
 endloop
endfacet
facet normal 0.1949799 -0.33272755 0.92264575
 outer loop
  vertex 0.5392603 -0.04703719 1.3661449
  vertex 0.6642018 -0.06093757 1.3347286
  vertex 0.69639874 0.0008316526 1.3501999
 endloop
endfacet
facet normal -0.081560254 0.25271302 0.96409756
 outer loop
  vertex 0.23193194 0.34371263 1.3661807
  vertex 0.16170345 0.44544148 1.3335739
  vertex 0.024098445 0.410918 1.3309823
 endloop
endfacet
facet normal 0.038360618 0.06841431 0.9969192
 outer loop
  vertex 0.5773569 -0.12281277 1.3698791
  vertex 0.5392603 -0.04703719 1.3661449
  vertex 0.31836116 -0.18462838 1.3840872
 endloop
endfacet
facet normal 0.17155696 -0.52755505 0.832018
 outer loop
  vertex 0.5773569 -0.12281277 1.3698791
  vertex 0.31836116 -0.18462838 1.3840872
  vertex 0.43957913 -0.21720026 1.3384401
 endloop
endfacet
facet normal -0.1339234 -0.13166954 0.98220545
 outer loop
  vertex 0.43957913 -0.21720026 1.3384401
  vertex 0.5485618 -0.18882911 1.3571031
  vertex 0.5773569 -0.12281277 1.3698791
 endloop
endfacet
facet normal 0.17802031 -0.27828458 0.94385725
 outer loop
  vertex 0.69639874 0.0008316526 1.3501999
  vertex 0.69038856 0.10403033 1.3817604
  vertex 0.5174373 0.07154052 1.4048014
 endloop
endfacet
facet normal 0.17958075 -0.27487752 0.94455975
 outer loop
  vertex 0.69639874 0.0008316526 1.3501999
  vertex 0.5174373 0.07154052 1.4048014
  vertex 0.5392603 -0.04703719 1.3661449
 endloop
endfacet
facet normal 0.4486146 0.14536707 0.8818239
 outer loop
  vertex 0.28089863 0.047087528 1.4695922
  vertex 0.043740127 0.028428448 1.5933189
  vertex 0.04474095 -0.021155557 1.6009836
 endloop
endfacet
facet normal 0.07812002 -0.2873945 0.95462126
 outer loop
  vertex 0.7636431 0.12344476 1.3816105
  vertex 0.69038856 0.10403033 1.3817604
  vertex 0.69639874 0.0008316526 1.3501999
 endloop
endfacet
facet normal 0.030959977 -0.2639438 0.96404105
 outer loop
  vertex 0.7636431 0.12344476 1.3816105
  vertex 0.69639874 0.0008316526 1.3501999
  vertex 0.7901564 0.05969467 1.363305
 endloop
endfacet
facet normal -0.040373348 -0.2912436 0.9557966
 outer loop
  vertex 0.7901564 0.05969467 1.363305
  vertex 0.8071422 0.1320733 1.3860772
  vertex 0.7636431 0.12344476 1.3816105
 endloop
endfacet
facet normal -0.16832241 0.15685087 0.9731727
 outer loop
  vertex 0.6074819 0.27097872 1.3257701
  vertex 0.6892037 0.1940703 1.3523006
  vertex 0.6685379 0.26209438 1.3377625
 endloop
endfacet
facet normal 0.06436463 0.3858643 0.9203075
 outer loop
  vertex 0.6892037 0.1940703 1.3523006
  vertex 0.6074819 0.27097872 1.3257701
  vertex 0.49605983 0.20430936 1.3615158
 endloop
endfacet
facet normal -0.35680634 -0.02612977 0.93381286
 outer loop
  vertex 0.49605983 0.20430936 1.3615158
  vertex 0.50482184 0.27808207 1.366928
  vertex 0.4782831 0.33044216 1.3582528
 endloop
endfacet
facet normal -0.16483392 0.0022844705 0.98631865
 outer loop
  vertex 0.49605983 0.20430936 1.3615158
  vertex 0.4782831 0.33044216 1.3582528
  vertex 0.3667661 0.31111616 1.3396608
 endloop
endfacet
facet normal 0.018300947 -0.30519617 0.9521137
 outer loop
  vertex 0.31836116 -0.18462838 1.3840872
  vertex 0.19731213 -0.39254162 1.3197682
  vertex 0.37093183 -0.28867498 1.349725
 endloop
endfacet
facet normal 0.29325253 -0.50617117 0.8110448
 outer loop
  vertex -0.010206308 -0.20460603 1.4904206
  vertex 0.07666446 -0.33457103 1.3778995
  vertex 0.31836116 -0.18462838 1.3840872
 endloop
endfacet
facet normal 0.2300981 -0.4073732 0.88379973
 outer loop
  vertex 0.31836116 -0.18462838 1.3840872
  vertex 0.07666446 -0.33457103 1.3778995
  vertex 0.19731213 -0.39254162 1.3197682
 endloop
endfacet
facet normal 0.0036017308 -0.28267214 0.9592098
 outer loop
  vertex 0.19731213 -0.39254162 1.3197682
  vertex 0.31936282 -0.39144197 1.319634
  vertex 0.37093183 -0.28867498 1.349725
 endloop
endfacet
facet normal 0.4047087 0.37785774 0.832727
 outer loop
  vertex 0.24656187 0.21858679 1.4084606
  vertex 0.043740127 0.028428448 1.5933189
  vertex 0.28089863 0.047087528 1.4695922
 endloop
endfacet
facet normal -0.14997108 0.26263183 0.9531701
 outer loop
  vertex 0.7636431 0.12344476 1.3816105
  vertex 0.8071422 0.1320733 1.3860772
  vertex 0.7410989 0.19253747 1.359026
 endloop
endfacet
facet normal 0.5220235 -0.21971828 0.82414526
 outer loop
  vertex 0.31836116 -0.18462838 1.3840872
  vertex 0.28089863 0.047087528 1.4695922
  vertex 0.04474095 -0.021155557 1.6009836
 endloop
endfacet
facet normal 0.042024452 -0.526345 0.84923196
 outer loop
  vertex -0.06268321 -0.103132896 1.7407981
  vertex -0.02675743 -0.013340652 1.7946726
  vertex -0.060071632 -0.020150995 1.7921002
 endloop
endfacet
facet normal -0.6081322 -0.14604266 0.78028643
 outer loop
  vertex -0.25914773 0.0122088585 1.6092675
  vertex -0.32891887 -0.373126 1.4827685
  vertex -0.06268321 -0.103132896 1.7407981
 endloop
endfacet
facet normal 0.30488268 -0.29136118 0.90672773
 outer loop
  vertex 0.15732342 -0.4041091 1.5117643
  vertex -0.050563227 -0.39532042 1.5844892
  vertex -0.08915426 -0.6755725 1.5074111
 endloop
endfacet
facet normal 0.27677485 -0.26610708 0.9233541
 outer loop
  vertex 0.15732342 -0.4041091 1.5117643
  vertex -0.08915426 -0.6755725 1.5074111
  vertex 0.07031338 -0.6883911 1.4559165
 endloop
endfacet
facet normal 0.01911998 -0.5200096 0.8539464
 outer loop
  vertex -0.06268321 -0.103132896 1.7407981
  vertex -0.005101625 -0.11598938 1.7316799
  vertex -0.02675743 -0.013340652 1.7946726
 endloop
endfacet
facet normal 0.2860283 -0.13980931 0.9479669
 outer loop
  vertex -0.08915426 -0.6755725 1.5074111
  vertex -0.100487515 -0.8846152 1.4800004
  vertex 0.0038965233 -0.9086923 1.4449538
 endloop
endfacet
facet normal 0.2945349 -0.1358689 0.9459328
 outer loop
  vertex -0.08915426 -0.6755725 1.5074111
  vertex 0.0038965233 -0.9086923 1.4449538
  vertex 0.07031338 -0.6883911 1.4559165
 endloop
endfacet
facet normal 0.2861518 -0.22941652 0.93031454
 outer loop
  vertex 0.23128389 -0.020155126 1.5836985
  vertex 0.15732342 -0.4041091 1.5117643
  vertex 0.3060521 -0.42256492 1.4614662
 endloop
endfacet
facet normal 0.35630608 -0.2839329 0.89018434
 outer loop
  vertex 0.15732342 -0.4041091 1.5117643
  vertex 0.07031338 -0.6883911 1.4559165
  vertex 0.23027818 -0.5691656 1.429917
 endloop
endfacet
facet normal 0.5854849 -0.25683948 0.76892185
 outer loop
  vertex 0.23128389 -0.020155126 1.5836985
  vertex -0.005101625 -0.11598938 1.7316799
  vertex 0.15732342 -0.4041091 1.5117643
 endloop
endfacet
facet normal 0.32573196 0.037023485 0.94473696
 outer loop
  vertex -0.012541007 -0.9682287 1.4529544
  vertex 0.0038965233 -0.9086923 1.4449538
  vertex -0.100487515 -0.8846152 1.4800004
 endloop
endfacet
facet normal 0.2972606 0.0038252969 0.95478874
 outer loop
  vertex -0.012541007 -0.9682287 1.4529544
  vertex -0.100487515 -0.8846152 1.4800004
  vertex -0.098755136 -0.974754 1.4798222
 endloop
endfacet
facet normal -0.35032588 -0.20322493 0.9143147
 outer loop
  vertex -0.08915426 -0.6755725 1.5074111
  vertex -0.050563227 -0.39532042 1.5844892
  vertex -0.32891887 -0.373126 1.4827685
 endloop
endfacet
facet normal -0.31023172 -0.16972327 0.93538773
 outer loop
  vertex -0.08915426 -0.6755725 1.5074111
  vertex -0.32891887 -0.373126 1.4827685
  vertex -0.2323489 -0.6672796 1.4614238
 endloop
endfacet
facet normal 0.51680565 -0.15946767 0.84111947
 outer loop
  vertex 0.3060521 -0.42256492 1.4614662
  vertex 0.4424501 -0.20138788 1.4195926
  vertex 0.23128389 -0.020155126 1.5836985
 endloop
endfacet
facet normal -0.36952317 -0.11035665 0.92264515
 outer loop
  vertex -0.2323489 -0.6672796 1.4614238
  vertex -0.28372195 -0.8077321 1.4240493
  vertex -0.22144134 -0.8623952 1.4424547
 endloop
endfacet
facet normal 0.26485333 0.019191632 0.9640977
 outer loop
  vertex 0.3060521 -0.42256492 1.4614662
  vertex 0.4434562 -0.37015948 1.4226758
  vertex 0.4424501 -0.20138788 1.4195926
 endloop
endfacet
facet normal 0.05734088 -0.05351496 0.99691933
 outer loop
  vertex -0.3306808 -0.68988836 1.465866
  vertex -0.2323489 -0.6672796 1.4614238
  vertex -0.32891887 -0.373126 1.4827685
 endloop
endfacet
facet normal -0.5532074 -0.04131974 0.83201814
 outer loop
  vertex -0.3306808 -0.68988836 1.465866
  vertex -0.32891887 -0.373126 1.4827685
  vertex -0.4008163 -0.50399894 1.4284647
 endloop
endfacet
facet normal -0.096083514 0.1613697 0.98220557
 outer loop
  vertex -0.4008163 -0.50399894 1.4284647
  vertex -0.39883074 -0.63795614 1.4506671
  vertex -0.3306808 -0.68988836 1.465866
 endloop
endfacet
facet normal -0.3126085 -0.106815316 0.94385725
 outer loop
  vertex -0.22144134 -0.8623952 1.4424547
  vertex -0.100487515 -0.8846152 1.4800004
  vertex -0.08915426 -0.6755725 1.5074111
 endloop
endfacet
facet normal -0.30966887 -0.109141156 0.94455993
 outer loop
  vertex -0.22144134 -0.8623952 1.4424547
  vertex -0.08915426 -0.6755725 1.5074111
  vertex -0.2323489 -0.6672796 1.4614238
 endloop
endfacet
facet normal 0.03463229 -0.47030494 0.88182425
 outer loop
  vertex -0.050563227 -0.39532042 1.5844892
  vertex -0.005101625 -0.11598938 1.7316799
  vertex -0.06268321 -0.103132896 1.7407981
 endloop
endfacet
facet normal -0.29772508 -0.007609414 0.9546213
 outer loop
  vertex -0.098755136 -0.974754 1.4798222
  vertex -0.100487515 -0.8846152 1.4800004
  vertex -0.22144134 -0.8623952 1.4424547
 endloop
endfacet
facet normal -0.26374245 0.032629468 0.96404105
 outer loop
  vertex -0.098755136 -0.974754 1.4798222
  vertex -0.22144134 -0.8623952 1.4424547
  vertex -0.1799169 -0.987376 1.4580451
 endloop
endfacet
facet normal -0.27331474 0.108405285 0.9557967
 outer loop
  vertex -0.1799169 -0.987376 1.4580451
  vertex -0.10107742 -1.0274597 1.4851359
  vertex -0.098755136 -0.974754 1.4798222
 endloop
endfacet
facet normal 0.19234714 0.12624232 0.97317284
 outer loop
  vertex 0.11586662 -0.8359908 1.413392
  vertex 0.0038965233 -0.9086923 1.4449538
  vertex 0.08834483 -0.9040356 1.4276586
 endloop
endfacet
facet normal 0.35952723 -0.15418774 0.9203077
 outer loop
  vertex 0.0038965233 -0.9086923 1.4449538
  vertex 0.11586662 -0.8359908 1.413392
  vertex 0.07031338 -0.6883911 1.4559165
 endloop
endfacet
facet normal 0.059380654 0.3528007 0.93381244
 outer loop
  vertex 0.07031338 -0.6883911 1.4559165
  vertex 0.15308811 -0.7193655 1.4623553
  vertex 0.22109507 -0.7034952 1.4520348
 endloop
endfacet
facet normal 0.04137628 0.15957235 0.9863187
 outer loop
  vertex 0.07031338 -0.6883911 1.4559165
  vertex 0.22109507 -0.7034952 1.4520348
  vertex 0.23027818 -0.5691656 1.429917
 endloop
endfacet
facet normal -0.3008074 0.054725643 0.95211345
 outer loop
  vertex -0.32891887 -0.373126 1.4827685
  vertex -0.5349712 -0.17448436 1.4062515
  vertex -0.46401107 -0.40447128 1.4418896
 endloop
endfacet
facet normal -0.56134593 -0.16461155 0.8110448
 outer loop
  vertex -0.25914773 0.0122088585 1.6092675
  vertex -0.43388462 -0.05144838 1.4754074
  vertex -0.32891887 -0.373126 1.4827685
 endloop
endfacet
facet normal -0.45037428 -0.1267358 0.88379914
 outer loop
  vertex -0.32891887 -0.373126 1.4827685
  vertex -0.43388462 -0.05144838 1.4754074
  vertex -0.5349712 -0.17448436 1.4062515
 endloop
endfacet
facet normal -0.2754383 0.06365254 0.9592091
 outer loop
  vertex -0.5349712 -0.17448436 1.4062515
  vertex -0.5681935 -0.31583554 1.4060917
  vertex -0.46401107 -0.40447128 1.4418896
 endloop
endfacet
facet normal 0.2708982 -0.4828865 0.8327274
 outer loop
  vertex 0.15732342 -0.4041091 1.5117643
  vertex -0.005101625 -0.11598938 1.7316799
  vertex -0.050563227 -0.39532042 1.5844892
 endloop
endfacet
facet normal 0.29074177 0.08328735 0.9531697
 outer loop
  vertex -0.098755136 -0.974754 1.4798222
  vertex -0.10107742 -1.0274597 1.4851359
  vertex -0.012541007 -0.9682287 1.4529544
 endloop
endfacet
facet normal -0.33744058 -0.45488262 0.82414544
 outer loop
  vertex -0.32891887 -0.373126 1.4827685
  vertex -0.050563227 -0.39532042 1.5844892
  vertex -0.06268321 -0.103132896 1.7407981
 endloop
endfacet
facet normal -0.39457452 0.35087886 0.84923196
 outer loop
  vertex -0.07842955 0.057049952 1.7328119
  vertex -0.043206945 -0.030200852 1.7852268
  vertex -0.02439478 -0.002988443 1.782724
 endloop
endfacet
facet normal 0.3379355 0.5262635 0.78028613
 outer loop
  vertex 0.13720787 0.10831578 1.6048449
  vertex -0.07322337 0.42591998 1.481773
  vertex -0.07842955 0.057049952 1.7328119
 endloop
endfacet
facet normal -0.42171612 -0.0006553018 0.9067276
 outer loop
  vertex -0.43558258 0.12030934 1.5099834
  vertex -0.28366187 0.2541001 1.580738
  vertex -0.4452429 0.47690973 1.5057482
 endloop
endfacet
facet normal -0.38394907 0.00056527095 0.92335415
 outer loop
  vertex -0.43558258 0.12030934 1.5099834
  vertex -0.4452429 0.47690973 1.5057482
  vertex -0.56587106 0.37854818 1.4556488
 endloop
endfacet
facet normal -0.37365672 0.3621553 0.85394627
 outer loop
  vertex -0.07842955 0.057049952 1.7328119
  vertex -0.1275263 0.027311591 1.7239408
  vertex -0.043206945 -0.030200852 1.7852268
 endloop
endfacet
facet normal -0.30323002 -0.09701131 0.9479664
 outer loop
  vertex -0.4452429 0.47690973 1.5057482
  vertex -0.57802474 0.63135564 1.4790801
  vertex -0.6675464 0.5779872 1.4449829
 endloop
endfacet
facet normal -0.30664328 -0.105740786 0.94593275
 outer loop
  vertex -0.4452429 0.47690973 1.5057482
  vertex -0.6675464 0.5779872 1.4449829
  vertex -0.56587106 0.37854818 1.4556488
 endloop
endfacet
facet normal -0.36532825 -0.032410286 0.93031436
 outer loop
  vertex -0.22902334 -0.1991456 1.5799687
  vertex -0.43558258 0.12030934 1.5099834
  vertex -0.5524639 0.033137254 1.461048
 endloop
endfacet
facet normal -0.4536971 -0.04160358 0.89018434
 outer loop
  vertex -0.43558258 0.12030934 1.5099834
  vertex -0.56587106 0.37854818 1.4556488
  vertex -0.59794754 0.18711442 1.4303536
 endloop
endfacet
facet normal -0.6003884 -0.21975744 0.7689216
 outer loop
  vertex -0.22902334 -0.1991456 1.5799687
  vertex -0.1275263 0.027311591 1.7239408
  vertex -0.43558258 0.12030934 1.5099834
 endloop
endfacet
facet normal -0.2095198 -0.25213972 0.9447365
 outer loop
  vertex -0.6960859 0.63086784 1.4527668
  vertex -0.6675464 0.5779872 1.4449829
  vertex -0.57802474 0.63135564 1.4790801
 endloop
endfacet
facet normal -0.21194074 -0.20846859 0.954789
 outer loop
  vertex -0.6960859 0.63086784 1.4527668
  vertex -0.57802474 0.63135564 1.4790801
  vertex -0.6399289 0.69349587 1.4789065
 endloop
endfacet
facet normal 0.1122596 0.3891362 0.91431445
 outer loop
  vertex -0.4452429 0.47690973 1.5057482
  vertex -0.28366187 0.2541001 1.580738
  vertex -0.07322337 0.42591998 1.481773
 endloop
endfacet
facet normal 0.10650014 0.3372071 0.93538713
 outer loop
  vertex -0.4452429 0.47690973 1.5057482
  vertex -0.07322337 0.42591998 1.481773
  vertex -0.3390906 0.56749356 1.4610065
 endloop
endfacet
facet normal -0.48342702 -0.2425206 0.8411196
 outer loop
  vertex -0.5524639 0.033137254 1.461048
  vertex -0.49934828 -0.21403283 1.4203091
  vertex -0.22902334 -0.1991456 1.5799687
 endloop
endfacet
facet normal 0.19038405 0.33537933 0.92264545
 outer loop
  vertex -0.3390906 0.56749356 1.4610065
  vertex -0.3975721 0.7007245 1.4246448
  vertex -0.47811604 0.6971842 1.4425516
 endloop
endfacet
facet normal -0.17791155 -0.19713634 0.9640979
 outer loop
  vertex -0.5524639 0.033137254 1.461048
  vertex -0.6136832 -0.096177965 1.4233087
  vertex -0.49934828 -0.21403283 1.4203091
 endloop
endfacet
facet normal -0.078426994 -0.0010499788 0.9969193
 outer loop
  vertex -0.28525156 0.6495758 1.4653285
  vertex -0.3390906 0.56749356 1.4610065
  vertex -0.07322337 0.42591998 1.481773
 endloop
endfacet
facet normal 0.37075606 0.41265598 0.8320186
 outer loop
  vertex -0.28525156 0.6495758 1.4653285
  vertex -0.07322337 0.42591998 1.481773
  vertex -0.110840574 0.56624126 1.4289405
 endloop
endfacet
facet normal 0.18103069 -0.049999412 0.9822056
 outer loop
  vertex -0.110840574 0.56624126 1.4289405
  vertex -0.20242403 0.65898573 1.4505415
  vertex -0.28525156 0.6495758 1.4653285
 endloop
endfacet
facet normal 0.15174888 0.29343826 0.94385713
 outer loop
  vertex -0.47811604 0.6971842 1.4425516
  vertex -0.57802474 0.63135564 1.4790801
  vertex -0.4452429 0.47690973 1.5057482
 endloop
endfacet
facet normal 0.14801879 0.29308313 0.9445596
 outer loop
  vertex -0.47811604 0.6971842 1.4425516
  vertex -0.4452429 0.47690973 1.5057482
  vertex -0.3390906 0.56749356 1.4610065
 endloop
endfacet
facet normal -0.3504583 0.31553963 0.8818241
 outer loop
  vertex -0.28366187 0.2541001 1.580738
  vertex -0.1275263 0.027311591 1.7239408
  vertex -0.07842955 0.057049952 1.7328119
 endloop
endfacet
facet normal 0.20965566 0.2115255 0.9546211
 outer loop
  vertex -0.6399289 0.69349587 1.4789065
  vertex -0.57802474 0.63135564 1.4790801
  vertex -0.47811604 0.6971842 1.4425516
 endloop
endfacet
facet normal 0.2129702 0.15896091 0.964041
 outer loop
  vertex -0.6399289 0.69349587 1.4789065
  vertex -0.47811604 0.6971842 1.4425516
  vertex -0.59142506 0.75700414 1.4577194
 endloop
endfacet
facet normal 0.27231914 0.11088333 0.95579666
 outer loop
  vertex -0.59142506 0.75700414 1.4577194
  vertex -0.6737829 0.73207575 1.4840763
  vertex -0.6399289 0.69349587 1.4789065
 endloop
endfacet
facet normal -0.051489055 -0.22424018 0.9731728
 outer loop
  vertex -0.6972382 0.4515416 1.4142761
  vertex -0.6675464 0.5779872 1.4449829
  vertex -0.72372127 0.5178605 1.4281563
 endloop
endfacet
facet normal -0.366238 -0.137493 0.9203072
 outer loop
  vertex -0.6675464 0.5779872 1.4449829
  vertex -0.6972382 0.4515416 1.4142761
  vertex -0.56587106 0.37854818 1.4556488
 endloop
endfacet
facet normal 0.20127708 -0.29577327 0.93381244
 outer loop
  vertex -0.56587106 0.37854818 1.4556488
  vertex -0.64485973 0.34457278 1.461913
  vertex -0.68193763 0.2876399 1.4518721
 endloop
endfacet
facet normal 0.080556564 -0.14382544 0.9863189
 outer loop
  vertex -0.56587106 0.37854818 1.4556488
  vertex -0.68193763 0.2876399 1.4518721
  vertex -0.59794754 0.18711442 1.4303536
 endloop
endfacet
facet normal 0.25501767 0.16865784 0.95211375
 outer loop
  vertex -0.07322337 0.42591998 1.481773
  vertex 0.20523083 0.4251375 1.4073294
  vertex 0.0005512722 0.5388876 1.4420018
 endloop
endfacet
facet normal 0.2913109 0.507291 0.8110449
 outer loop
  vertex 0.13720787 0.10831578 1.6048449
  vertex 0.21707137 0.2706682 1.4746116
  vertex -0.07322337 0.42591998 1.481773
 endloop
endfacet
facet normal 0.23741297 0.40315497 0.8837993
 outer loop
  vertex -0.07322337 0.42591998 1.481773
  vertex 0.21707137 0.2706682 1.4746116
  vertex 0.20523083 0.4251375 1.4073294
 endloop
endfacet
facet normal 0.24288125 0.14465693 0.9592096
 outer loop
  vertex 0.20523083 0.4251375 1.4073294
  vertex 0.1333965 0.5467792 1.407174
  vertex 0.0005512722 0.5388876 1.4420018
 endloop
endfacet
facet normal -0.52972203 0.16112137 0.8327271
 outer loop
  vertex -0.43558258 0.12030934 1.5099834
  vertex -0.1275263 0.027311591 1.7239408
  vertex -0.28366187 0.2541001 1.580738
 endloop
endfacet
facet normal -0.15224443 -0.26132104 0.95316994
 outer loop
  vertex -0.6399289 0.69349587 1.4789065
  vertex -0.6737829 0.73207575 1.4840763
  vertex -0.6960859 0.63086784 1.4527668
 endloop
endfacet
facet normal -0.07119336 0.56188655 0.824145
 outer loop
  vertex -0.07322337 0.42591998 1.481773
  vertex -0.28366187 0.2541001 1.580738
  vertex -0.07842955 0.057049952 1.7328119
 endloop
endfacet
facet normal 0.26563066 0.45633918 0.849232
 outer loop
  vertex 0.016087301 0.036890812 1.9215472
  vertex -0.06097634 -0.013972872 1.9729837
  vertex -0.031140348 -0.026769456 1.9705276
 endloop
endfacet
facet normal 0.5828425 -0.22682093 0.78028643
 outer loop
  vertex 0.10737543 -0.16053593 1.7959688
  vertex 0.37189165 0.103692755 1.6751943
  vertex 0.016087301 0.036890812 1.9215472
 endloop
endfacet
facet normal -0.08430101 0.41320527 0.9067275
 outer loop
  vertex 0.00740375 0.39272675 1.7028778
  vertex 0.16566291 0.27265024 1.7723117
  vertex 0.34851262 0.47143918 1.6987215
 endloop
endfacet
facet normal -0.0756125 0.37643054 0.92335415
 outer loop
  vertex 0.00740375 0.39272675 1.7028778
  vertex 0.34851262 0.47143918 1.6987215
  vertex 0.23042218 0.5683148 1.6495572
 endloop
endfacet
facet normal 0.28083283 0.43807378 0.8539463
 outer loop
  vertex 0.016087301 0.036890812 1.9215472
  vertex -0.02207385 0.07832431 1.9128417
  vertex -0.06097634 -0.013972872 1.9729837
 endloop
endfacet
facet normal -0.15523656 0.27795783 0.9479668
 outer loop
  vertex 0.34851262 0.47143918 1.6987215
  vertex 0.4712143 0.62921965 1.6725513
  vertex 0.4024554 0.70493495 1.6390907
 endloop
endfacet
facet normal -0.16447091 0.27957174 0.9459328
 outer loop
  vertex 0.34851262 0.47143918 1.6987215
  vertex 0.4024554 0.70493495 1.6390907
  vertex 0.23042218 0.5683148 1.6495572
 endloop
endfacet
facet normal -0.10423863 0.35163844 0.9303143
 outer loop
  vertex -0.25964633 0.13186197 1.7715569
  vertex 0.00740375 0.39272675 1.7028778
  vertex -0.09919487 0.48817676 1.6548557
 endloop
endfacet
facet normal -0.13077976 0.43642715 0.8901842
 outer loop
  vertex 0.00740375 0.39272675 1.7028778
  vertex 0.23042218 0.5683148 1.6495572
  vertex 0.040050704 0.56189966 1.6247343
 endloop
endfacet
facet normal -0.33449295 0.5448617 0.76892155
 outer loop
  vertex -0.25964633 0.13186197 1.7715569
  vertex -0.02207385 0.07832431 1.9128417
  vertex 0.00740375 0.39272675 1.7028778
 endloop
endfacet
facet normal -0.28869164 0.15533657 0.94473684
 outer loop
  vertex 0.44776177 0.74267966 1.6467292
  vertex 0.4024554 0.70493495 1.6390907
  vertex 0.4712143 0.62921965 1.6725513
 endloop
endfacet
facet normal -0.2463703 0.16637225 0.9547889
 outer loop
  vertex 0.44776177 0.74267966 1.6467292
  vertex 0.4712143 0.62921965 1.6725513
  vertex 0.51893157 0.7008581 1.672381
 endloop
endfacet
facet normal 0.40367147 -0.032832075 0.9143147
 outer loop
  vertex 0.34851262 0.47143918 1.6987215
  vertex 0.16566291 0.27265024 1.7723117
  vertex 0.37189165 0.103692755 1.6751943
 endloop
endfacet
facet normal 0.3516327 -0.037488516 0.9353871
 outer loop
  vertex 0.34851262 0.47143918 1.6987215
  vertex 0.37189165 0.103692755 1.6751943
  vertex 0.4563041 0.38697293 1.6548151
 endloop
endfacet
facet normal -0.33360198 0.42570916 0.84111917
 outer loop
  vertex -0.09919487 0.48817676 1.6548557
  vertex -0.32659057 0.38897082 1.6148771
  vertex -0.25964633 0.13186197 1.7715569
 endloop
endfacet
facet normal 0.36648032 -0.12006734 0.92264616
 outer loop
  vertex 0.4563041 0.38697293 1.6548151
  vertex 0.573065 0.46915895 1.6191322
  vertex 0.55398 0.5459395 1.6367046
 endloop
endfacet
facet normal -0.22851218 0.1352679 0.9640979
 outer loop
  vertex -0.09919487 0.48817676 1.6548557
  vertex -0.23549214 0.5218851 1.6178209
  vertex -0.32659057 0.38897082 1.6148771
 endloop
endfacet
facet normal -0.016587647 0.076661214 0.9969192
 outer loop
  vertex 0.5457345 0.35116813 1.6590564
  vertex 0.4563041 0.38697293 1.6548151
  vertex 0.37189165 0.103692755 1.6751943
 endloop
endfacet
facet normal 0.47800472 -0.28152597 0.8320184
 outer loop
  vertex 0.5457345 0.35116813 1.6590564
  vertex 0.37189165 0.103692755 1.6751943
  vertex 0.499534 0.16719103 1.6233478
 endloop
endfacet
facet normal -0.013094879 -0.18735087 0.9822058
 outer loop
  vertex 0.499534 0.16719103 1.6233478
  vertex 0.5709096 0.27333382 1.6445456
  vertex 0.5457345 0.35116813 1.6590564
 endloop
endfacet
facet normal 0.31771007 -0.09052185 0.943857
 outer loop
  vertex 0.55398 0.5459395 1.6367046
  vertex 0.4712143 0.62921965 1.6725513
  vertex 0.34851262 0.47143918 1.6987215
 endloop
endfacet
facet normal 0.31662178 -0.086935595 0.9445596
 outer loop
  vertex 0.55398 0.5459395 1.6367046
  vertex 0.34851262 0.47143918 1.6987215
  vertex 0.4563041 0.38697293 1.6548151
 endloop
endfacet
facet normal 0.23974577 0.40608907 0.8818241
 outer loop
  vertex 0.16566291 0.27265024 1.7723117
  vertex -0.02207385 0.07832431 1.9128417
  vertex 0.016087301 0.036890812 1.9215472
 endloop
endfacet
facet normal 0.24891208 -0.16352807 0.954621
 outer loop
  vertex 0.51893157 0.7008581 1.672381
  vertex 0.4712143 0.62921965 1.6725513
  vertex 0.55398 0.5459395 1.6367046
 endloop
endfacet
facet normal 0.19805005 -0.1772043 0.96404094
 outer loop
  vertex 0.51893157 0.7008581 1.672381
  vertex 0.55398 0.5459395 1.6367046
  vertex 0.58945835 0.66656905 1.6515894
 endloop
endfacet
facet normal 0.16270134 -0.24491145 0.95579636
 outer loop
  vertex 0.58945835 0.66656905 1.6515894
  vertex 0.54944843 0.7409305 1.6774544
  vertex 0.51893157 0.7008581 1.672381
 endloop
endfacet
facet normal -0.22999857 0.005981803 0.9731726
 outer loop
  vertex 0.27505577 0.7088777 1.6089569
  vertex 0.4024554 0.70493495 1.6390907
  vertex 0.33368775 0.74726045 1.622578
 endloop
endfacet
facet normal -0.20741461 0.33168358 0.9203071
 outer loop
  vertex 0.4024554 0.70493495 1.6390907
  vertex 0.27505577 0.7088777 1.6089569
  vertex 0.23042218 0.5683148 1.6495572
 endloop
endfacet
facet normal -0.2499624 -0.25594863 0.9338143
 outer loop
  vertex 0.23042218 0.5683148 1.6495572
  vertex 0.18236654 0.63767445 1.6557045
  vertex 0.12038861 0.6622538 1.6458513
 endloop
endfacet
facet normal -0.124986075 -0.10748878 0.9863187
 outer loop
  vertex 0.23042218 0.5683148 1.6495572
  vertex 0.12038861 0.6622538 1.6458513
  vertex 0.040050704 0.56189966 1.6247343
 endloop
endfacet
facet normal 0.21589512 -0.2164924 0.9521136
 outer loop
  vertex 0.37189165 0.103692755 1.6751943
  vertex 0.4253469 -0.1642856 1.60214
  vertex 0.49490952 0.05472582 1.6361654
 endloop
endfacet
facet normal 0.55499816 -0.18488702 0.8110449
 outer loop
  vertex 0.10737543 -0.16053593 1.7959688
  vertex 0.27907857 -0.20574537 1.6681663
  vertex 0.37189165 0.103692755 1.6751943
 endloop
endfacet
facet normal 0.44223988 -0.15271865 0.8837992
 outer loop
  vertex 0.37189165 0.103692755 1.6751943
  vertex 0.27907857 -0.20574537 1.6681663
  vertex 0.4253469 -0.1642856 1.60214
 endloop
endfacet
facet normal 0.18996565 -0.20935898 0.959209
 outer loop
  vertex 0.4253469 -0.1642856 1.60214
  vertex 0.52836144 -0.07151261 1.6019874
  vertex 0.49490952 0.05472582 1.6361654
 endloop
endfacet
facet normal 0.052834462 0.5511573 0.832727
 outer loop
  vertex 0.00740375 0.39272675 1.7028778
  vertex -0.02207385 0.07832431 1.9128417
  vertex 0.16566291 0.27265024 1.7723117
 endloop
endfacet
facet normal -0.2863299 0.097377926 0.95316976
 outer loop
  vertex 0.51893157 0.7008581 1.672381
  vertex 0.54944843 0.7409305 1.6774544
  vertex 0.44776177 0.74267966 1.6467292
 endloop
endfacet
facet normal 0.5365958 0.18124442 0.8241453
 outer loop
  vertex 0.37189165 0.103692755 1.6751943
  vertex 0.16566291 0.27265024 1.7723117
  vertex 0.016087301 0.036890812 1.9215472
 endloop
endfacet
facet normal -0.4787659 -0.22267908 0.8492333
 outer loop
  vertex -0.13064815 -0.028785117 2.034379
  vertex -0.044992633 -0.030918496 2.082109
  vertex -0.060926653 -0.0053524505 2.0798297
 endloop
endfacet
facet normal -0.3486758 0.51921004 0.7802859
 outer loop
  vertex -0.09547098 0.16996227 1.9178497
  vertex -0.4370141 0.10902318 1.8057784
  vertex -0.13064815 -0.028785117 2.034379
 endloop
endfacet
facet normal -0.16695212 -0.38726172 0.90672785
 outer loop
  vertex -0.31272995 -0.30435595 1.8314672
  vertex -0.36956823 -0.12899633 1.8958975
  vertex -0.6142214 -0.18341011 1.8276105
 endloop
endfacet
facet normal -0.15306684 -0.35211858 0.9233542
 outer loop
  vertex -0.31272995 -0.30435595 1.8314672
  vertex -0.6142214 -0.18341011 1.8276105
  vertex -0.5756681 -0.31980148 1.7819891
 endloop
endfacet
facet normal -0.48080233 -0.19901156 0.85394585
 outer loop
  vertex -0.13064815 -0.028785117 2.034379
  vertex -0.12356031 -0.08057263 2.0263007
  vertex -0.044992633 -0.030918496 2.082109
 endloop
endfacet
facet normal -0.031451542 -0.31681246 0.9479665
 outer loop
  vertex -0.6142214 -0.18341011 1.8276105
  vertex -0.7913261 -0.23849174 1.8033261
  vertex -0.77911747 -0.33261007 1.7722766
 endloop
endfacet
facet normal -0.024796665 -0.32341322 0.94593287
 outer loop
  vertex -0.6142214 -0.18341011 1.8276105
  vertex -0.77911747 -0.33261007 1.7722766
  vertex -0.5756681 -0.31980148 1.7819891
 endloop
endfacet
facet normal -0.11540797 -0.34813103 0.9303149
 outer loop
  vertex 0.028958883 -0.24732213 1.895197
  vertex -0.31272995 -0.30435595 1.8314672
  vertex -0.28217167 -0.43356788 1.7869059
 endloop
endfacet
facet normal -0.14208114 -0.43287924 0.8901845
 outer loop
  vertex -0.31272995 -0.30435595 1.8314672
  vertex -0.5756681 -0.31980148 1.7819891
  vertex -0.42730013 -0.4158675 1.7589549
 endloop
endfacet
facet normal -0.03687523 -0.6382785 0.76892185
 outer loop
  vertex 0.028958883 -0.24732213 1.895197
  vertex -0.12356031 -0.08057263 2.0263007
  vertex -0.31272995 -0.30435595 1.8314672
 endloop
endfacet
facet normal 0.14813977 -0.292451 0.9447365
 outer loop
  vertex -0.8336331 -0.337327 1.7793648
  vertex -0.77911747 -0.33261007 1.7722766
  vertex -0.7913261 -0.23849174 1.8033261
 endloop
endfacet
facet normal 0.10710048 -0.27732107 0.9547893
 outer loop
  vertex -0.8336331 -0.337327 1.7793648
  vertex -0.7913261 -0.23849174 1.8033261
  vertex -0.8656512 -0.26774007 1.803168
 endloop
endfacet
facet normal -0.3125008 0.25762743 0.9143147
 outer loop
  vertex -0.6142214 -0.18341011 1.8276105
  vertex -0.36956823 -0.12899633 1.8958975
  vertex -0.4370141 0.10902318 1.8057784
 endloop
endfacet
facet normal -0.26713425 0.23170966 0.9353876
 outer loop
  vertex -0.6142214 -0.18341011 1.8276105
  vertex -0.4370141 0.10902318 1.8057784
  vertex -0.6515125 -0.061929643 1.7868681
 endloop
endfacet
facet normal 0.030485053 -0.539989 0.8411198
 outer loop
  vertex -0.28217167 -0.43356788 1.7869059
  vertex -0.056404483 -0.47860783 1.7498082
  vertex 0.028958883 -0.24732213 1.895197
 endloop
endfacet
facet normal -0.23212998 0.30796328 0.9226452
 outer loop
  vertex -0.6515125 -0.061929643 1.7868681
  vertex -0.78400683 -0.06259713 1.7537564
  vertex -0.8101893 -0.13118534 1.7700627
 endloop
endfacet
facet normal 0.110221714 -0.24159314 0.9640974
 outer loop
  vertex -0.28217167 -0.43356788 1.7869059
  vertex -0.19625749 -0.53151274 1.7525396
  vertex -0.056404483 -0.47860783 1.7498082
 endloop
endfacet
facet normal -0.030196795 -0.07238763 0.99691933
 outer loop
  vertex -0.70062625 0.012758941 1.7908037
  vertex -0.6515125 -0.061929643 1.7868681
  vertex -0.4370141 0.10902318 1.8057784
 endloop
endfacet
facet normal -0.23138069 0.50419056 0.83201855
 outer loop
  vertex -0.70062625 0.012758941 1.7908037
  vertex -0.4370141 0.10902318 1.8057784
  vertex -0.5678848 0.12835647 1.7576681
 endloop
endfacet
facet normal 0.11780796 0.14626527 0.98220557
 outer loop
  vertex -0.5678848 0.12835647 1.7576681
  vertex -0.6785225 0.08537905 1.7773383
  vertex -0.70062625 0.012758941 1.7908037
 endloop
endfacet
facet normal -0.20899098 0.25584406 0.9438573
 outer loop
  vertex -0.8101893 -0.13118534 1.7700627
  vertex -0.7913261 -0.23849174 1.8033261
  vertex -0.6142214 -0.18341011 1.8276105
 endloop
endfacet
facet normal -0.21014723 0.25227928 0.9445598
 outer loop
  vertex -0.8101893 -0.13118534 1.7700627
  vertex -0.6142214 -0.18341011 1.8276105
  vertex -0.6515125 -0.061929643 1.7868681
 endloop
endfacet
facet normal -0.4288064 -0.19624388 0.8818239
 outer loop
  vertex -0.36956823 -0.12899633 1.8958975
  vertex -0.12356031 -0.08057263 2.0263007
  vertex -0.13064815 -0.028785117 2.034379
 endloop
endfacet
facet normal -0.11081424 0.27643904 0.95462126
 outer loop
  vertex -0.8656512 -0.26774007 1.803168
  vertex -0.7913261 -0.23849174 1.8033261
  vertex -0.8101893 -0.13118534 1.7700627
 endloop
endfacet
facet normal -0.06125949 0.258596 0.9640412
 outer loop
  vertex -0.8656512 -0.26774007 1.803168
  vertex -0.8101893 -0.13118534 1.7700627
  vertex -0.90117365 -0.20422998 1.7838748
 endloop
endfacet
facet normal 0.0064416197 0.29395804 0.9557966
 outer loop
  vertex -0.90117365 -0.20422998 1.7838748
  vertex -0.91013926 -0.28207213 1.8078758
  vertex -0.8656512 -0.26774007 1.803168
 endloop
endfacet
facet normal 0.185324 -0.13634333 0.97317284
 outer loop
  vertex -0.68419445 -0.40317044 1.7443146
  vertex -0.77911747 -0.33261007 1.7722766
  vertex -0.7491961 -0.40130696 1.7569541
 endloop
endfacet
facet normal -0.01933605 -0.39071736 0.9203076
 outer loop
  vertex -0.77911747 -0.33261007 1.7722766
  vertex -0.68419445 -0.40317044 1.7443146
  vertex -0.5756681 -0.31980148 1.7819891
 endloop
endfacet
facet normal 0.35139504 0.067193374 0.9338129
 outer loop
  vertex -0.5756681 -0.31980148 1.7819891
  vertex -0.5758545 -0.39810145 1.7876934
  vertex -0.5416929 -0.4496843 1.77855
 endloop
endfacet
facet normal 0.1639925 0.016781721 0.9863189
 outer loop
  vertex -0.5756681 -0.31980148 1.7819891
  vertex -0.5416929 -0.4496843 1.77855
  vertex -0.42730013 -0.4158675 1.7589549
 endloop
endfacet
facet normal -0.05345137 0.30103576 0.9521136
 outer loop
  vertex -0.4370141 0.10902318 1.8057784
  vertex -0.3356151 0.3414328 1.7379885
  vertex -0.50472474 0.21154548 1.769562
 endloop
endfacet
facet normal -0.3497897 0.4688847 0.81104517
 outer loop
  vertex -0.09547098 0.16996227 1.9178497
  vertex -0.20224755 0.2954403 1.7992569
  vertex -0.4370141 0.10902318 1.8057784
 endloop
endfacet
facet normal -0.2756408 0.37804958 0.883799
 outer loop
  vertex -0.4370141 0.10902318 1.8057784
  vertex -0.20224755 0.2954403 1.7992569
  vertex -0.3356151 0.3414328 1.7379885
 endloop
endfacet
facet normal -0.036247678 0.280362 0.9592097
 outer loop
  vertex -0.3356151 0.3414328 1.7379885
  vertex -0.46325582 0.325414 1.7378471
  vertex -0.50472474 0.21154548 1.769562
 endloop
endfacet
facet normal -0.35832417 -0.42210084 0.83272725
 outer loop
  vertex -0.31272995 -0.30435595 1.8314672
  vertex -0.12356031 -0.08057263 2.0263007
  vertex -0.36956823 -0.12899633 1.8958975
 endloop
endfacet
facet normal 0.17932062 -0.24353762 0.95317024
 outer loop
  vertex -0.8656512 -0.26774007 1.803168
  vertex -0.91013926 -0.28207213 1.8078758
  vertex -0.8336331 -0.337327 1.7793648
 endloop
endfacet
facet normal -0.5439198 0.15791175 0.8241451
 outer loop
  vertex -0.4370141 0.10902318 1.8057784
  vertex -0.36956823 -0.12899633 1.8958975
  vertex -0.13064815 -0.028785117 2.034379
 endloop
endfacet
facet normal 0.77284104 -0.023898456 0.6341495
 outer loop
  vertex -0.003043171 -0.024884235 2.0640163
  vertex -0.06086755 0.010340521 2.1358147
  vertex -0.05802946 -0.019575916 2.1312284
 endloop
endfacet
facet normal 0.34437335 -0.6453736 0.6818357
 outer loop
  vertex -0.1505181 -0.18852842 1.9836081
  vertex 0.13307841 -0.2682011 1.7649605
  vertex -0.003043171 -0.024884235 2.0640163
 endloop
endfacet
facet normal 0.5885335 0.2510491 0.7685067
 outer loop
  vertex 0.19895215 0.16131914 1.7871327
  vertex 0.1989172 -0.025448803 1.8481712
  vertex 0.41023648 -0.07309504 1.7019045
 endloop
endfacet
facet normal 0.5679878 0.22400056 0.79196817
 outer loop
  vertex 0.19895215 0.16131914 1.7871327
  vertex 0.41023648 -0.07309504 1.7019045
  vertex 0.41660735 0.069681816 1.6569524
 endloop
endfacet
facet normal 0.766708 -0.046519827 0.6403083
 outer loop
  vertex -0.003043171 -0.024884235 2.0640163
  vertex 0.008896381 0.025881946 2.0534081
  vertex -0.06086755 0.010340521 2.1358147
 endloop
endfacet
facet normal 0.45731565 0.24035421 0.8562081
 outer loop
  vertex 0.41023648 -0.07309504 1.7019045
  vertex 0.5776064 -0.09413725 1.6184163
  vertex 0.59459656 -0.0015258817 1.5833437
 endloop
endfacet
facet normal 0.45355892 0.24916779 0.8556867
 outer loop
  vertex 0.41023648 -0.07309504 1.7019045
  vertex 0.59459656 -0.0015258817 1.5833437
  vertex 0.41660735 0.069681816 1.6569524
 endloop
endfacet
facet normal 0.5362614 0.23543051 0.81055295
 outer loop
  vertex -0.09883644 0.24648266 1.9594132
  vertex 0.19895215 0.16131914 1.7871327
  vertex 0.20971517 0.2941879 1.7414193
 endloop
endfacet
facet normal 0.57994163 0.3034328 0.7560398
 outer loop
  vertex 0.19895215 0.16131914 1.7871327
  vertex 0.41660735 0.069681816 1.6569524
  vertex 0.31916845 0.21955141 1.6715462
 endloop
endfacet
facet normal 0.5320551 0.5383083 0.6535606
 outer loop
  vertex -0.09883644 0.24648266 1.9594132
  vertex 0.008896381 0.025881946 2.0534081
  vertex 0.19895215 0.16131914 1.7871327
 endloop
endfacet
facet normal 0.2921964 0.2913573 0.91089636
 outer loop
  vertex 0.64593554 -0.019796673 1.5727193
  vertex 0.59459656 -0.0015258817 1.5833437
  vertex 0.5776064 -0.09413725 1.6184163
 endloop
endfacet
facet normal 0.32470128 0.2604659 0.9092451
 outer loop
  vertex 0.64593554 -0.019796673 1.5727193
  vertex 0.5776064 -0.09413725 1.6184163
  vertex 0.6535385 -0.09771985 1.5923264
 endloop
endfacet
facet normal 0.4601501 -0.39701307 0.79412997
 outer loop
  vertex 0.41023648 -0.07309504 1.7019045
  vertex 0.1989172 -0.025448803 1.8481712
  vertex 0.13307841 -0.2682011 1.7649605
 endloop
endfacet
facet normal 0.4382004 -0.35569134 0.82550836
 outer loop
  vertex 0.41023648 -0.07309504 1.7019045
  vertex 0.13307841 -0.2682011 1.7649605
  vertex 0.38081276 -0.19836637 1.663547
 endloop
endfacet
facet normal 0.45831963 0.47329456 0.7522868
 outer loop
  vertex 0.20971517 0.2941879 1.7414193
  vertex 0.020390365 0.42944458 1.7716671
  vertex -0.09883644 0.24648266 1.9594132
 endloop
endfacet
facet normal 0.3737442 -0.41054556 0.83172566
 outer loop
  vertex 0.38081276 -0.19836637 1.663547
  vertex 0.48500323 -0.250764 1.5908642
  vertex 0.5403182 -0.19912992 1.5914948
 endloop
endfacet
facet normal 0.31082976 0.22877634 0.9225217
 outer loop
  vertex 0.20971517 0.2941879 1.7414193
  vertex 0.16339548 0.42063197 1.7256691
  vertex 0.020390365 0.42944458 1.7716671
 endloop
endfacet
facet normal 0.37494698 0.01594959 0.926909
 outer loop
  vertex 0.3947465 -0.28721887 1.6594396
  vertex 0.38081276 -0.19836637 1.663547
  vertex 0.13307841 -0.2682011 1.7649605
 endloop
endfacet
facet normal 0.2661026 -0.5858774 0.76546526
 outer loop
  vertex 0.3947465 -0.28721887 1.6594396
  vertex 0.13307841 -0.2682011 1.7649605
  vertex 0.22302832 -0.33772716 1.6804764
 endloop
endfacet
facet normal 0.15617907 -0.12277636 0.9800684
 outer loop
  vertex 0.22302832 -0.33772716 1.6804764
  vertex 0.34226838 -0.34433463 1.6606472
  vertex 0.3947465 -0.28721887 1.6594396
 endloop
endfacet
facet normal 0.38135096 -0.35436586 0.8538128
 outer loop
  vertex 0.5403182 -0.19912992 1.5914948
  vertex 0.5776064 -0.09413725 1.6184163
  vertex 0.41023648 -0.07309504 1.7019045
 endloop
endfacet
facet normal 0.3839848 -0.35161105 0.85377127
 outer loop
  vertex 0.5403182 -0.19912992 1.5914948
  vertex 0.41023648 -0.07309504 1.7019045
  vertex 0.38081276 -0.19836637 1.663547
 endloop
endfacet
facet normal 0.7298591 -0.028935663 0.68298495
 outer loop
  vertex 0.1989172 -0.025448803 1.8481712
  vertex 0.008896381 0.025881946 2.0534081
  vertex -0.003043171 -0.024884235 2.0640163
 endloop
endfacet
facet normal 0.29221797 -0.3335997 0.8962812
 outer loop
  vertex 0.6535385 -0.09771985 1.5923264
  vertex 0.5776064 -0.09413725 1.6184163
  vertex 0.5403182 -0.19912992 1.5914948
 endloop
endfacet
facet normal 0.2597207 -0.2975017 0.91871536
 outer loop
  vertex 0.6535385 -0.09771985 1.5923264
  vertex 0.5403182 -0.19912992 1.5914948
  vertex 0.65266985 -0.16985352 1.5692134
 endloop
endfacet
facet normal 0.18482849 -0.3018984 0.9352517
 outer loop
  vertex 0.65266985 -0.16985352 1.5692134
  vertex 0.6992728 -0.10296279 1.5815958
  vertex 0.6535385 -0.09771985 1.5923264
 endloop
endfacet
facet normal 0.20739903 0.16295877 0.96458805
 outer loop
  vertex 0.5316162 0.10321799 1.5791898
  vertex 0.59459656 -0.0015258817 1.5833437
  vertex 0.5911934 0.07439744 1.5712489
 endloop
endfacet
facet normal 0.46734565 0.31378362 0.82651544
 outer loop
  vertex 0.59459656 -0.0015258817 1.5833437
  vertex 0.5316162 0.10321799 1.5791898
  vertex 0.41660735 0.069681816 1.6569524
 endloop
endfacet
facet normal -0.028825723 0.046313077 0.99851096
 outer loop
  vertex 0.41660735 0.069681816 1.6569524
  vertex 0.44988358 0.14128748 1.6545918
  vertex 0.4379744 0.20299682 1.6513858
 endloop
endfacet
facet normal 0.1691844 0.014033119 0.9854846
 outer loop
  vertex 0.41660735 0.069681816 1.6569524
  vertex 0.4379744 0.20299682 1.6513858
  vertex 0.31916845 0.21955141 1.6715462
 endloop
endfacet
facet normal 0.23233108 -0.3325992 0.91400224
 outer loop
  vertex 0.13307841 -0.2682011 1.7649605
  vertex -0.0693776 -0.4374895 1.7548201
  vertex 0.13900642 -0.38869765 1.7196058
 endloop
endfacet
facet normal 0.37518615 -0.6010685 0.7056571
 outer loop
  vertex -0.1505181 -0.18852842 1.9836081
  vertex -0.14658739 -0.34296286 1.8499732
  vertex 0.13307841 -0.2682011 1.7649605
 endloop
endfacet
facet normal 0.37085748 -0.4907449 0.7884378
 outer loop
  vertex 0.13307841 -0.2682011 1.7649605
  vertex -0.14658739 -0.34296286 1.8499732
  vertex -0.0693776 -0.4374895 1.7548201
 endloop
endfacet
facet normal 0.22802497 -0.30700094 0.92398864
 outer loop
  vertex -0.0693776 -0.4374895 1.7548201
  vertex 0.04740194 -0.47506088 1.7135175
  vertex 0.13900642 -0.38869765 1.7196058
 endloop
endfacet
facet normal 0.74313235 0.20774114 0.63608
 outer loop
  vertex 0.19895215 0.16131914 1.7871327
  vertex 0.008896381 0.025881946 2.0534081
  vertex 0.1989172 -0.025448803 1.8481712
 endloop
endfacet
facet normal 0.24867994 0.2590981 0.933288
 outer loop
  vertex 0.6535385 -0.09771985 1.5923264
  vertex 0.6992728 -0.10296279 1.5815958
  vertex 0.64593554 -0.019796673 1.5727193
 endloop
endfacet
facet normal 0.669737 -0.3968053 0.62769246
 outer loop
  vertex 0.13307841 -0.2682011 1.7649605
  vertex 0.1989172 -0.025448803 1.8481712
  vertex -0.003043171 -0.024884235 2.0640163
 endloop
endfacet
facet normal -0.09490839 0.7807382 0.61760855
 outer loop
  vertex -0.056884937 0.040569123 2.2158272
  vertex -0.08311947 -0.02088543 2.2894824
  vertex -0.05375971 -0.013553952 2.2847261
 endloop
endfacet
facet normal 0.5846823 0.45332175 0.6727897
 outer loop
  vertex 0.12884487 -0.08280341 2.137548
  vertex 0.16470689 0.20713316 1.9110248
  vertex -0.056884937 0.040569123 2.2158272
 endloop
endfacet
facet normal -0.33858153 0.55950356 0.7565173
 outer loop
  vertex -0.27319807 0.20709352 1.9330398
  vertex -0.08724184 0.23711032 1.9940653
  vertex -0.072205216 0.45170692 1.842084
 endloop
endfacet
facet normal -0.30872905 0.543833 0.780341
 outer loop
  vertex -0.27319807 0.20709352 1.9330398
  vertex -0.072205216 0.45170692 1.842084
  vertex -0.21533933 0.43511355 1.7970196
 endloop
endfacet
facet normal -0.071624674 0.77826476 0.6238381
 outer loop
  vertex -0.056884937 0.040569123 2.2158272
  vertex -0.10927129 0.044416524 2.2050128
  vertex -0.08311947 -0.02088543 2.2894824
 endloop
endfacet
facet normal -0.30803874 0.43335277 0.846946
 outer loop
  vertex -0.072205216 0.45170692 1.842084
  vertex -0.07694654 0.6197972 1.7543536
  vertex -0.17176412 0.6217089 1.7188898
 endloop
endfacet
facet normal -0.31617162 0.4282858 0.8465263
 outer loop
  vertex -0.072205216 0.45170692 1.842084
  vertex -0.17176412 0.6217089 1.7188898
  vertex -0.21533933 0.43511355 1.7970196
 endloop
endfacet
facet normal -0.31519288 0.5111363 0.79962057
 outer loop
  vertex -0.3123083 -0.098812334 2.1131656
  vertex -0.27319807 0.20709352 1.9330398
  vertex -0.40714043 0.19638158 1.88709
 endloop
endfacet
facet normal -0.38902915 0.54274845 0.7443659
 outer loop
  vertex -0.27319807 0.20709352 1.9330398
  vertex -0.21533933 0.43511355 1.7970196
  vertex -0.3496047 0.31534696 1.8141751
 endloop
endfacet
facet normal -0.6137557 0.45738468 0.6435085
 outer loop
  vertex -0.3123083 -0.098812334 2.1131656
  vertex -0.10927129 0.044416524 2.2050128
  vertex -0.27319807 0.20709352 1.9330398
 endloop
endfacet
facet normal -0.333265 0.26358038 0.9052402
 outer loop
  vertex -0.16146235 0.67540854 1.7070466
  vertex -0.17176412 0.6217089 1.7188898
  vertex -0.07694654 0.6197972 1.7543536
 endloop
endfacet
facet normal -0.30769783 0.30038175 0.90282494
 outer loop
  vertex -0.16146235 0.67540854 1.7070466
  vertex -0.07694654 0.6197972 1.7543536
  vertex -0.08504598 0.6953909 1.7264422
 endloop
endfacet
facet normal 0.32146594 0.53217363 0.783231
 outer loop
  vertex -0.072205216 0.45170692 1.842084
  vertex -0.08724184 0.23711032 1.9940653
  vertex 0.16470689 0.20713316 1.9110248
 endloop
endfacet
facet normal 0.2839579 0.5048434 0.8151694
 outer loop
  vertex -0.072205216 0.45170692 1.842084
  vertex 0.16470689 0.20713316 1.9110248
  vertex 0.057107765 0.44086793 1.8037516
 endloop
endfacet
facet normal -0.53831774 0.39655983 0.7436089
 outer loop
  vertex -0.40714043 0.19638158 1.88709
  vertex -0.51272243 -0.0122865215 1.9219372
  vertex -0.3123083 -0.098812334 2.1131656
 endloop
endfacet
facet normal 0.34800795 0.44966713 0.8226117
 outer loop
  vertex 0.057107765 0.44086793 1.8037516
  vertex 0.09330857 0.55111074 1.7281743
  vertex 0.033373047 0.5982521 1.7277611
 endloop
endfacet
facet normal -0.27427047 0.2917984 0.916313
 outer loop
  vertex -0.40714043 0.19638158 1.88709
  vertex -0.52592164 0.1304664 1.872527
  vertex -0.51272243 -0.0122865215 1.9219372
 endloop
endfacet
facet normal -0.073739015 0.38774583 0.91881216
 outer loop
  vertex 0.14345235 0.4683272 1.7990931
  vertex 0.057107765 0.44086793 1.8037516
  vertex 0.16470689 0.20713316 1.9110248
 endloop
endfacet
facet normal 0.5377754 0.36868048 0.7582034
 outer loop
  vertex 0.14345235 0.4683272 1.7990931
  vertex 0.16470689 0.20713316 1.9110248
  vertex 0.22016631 0.3055803 1.8238183
 endloop
endfacet
facet normal 0.09673319 0.19391134 0.97623825
 outer loop
  vertex 0.22016631 0.3055803 1.8238183
  vertex 0.20840886 0.42489323 1.8012841
  vertex 0.14345235 0.4683272 1.7990931
 endloop
endfacet
facet normal 0.29131064 0.44907224 0.8446728
 outer loop
  vertex 0.033373047 0.5982521 1.7277611
  vertex -0.07694654 0.6197972 1.7543536
  vertex -0.072205216 0.45170692 1.842084
 endloop
endfacet
facet normal 0.28818497 0.4512536 0.8445825
 outer loop
  vertex 0.033373047 0.5982521 1.7277611
  vertex -0.072205216 0.45170692 1.842084
  vertex 0.057107765 0.44086793 1.8037516
 endloop
endfacet
facet normal -0.08340705 0.7400788 0.667328
 outer loop
  vertex -0.08724184 0.23711032 1.9940653
  vertex -0.10927129 0.044416524 2.2050128
  vertex -0.056884937 0.040569123 2.2158272
 endloop
endfacet
facet normal 0.28436995 0.35873866 0.8890671
 outer loop
  vertex -0.08504598 0.6953909 1.7264422
  vertex -0.07694654 0.6197972 1.7543536
  vertex 0.033373047 0.5982521 1.7277611
 endloop
endfacet
facet normal 0.25364128 0.32159334 0.9122739
 outer loop
  vertex -0.08504598 0.6953909 1.7264422
  vertex 0.033373047 0.5982521 1.7277611
  vertex -0.013058256 0.7051317 1.7029935
 endloop
endfacet
facet normal 0.2694124 0.24862213 0.93037844
 outer loop
  vertex -0.013058256 0.7051317 1.7029935
  vertex -0.086855546 0.74150294 1.7146438
  vertex -0.08504598 0.6953909 1.7264422
 endloop
endfacet
facet normal -0.19345881 0.2005523 0.9603918
 outer loop
  vertex -0.2663792 0.5427938 1.7163101
  vertex -0.17176412 0.6217089 1.7188898
  vertex -0.24684128 0.6063768 1.7069682
 endloop
endfacet
facet normal -0.38211322 0.4314189 0.8172315
 outer loop
  vertex -0.17176412 0.6217089 1.7188898
  vertex -0.2663792 0.5427938 1.7163101
  vertex -0.21533933 0.43511355 1.7970196
 endloop
endfacet
facet normal -0.042127714 -0.014303843 0.99900985
 outer loop
  vertex -0.21533933 0.43511355 1.7970196
  vertex -0.29176962 0.4571744 1.7941124
  vertex -0.35138896 0.43575147 1.7912916
 endloop
endfacet
facet normal -0.040460646 0.1859816 0.9817198
 outer loop
  vertex -0.21533933 0.43511355 1.7970196
  vertex -0.35138896 0.43575147 1.7912916
  vertex -0.3496047 0.31534696 1.8141751
 endloop
endfacet
facet normal 0.29251483 0.29979232 0.9080527
 outer loop
  vertex 0.16470689 0.20713316 1.9110248
  vertex 0.36446616 0.03139377 1.9046956
  vertex 0.28382885 0.23060709 1.8649017
 endloop
endfacet
facet normal 0.5361722 0.47750676 0.6960652
 outer loop
  vertex 0.12884487 -0.08280341 2.137548
  vertex 0.28214002 -0.057987615 2.0024424
  vertex 0.16470689 0.20713316 1.9110248
 endloop
endfacet
facet normal 0.42774126 0.45814213 0.77919394
 outer loop
  vertex 0.16470689 0.20713316 1.9110248
  vertex 0.28214002 -0.057987615 2.0024424
  vertex 0.36446616 0.03139377 1.9046956
 endloop
endfacet
facet normal 0.2678651 0.29184017 0.9181926
 outer loop
  vertex 0.36446616 0.03139377 1.9046956
  vertex 0.38393998 0.15256175 1.8605022
  vertex 0.28382885 0.23060709 1.8649017
 endloop
endfacet
facet normal -0.3192944 0.71604985 0.62074447
 outer loop
  vertex -0.27319807 0.20709352 1.9330398
  vertex -0.10927129 0.044416524 2.2050128
  vertex -0.08724184 0.23711032 1.9940653
 endloop
endfacet
facet normal -0.29475358 0.22599314 0.92846507
 outer loop
  vertex -0.08504598 0.6953909 1.7264422
  vertex -0.086855546 0.74150294 1.7146438
  vertex -0.16146235 0.67540854 1.7070466
 endloop
endfacet
facet normal 0.28937513 0.73568153 0.61240077
 outer loop
  vertex 0.16470689 0.20713316 1.9110248
  vertex -0.08724184 0.23711032 1.9940653
  vertex -0.056884937 0.040569123 2.2158272
 endloop
endfacet
facet normal 0.79138327 -0.007326303 0.6112764
 outer loop
  vertex -0.03227975 -0.04006152 2.2975364
  vertex -0.079714164 -0.011821826 2.3592854
  vertex -0.07685372 -0.03685609 2.355282
 endloop
endfacet
facet normal 0.37927833 -0.63890725 0.66928726
 outer loop
  vertex -0.15469585 -0.18011338 2.2332137
  vertex 0.07937236 -0.24081877 2.0426197
  vertex -0.03227975 -0.04006152 2.2975364
 endloop
endfacet
facet normal 0.604642 0.26280728 0.75189114
 outer loop
  vertex 0.12665585 0.12082745 2.0608497
  vertex 0.13182248 -0.036021184 2.111518
  vertex 0.30641237 -0.07145905 1.983506
 endloop
endfacet
facet normal 0.58543396 0.2352145 0.7758487
 outer loop
  vertex 0.12665585 0.12082745 2.0608497
  vertex 0.30641237 -0.07145905 1.983506
  vertex 0.3078254 0.048567843 1.9460511
 endloop
endfacet
facet normal 0.7859693 -0.030099459 0.6175324
 outer loop
  vertex -0.03227975 -0.04006152 2.2975364
  vertex -0.023531783 0.002795566 2.2884912
  vertex -0.079714164 -0.011821826 2.3592854
 endloop
endfacet
facet normal 0.476331 0.24876688 0.8433408
 outer loop
  vertex 0.30641237 -0.07145905 1.983506
  vertex 0.44515443 -0.08559378 1.9093119
  vertex 0.45670965 -0.0074697575 1.8797405
 endloop
endfacet
facet normal 0.4723548 0.25748792 0.84295964
 outer loop
  vertex 0.30641237 -0.07145905 1.983506
  vertex 0.45670965 -0.0074697575 1.8797405
  vertex 0.3078254 0.048567843 1.9460511
 endloop
endfacet
facet normal 0.5540039 0.24583785 0.79538876
 outer loop
  vertex -0.12056066 0.1859647 2.2129083
  vertex 0.12665585 0.12082745 2.0608497
  vertex 0.13193013 0.23263007 2.0226202
 endloop
endfacet
facet normal 0.5944553 0.3150076 0.7398602
 outer loop
  vertex 0.12665585 0.12082745 2.0608497
  vertex 0.3078254 0.048567843 1.9460511
  vertex 0.22349322 0.17234425 1.9611096
 endloop
endfacet
facet normal 0.5380665 0.54896265 0.6396284
 outer loop
  vertex -0.12056066 0.1859647 2.2129083
  vertex -0.023531783 0.002795566 2.2884912
  vertex 0.12665585 0.12082745 2.0608497
 endloop
endfacet
facet normal 0.31171873 0.29569393 0.902993
 outer loop
  vertex 0.49986875 -0.021754444 1.8695194
  vertex 0.45670965 -0.0074697575 1.8797405
  vertex 0.44515443 -0.08559378 1.9093119
 endloop
endfacet
facet normal 0.34488517 0.26558268 0.9002889
 outer loop
  vertex 0.49986875 -0.021754444 1.8695194
  vertex 0.44515443 -0.08559378 1.9093119
  vertex 0.5082695 -0.08702965 1.8855572
 endloop
endfacet
facet normal 0.492393 -0.38818222 0.77901465
 outer loop
  vertex 0.30641237 -0.07145905 1.983506
  vertex 0.13182248 -0.036021184 2.111518
  vertex 0.07937236 -0.24081877 2.0426197
 endloop
endfacet
facet normal 0.47040036 -0.34747902 0.8111608
 outer loop
  vertex 0.30641237 -0.07145905 1.983506
  vertex 0.07937236 -0.24081877 2.0426197
  vertex 0.28327593 -0.1770641 1.9516847
 endloop
endfacet
facet normal 0.46880132 0.48194835 0.7402372
 outer loop
  vertex 0.13193013 0.23263007 2.0226202
  vertex -0.0287929 0.34228238 2.0530164
  vertex -0.12056066 0.1859647 2.2129083
 endloop
endfacet
facet normal 0.4074651 -0.40386277 0.81906474
 outer loop
  vertex 0.28327593 -0.1770641 1.9516847
  vertex 0.36991572 -0.21878867 1.88801
  vertex 0.4153007 -0.17436679 1.8873355
 endloop
endfacet
facet normal 0.33216032 0.23353915 0.91385394
 outer loop
  vertex 0.13193013 0.23263007 2.0226202
  vertex 0.090191334 0.3378379 2.0109048
  vertex -0.0287929 0.34228238 2.0530164
 endloop
endfacet
facet normal 0.4013822 0.022279575 0.91563964
 outer loop
  vertex 0.29662135 -0.25132895 1.9476416
  vertex 0.28327593 -0.1770641 1.9516847
  vertex 0.07937236 -0.24081877 2.0426197
 endloop
endfacet
facet normal 0.3021017 -0.5815141 0.7553648
 outer loop
  vertex 0.29662135 -0.25132895 1.9476416
  vertex 0.07937236 -0.24081877 2.0426197
  vertex 0.1541186 -0.2971707 1.9693433
 endloop
endfacet
facet normal 0.18759522 -0.12174014 0.9746729
 outer loop
  vertex 0.1541186 -0.2971707 1.9693433
  vertex 0.25376922 -0.30029795 1.949773
  vertex 0.29662135 -0.25132895 1.9476416
 endloop
endfacet
facet normal 0.414386 -0.34757856 0.84111434
 outer loop
  vertex 0.4153007 -0.17436679 1.8873355
  vertex 0.44515443 -0.08559378 1.9093119
  vertex 0.30641237 -0.07145905 1.983506
 endloop
endfacet
facet normal 0.4169517 -0.34476212 0.84100556
 outer loop
  vertex 0.4153007 -0.17436679 1.8873355
  vertex 0.30641237 -0.07145905 1.983506
  vertex 0.28327593 -0.1770641 1.9516847
 endloop
endfacet
facet normal 0.74997836 -0.01351058 0.6613243
 outer loop
  vertex 0.13182248 -0.036021184 2.111518
  vertex -0.023531783 0.002795566 2.2884912
  vertex -0.03227975 -0.04006152 2.2975364
 endloop
endfacet
facet normal 0.326067 -0.32904688 0.8862327
 outer loop
  vertex 0.5082695 -0.08702965 1.8855572
  vertex 0.44515443 -0.08559378 1.9093119
  vertex 0.4153007 -0.17436679 1.8873355
 endloop
endfacet
facet normal 0.2933949 -0.29378954 0.9097292
 outer loop
  vertex 0.5082695 -0.08702965 1.8855572
  vertex 0.4153007 -0.17436679 1.8873355
  vertex 0.5084031 -0.14751711 1.8659801
 endloop
endfacet
facet normal 0.21914378 -0.30000457 0.92842513
 outer loop
  vertex 0.5084031 -0.14751711 1.8659801
  vertex 0.54646724 -0.0904946 1.8754214
  vertex 0.5082695 -0.08702965 1.8855572
 endloop
endfacet
facet normal 0.23157994 0.16517086 0.9586915
 outer loop
  vertex 0.40171182 0.07917254 1.8780982
  vertex 0.45670965 -0.0074697575 1.8797405
  vertex 0.45205498 0.05619371 1.8698964
 endloop
endfacet
facet normal 0.48375496 0.32249403 0.8136207
 outer loop
  vertex 0.45670965 -0.0074697575 1.8797405
  vertex 0.40171182 0.07917254 1.8780982
  vertex 0.3078254 0.048567843 1.9460511
 endloop
endfacet
facet normal -0.0007216014 0.042870052 0.99908036
 outer loop
  vertex 0.3078254 0.048567843 1.9460511
  vertex 0.33425772 0.1093154 1.9434636
  vertex 0.32296866 0.16086297 1.9412435
 endloop
endfacet
facet normal 0.19751936 0.015327566 0.98017913
 outer loop
  vertex 0.3078254 0.048567843 1.9460511
  vertex 0.32296866 0.16086297 1.9412435
  vertex 0.22349322 0.17234425 1.9611096
 endloop
endfacet
facet normal 0.26671633 -0.32951596 0.905694
 outer loop
  vertex 0.07937236 -0.24081877 2.0426197
  vertex -0.08732152 -0.38686183 2.0385747
  vertex 0.08561899 -0.34169835 2.0040774
 endloop
endfacet
facet normal 0.40971985 -0.5939499 0.6923533
 outer loop
  vertex -0.15469585 -0.18011338 2.2332137
  vertex -0.15161641 -0.3093044 2.120562
  vertex 0.07937236 -0.24081877 2.0426197
 endloop
endfacet
facet normal 0.4052086 -0.48398823 0.77560383
 outer loop
  vertex 0.07937236 -0.24081877 2.0426197
  vertex -0.15161641 -0.3093044 2.120562
  vertex -0.08732152 -0.38686183 2.0385747
 endloop
endfacet
facet normal 0.26210076 -0.3040542 0.91588986
 outer loop
  vertex -0.08732152 -0.38686183 2.0385747
  vertex 0.010352302 -0.41596848 2.0009606
  vertex 0.08561899 -0.34169835 2.0040774
 endloop
endfacet
facet normal 0.7562858 0.22353852 0.6148677
 outer loop
  vertex 0.12665585 0.12082745 2.0608497
  vertex -0.023531783 0.002795566 2.2884912
  vertex 0.13182248 -0.036021184 2.111518
 endloop
endfacet
facet normal 0.26965284 0.26234818 0.92653155
 outer loop
  vertex 0.5082695 -0.08702965 1.8855572
  vertex 0.54646724 -0.0904946 1.8754214
  vertex 0.49986875 -0.021754444 1.8695194
 endloop
endfacet
facet normal 0.6969658 -0.3825513 0.60654193
 outer loop
  vertex 0.07937236 -0.24081877 2.0426197
  vertex 0.13182248 -0.036021184 2.111518
  vertex -0.03227975 -0.04006152 2.2975364
 endloop
endfacet
facet normal -0.7719625 0.19555731 0.60483986
 outer loop
  vertex -0.11755706 0.0057148626 2.385118
  vertex -0.08233696 -0.029075038 2.441318
  vertex -0.07947853 -0.0064773704 2.43766
 endloop
endfacet
facet normal -0.22286709 0.71215624 0.6657054
 outer loop
  vertex 0.020345371 0.10248938 2.3277583
  vertex -0.17103188 0.2053335 2.1536682
  vertex -0.11755706 0.0057148626 2.385118
 endloop
endfacet
facet normal -0.65535825 -0.11065209 0.74716914
 outer loop
  vertex -0.28990144 -0.10229569 2.170055
  vertex -0.2613122 0.03674602 2.2157226
  vertex -0.4062584 0.10484302 2.098672
 endloop
endfacet
facet normal -0.6303644 -0.08831011 0.77125996
 outer loop
  vertex -0.28990144 -0.10229569 2.170055
  vertex -0.4062584 0.10484302 2.098672
  vertex -0.43286067 -0.0004085738 2.064878
 endloop
endfacet
facet normal -0.76137483 0.2164231 0.61112136
 outer loop
  vertex -0.11755706 0.0057148626 2.385118
  vertex -0.13432881 -0.030096576 2.376905
  vertex -0.08233696 -0.029075038 2.441318
 endloop
endfacet
facet normal -0.5280657 -0.12705834 0.83964443
 outer loop
  vertex -0.4062584 0.10484302 2.098672
  vertex -0.5246292 0.14669916 2.0305605
  vertex -0.55125284 0.08044981 2.0037913
 endloop
endfacet
facet normal -0.5262584 -0.13646963 0.83930224
 outer loop
  vertex -0.4062584 0.10484302 2.098672
  vertex -0.55125284 0.08044981 2.0037913
  vertex -0.43286067 -0.0004085738 2.064878
 endloop
endfacet
facet normal -0.60248095 -0.10600101 0.7910629
 outer loop
  vertex -0.08764969 -0.21193291 2.3094006
  vertex -0.28990144 -0.10229569 2.170055
  vertex -0.31813538 -0.19949861 2.1355267
 endloop
endfacet
facet normal -0.6576907 -0.16381398 0.7352604
 outer loop
  vertex -0.28990144 -0.10229569 2.170055
  vertex -0.43286067 -0.0004085738 2.064878
  vertex -0.38528958 -0.12713106 2.079197
 endloop
endfacet
facet normal -0.6573561 -0.4047332 0.63566816
 outer loop
  vertex -0.08764969 -0.21193291 2.3094006
  vertex -0.13432881 -0.030096576 2.376905
  vertex -0.28990144 -0.10229569 2.170055
 endloop
endfacet
facet normal -0.3796503 -0.21135764 0.9006628
 outer loop
  vertex -0.5860537 0.10218906 1.9942235
  vertex -0.55125284 0.08044981 2.0037913
  vertex -0.5246292 0.14669916 2.0305605
 endloop
endfacet
facet normal -0.4047488 -0.17427582 0.89766717
 outer loop
  vertex -0.5860537 0.10218906 1.9942235
  vertex -0.5246292 0.14669916 2.0305605
  vertex -0.5796127 0.1613757 2.0086184
 endloop
endfacet
facet normal -0.3928129 0.49551165 0.7747039
 outer loop
  vertex -0.4062584 0.10484302 2.098672
  vertex -0.2613122 0.03674602 2.2157226
  vertex -0.17103188 0.2053335 2.1536682
 endloop
endfacet
facet normal -0.38129896 0.45085347 0.8070578
 outer loop
  vertex -0.4062584 0.10484302 2.098672
  vertex -0.17103188 0.2053335 2.1536682
  vertex -0.3631659 0.19261955 2.0699959
 endloop
endfacet
facet normal -0.57500404 -0.35569796 0.7367831
 outer loop
  vertex -0.31813538 -0.19949861 2.1355267
  vertex -0.20053619 -0.33007956 2.1642632
  vertex -0.08764969 -0.21193291 2.3094006
 endloop
endfacet
facet normal -0.3068943 0.49080512 0.81543005
 outer loop
  vertex -0.3631659 0.19261955 2.0699959
  vertex -0.4299414 0.2476219 2.0117586
  vertex -0.47929603 0.21827579 2.0108469
 endloop
endfacet
facet normal -0.38492152 -0.14610453 0.9113116
 outer loop
  vertex -0.31813538 -0.19949861 2.1355267
  vertex -0.30383858 -0.3008782 2.1253119
  vertex -0.20053619 -0.33007956 2.1642632
 endloop
endfacet
facet normal -0.4023273 0.07552613 0.9123752
 outer loop
  vertex -0.35901082 0.26071227 2.0661914
  vertex -0.3631659 0.19261955 2.0699959
  vertex -0.17103188 0.2053335 2.1536682
 endloop
endfacet
facet normal -0.16208293 0.6383962 0.7524489
 outer loop
  vertex -0.35901082 0.26071227 2.0661914
  vertex -0.17103188 0.2053335 2.1536682
  vertex -0.22416815 0.27062672 2.0868258
 endloop
endfacet
facet normal -0.16104254 0.16516496 0.97302914
 outer loop
  vertex -0.22416815 0.27062672 2.0868258
  vertex -0.31092116 0.29459798 2.0683987
  vertex -0.35901082 0.26071227 2.0661914
 endloop
endfacet
facet normal -0.32707393 0.43780735 0.83746487
 outer loop
  vertex -0.47929603 0.21827579 2.0108469
  vertex -0.5246292 0.14669916 2.0305605
  vertex -0.4062584 0.10484302 2.098672
 endloop
endfacet
facet normal -0.33023217 0.43567514 0.8373374
 outer loop
  vertex -0.47929603 0.21827579 2.0108469
  vertex -0.4062584 0.10484302 2.098672
  vertex -0.3631659 0.19261955 2.0699959
 endloop
endfacet
facet normal -0.73065424 0.19192246 0.6552175
 outer loop
  vertex -0.2613122 0.03674602 2.2157226
  vertex -0.13432881 -0.030096576 2.376905
  vertex -0.11755706 0.0057148626 2.385118
 endloop
endfacet
facet normal -0.24597782 0.3990717 0.8833101
 outer loop
  vertex -0.5796127 0.1613757 2.0086184
  vertex -0.5246292 0.14669916 2.0305605
  vertex -0.47929603 0.21827579 2.0108469
 endloop
endfacet
facet normal -0.22273448 0.35716134 0.9070971
 outer loop
  vertex -0.5796127 0.1613757 2.0086184
  vertex -0.47929603 0.21827579 2.0108469
  vertex -0.56668216 0.2145054 1.990874
 endloop
endfacet
facet normal -0.14926298 0.34572315 0.92638874
 outer loop
  vertex -0.56668216 0.2145054 1.990874
  vertex -0.6123645 0.17254922 1.9991714
  vertex -0.5796127 0.1613757 2.0086184
 endloop
endfacet
facet normal -0.27139208 -0.10329198 0.95691025
 outer loop
  vertex -0.52141315 -0.0074228733 2.002769
  vertex -0.55125284 0.08044981 2.0037913
  vertex -0.5606844 0.023493845 1.9949684
 endloop
endfacet
facet normal -0.5524567 -0.19702542 0.8099214
 outer loop
  vertex -0.55125284 0.08044981 2.0037913
  vertex -0.52141315 -0.0074228733 2.002769
  vertex -0.43286067 -0.0004085738 2.064878
 endloop
endfacet
facet normal -0.017103167 -0.039175417 0.99908596
 outer loop
  vertex -0.43286067 -0.0004085738 2.064878
  vertex -0.46903443 -0.048149556 2.0623868
  vertex -0.47010344 -0.095857546 2.0604978
 endloop
endfacet
facet normal -0.20308575 0.034334224 0.97855884
 outer loop
  vertex -0.43286067 -0.0004085738 2.064878
  vertex -0.47010344 -0.095857546 2.0604978
  vertex -0.38528958 -0.12713106 2.079197
 endloop
endfacet
facet normal -0.18834499 0.38556474 0.90325296
 outer loop
  vertex -0.17103188 0.2053335 2.1536682
  vertex 0.0066343434 0.29806584 2.151131
  vertex -0.15471838 0.29521367 2.1187034
 endloop
endfacet
facet normal -0.26323617 0.67571837 0.6885575
 outer loop
  vertex 0.020345371 0.10248938 2.3277583
  vertex 0.04600047 0.21639189 2.2257876
  vertex -0.17103188 0.2053335 2.1536682
 endloop
endfacet
facet normal -0.2854521 0.5680194 0.7719268
 outer loop
  vertex -0.17103188 0.2053335 2.1536682
  vertex 0.04600047 0.21639189 2.2257876
  vertex 0.0066343434 0.29806584 2.151131
 endloop
endfacet
facet normal -0.18994908 0.3597637 0.91350394
 outer loop
  vertex 0.0066343434 0.29806584 2.151131
  vertex -0.07271078 0.34439906 2.116385
  vertex -0.15471838 0.29521367 2.1187034
 endloop
endfacet
facet normal -0.7923868 -0.037060358 0.6088924
 outer loop
  vertex -0.28990144 -0.10229569 2.170055
  vertex -0.13432881 -0.030096576 2.376905
  vertex -0.2613122 0.03674602 2.2157226
 endloop
endfacet
facet normal -0.33108652 -0.18882193 0.924515
 outer loop
  vertex -0.5796127 0.1613757 2.0086184
  vertex -0.6123645 0.17254922 1.9991714
  vertex -0.5860537 0.10218906 1.9942235
 endloop
endfacet
facet normal -0.59159964 0.5378734 0.60058475
 outer loop
  vertex -0.17103188 0.2053335 2.1536682
  vertex -0.2613122 0.03674602 2.2157226
  vertex -0.11755706 0.0057148626 2.385118
 endloop
endfacet
facet normal -0.55548114 -0.5478767 0.62551725
 outer loop
  vertex -0.12289572 -0.03929773 2.131422
  vertex -0.051268276 -0.020391945 2.2115889
  vertex -0.077358775 0.0001805052 2.2064385
 endloop
endfacet
facet normal -0.7107529 0.1905789 0.67713374
 outer loop
  vertex -0.1408148 0.20426604 2.0440624
  vertex -0.4187915 0.03951784 1.7986526
  vertex -0.12289572 -0.03929773 2.131422
 endloop
endfacet
facet normal -0.2304131 -0.60486233 0.7622673
 outer loop
  vertex -0.12507533 -0.3409289 1.8229887
  vertex -0.2752744 -0.19897796 1.8902262
  vertex -0.47317278 -0.33080673 1.7258002
 endloop
endfacet
facet normal -0.23604691 -0.5714987 0.7859206
 outer loop
  vertex -0.12507533 -0.3409289 1.8229887
  vertex -0.47317278 -0.33080673 1.7258002
  vertex -0.36320445 -0.44441912 1.6762129
 endloop
endfacet
facet normal -0.5676922 -0.5278862 0.63171333
 outer loop
  vertex -0.12289572 -0.03929773 2.131422
  vertex -0.091221824 -0.08748754 2.1196165
  vertex -0.051268276 -0.020391945 2.2115889
 endloop
endfacet
facet normal -0.14846212 -0.5030631 0.8514026
 outer loop
  vertex -0.47317278 -0.33080673 1.7258002
  vertex -0.6168439 -0.44820243 1.6313828
  vertex -0.55526024 -0.53215146 1.5925189
 endloop
endfacet
facet normal -0.1394874 -0.5064123 0.85093474
 outer loop
  vertex -0.47317278 -0.33080673 1.7258002
  vertex -0.55526024 -0.53215146 1.5925189
  vertex -0.36320445 -0.44441912 1.6762129
 endloop
endfacet
facet normal -0.20605789 -0.556529 0.80486995
 outer loop
  vertex 0.16856122 -0.16863117 2.0172994
  vertex -0.12507533 -0.3409289 1.8229887
  vertex -0.026387151 -0.4504997 1.7724913
 endloop
endfacet
facet normal -0.18643492 -0.63466084 0.74996513
 outer loop
  vertex -0.12507533 -0.3409289 1.8229887
  vertex -0.36320445 -0.44441912 1.6762129
  vertex -0.16897336 -0.48073593 1.6937639
 endloop
endfacet
facet normal 0.017600274 -0.7611561 0.64832985
 outer loop
  vertex 0.16856122 -0.16863117 2.0172994
  vertex -0.091221824 -0.08748754 2.1196165
  vertex -0.12507533 -0.3409289 1.8229887
 endloop
endfacet
facet normal 0.0018357727 -0.41900113 0.90798384
 outer loop
  vertex -0.6089398 -0.5592699 1.5801133
  vertex -0.55526024 -0.53215146 1.5925189
  vertex -0.6168439 -0.44820243 1.6313828
 endloop
endfacet
facet normal -0.04293955 -0.4212404 0.905932
 outer loop
  vertex -0.6089398 -0.5592699 1.5801133
  vertex -0.6168439 -0.44820243 1.6313828
  vertex -0.67735773 -0.50610226 1.6015923
 endloop
endfacet
facet normal -0.6116056 -0.0652985 0.78846353
 outer loop
  vertex -0.47317278 -0.33080673 1.7258002
  vertex -0.2752744 -0.19897796 1.8902262
  vertex -0.4187915 0.03951784 1.7986526
 endloop
endfacet
facet normal -0.5668114 -0.07810734 0.82013667
 outer loop
  vertex -0.47317278 -0.33080673 1.7258002
  vertex -0.4187915 0.03951784 1.7986526
  vertex -0.5507483 -0.21141526 1.6835568
 endloop
endfacet
facet normal 0.020481404 -0.6636282 0.7477821
 outer loop
  vertex -0.026387151 -0.4504997 1.7724913
  vertex 0.22604121 -0.40217873 1.8084605
  vertex 0.16856122 -0.16863117 2.0172994
 endloop
endfacet
facet normal -0.5621708 0.006352762 0.82699674
 outer loop
  vertex -0.5507483 -0.21141526 1.6835568
  vertex -0.6714768 -0.254369 1.6018187
  vertex -0.6722838 -0.33806163 1.601913
 endloop
endfacet
facet normal -0.056447484 -0.38944155 0.91931987
 outer loop
  vertex -0.026387151 -0.4504997 1.7724913
  vertex 0.110389024 -0.50967324 1.7558225
  vertex 0.22604121 -0.40217873 1.8084605
 endloop
endfacet
facet normal -0.25485563 -0.289205 0.9227183
 outer loop
  vertex -0.6325248 -0.15479982 1.6787149
  vertex -0.5507483 -0.21141526 1.6835568
  vertex -0.4187915 0.03951784 1.7986526
 endloop
endfacet
facet normal -0.61441904 0.20566824 0.7617019
 outer loop
  vertex -0.6325248 -0.15479982 1.6787149
  vertex -0.4187915 0.03951784 1.7986526
  vertex -0.5422748 0.021126391 1.704012
 endloop
endfacet
facet normal -0.20500773 -0.035478745 0.9781171
 outer loop
  vertex -0.5422748 0.021126391 1.704012
  vertex -0.63829 -0.069214955 1.6806109
  vertex -0.6325248 -0.15479982 1.6787149
 endloop
endfacet
facet normal -0.52690727 -0.038039625 0.8490711
 outer loop
  vertex -0.6722838 -0.33806163 1.601913
  vertex -0.6168439 -0.44820243 1.6313828
  vertex -0.47317278 -0.33080673 1.7258002
 endloop
endfacet
facet normal -0.5267267 -0.041848138 0.8490039
 outer loop
  vertex -0.6722838 -0.33806163 1.601913
  vertex -0.47317278 -0.33080673 1.7258002
  vertex -0.5507483 -0.21141526 1.6835568
 endloop
endfacet
facet normal -0.52992004 -0.5136194 0.67481846
 outer loop
  vertex -0.2752744 -0.19897796 1.8902262
  vertex -0.091221824 -0.08748754 2.1196165
  vertex -0.12289572 -0.03929773 2.131422
 endloop
endfacet
facet normal -0.4507898 0.011908115 0.89255065
 outer loop
  vertex -0.67735773 -0.50610226 1.6015923
  vertex -0.6168439 -0.44820243 1.6313828
  vertex -0.6722838 -0.33806163 1.601913
 endloop
endfacet
facet normal -0.40242702 0.010404238 0.91539294
 outer loop
  vertex -0.67735773 -0.50610226 1.6015923
  vertex -0.6722838 -0.33806163 1.601913
  vertex -0.73427254 -0.45022494 1.5759362
 endloop
endfacet
facet normal -0.35413173 0.06756646 0.93275154
 outer loop
  vertex -0.73427254 -0.45022494 1.5759362
  vertex -0.71632487 -0.5386627 1.5891565
  vertex -0.67735773 -0.50610226 1.6015923
 endloop
endfacet
facet normal -0.03319233 -0.2694433 0.96244407
 outer loop
  vertex -0.42327908 -0.56152207 1.5888481
  vertex -0.55526024 -0.53215146 1.5925189
  vertex -0.49171788 -0.58721834 1.579294
 endloop
endfacet
facet normal -0.1019303 -0.56073654 0.8216963
 outer loop
  vertex -0.55526024 -0.53215146 1.5925189
  vertex -0.42327908 -0.56152207 1.5888481
  vertex -0.36320445 -0.44441912 1.6762129
 endloop
endfacet
facet normal 0.044842444 -0.018163854 0.9988289
 outer loop
  vertex -0.36320445 -0.44441912 1.6762129
  vertex -0.33117867 -0.52565825 1.6732978
  vertex -0.27262458 -0.5631424 1.6699873
 endloop
endfacet
facet normal -0.11491262 -0.1392486 0.9835674
 outer loop
  vertex -0.36320445 -0.44441912 1.6762129
  vertex -0.27262458 -0.5631424 1.6699873
  vertex -0.16897336 -0.48073593 1.6937639
 endloop
endfacet
facet normal -0.4089366 0.054472923 0.9109356
 outer loop
  vertex -0.4187915 0.03951784 1.7986526
  vertex -0.39998224 0.33088252 1.7896732
  vertex -0.5194271 0.12699987 1.748244
 endloop
endfacet
facet normal -0.7001013 0.13754642 0.7006704
 outer loop
  vertex -0.1408148 0.20426604 2.0440624
  vertex -0.26628187 0.31992033 1.8959935
  vertex -0.4187915 0.03951784 1.7986526
 endloop
endfacet
facet normal -0.61790824 0.064040124 0.7836379
 outer loop
  vertex -0.4187915 0.03951784 1.7986526
  vertex -0.26628187 0.31992033 1.8959935
  vertex -0.39998224 0.33088252 1.7896732
 endloop
endfacet
facet normal -0.38750812 0.039873216 0.9210036
 outer loop
  vertex -0.39998224 0.33088252 1.7896732
  vertex -0.51872724 0.26629058 1.7425082
  vertex -0.5194271 0.12699987 1.748244
 endloop
endfacet
facet normal -0.36721542 -0.6860532 0.6280794
 outer loop
  vertex -0.12507533 -0.3409289 1.8229887
  vertex -0.091221824 -0.08748754 2.1196165
  vertex -0.2752744 -0.19897796 1.8902262
 endloop
endfacet
facet normal 0.00826648 -0.36539885 0.9308143
 outer loop
  vertex -0.67735773 -0.50610226 1.6015923
  vertex -0.71632487 -0.5386627 1.5891565
  vertex -0.6089398 -0.5592699 1.5801133
 endloop
endfacet
facet normal -0.7544962 -0.21607777 0.6197143
 outer loop
  vertex -0.4187915 0.03951784 1.7986526
  vertex -0.2752744 -0.19897796 1.8902262
  vertex -0.12289572 -0.03929773 2.131422
 endloop
endfacet
facet normal -0.4129906 -0.68518174 0.59997076
 outer loop
  vertex -0.13569877 -0.05978623 2.4350445
  vertex -0.07519376 -0.02715791 2.5139556
  vertex -0.10424048 -0.014160764 2.5088043
 endloop
endfacet
facet normal -0.748566 -0.0102686295 0.66298085
 outer loop
  vertex -0.20900948 0.16422129 2.3557396
  vertex -0.42315835 -0.048880316 2.1106453
  vertex -0.13569877 -0.05978623 2.4350445
 endloop
endfacet
facet normal -0.086646 -0.6630064 0.74358255
 outer loop
  vertex -0.059938643 -0.33251655 2.1334398
  vertex -0.23454869 -0.23830533 2.1970956
  vertex -0.38371536 -0.40377378 2.032176
 endloop
endfacet
facet normal -0.10087548 -0.6327297 0.7677742
 outer loop
  vertex -0.059938643 -0.33251655 2.1334398
  vertex -0.38371536 -0.40377378 2.032176
  vertex -0.2535515 -0.4817296 1.9850338
 endloop
endfacet
facet normal -0.42991725 -0.6690332 0.60627204
 outer loop
  vertex -0.13569877 -0.05978623 2.4350445
  vertex -0.09455304 -0.09665837 2.4235325
  vertex -0.07519376 -0.02715791 2.5139556
 endloop
endfacet
facet normal -0.034399226 -0.546387 0.8368261
 outer loop
  vertex -0.38371536 -0.40377378 2.032176
  vertex -0.48727384 -0.54466355 1.9359282
  vertex -0.40931576 -0.6069061 1.8984929
 endloop
endfacet
facet normal -0.024865046 -0.54738253 0.83651304
 outer loop
  vertex -0.38371536 -0.40377378 2.032176
  vertex -0.40931576 -0.6069061 1.8984929
  vertex -0.2535515 -0.4817296 1.9850338
 endloop
endfacet
facet normal -0.075936146 -0.611268 0.78777224
 outer loop
  vertex 0.16787207 -0.10738088 2.3300922
  vertex -0.059938643 -0.33251655 2.1334398
  vertex 0.05880401 -0.4093908 2.0852356
 endloop
endfacet
facet normal -0.036397133 -0.68058205 0.7317673
 outer loop
  vertex -0.059938643 -0.33251655 2.1334398
  vertex -0.2535515 -0.4817296 1.9850338
  vertex -0.064885154 -0.46951285 2.00578
 endloop
endfacet
facet normal 0.19464064 -0.7495712 0.6326594
 outer loop
  vertex 0.16787207 -0.10738088 2.3300922
  vertex -0.09455304 -0.09665837 2.4235325
  vertex -0.059938643 -0.33251655 2.1334398
 endloop
endfacet
facet normal 0.08906553 -0.4290656 0.89887154
 outer loop
  vertex -0.45243084 -0.6445808 1.8847815
  vertex -0.40931576 -0.6069061 1.8984929
  vertex -0.48727384 -0.54466355 1.9359282
 endloop
endfacet
facet normal 0.046314374 -0.44232804 0.89565665
 outer loop
  vertex -0.45243084 -0.6445808 1.8847815
  vertex -0.48727384 -0.54466355 1.9359282
  vertex -0.52905196 -0.61210394 1.9047825
 endloop
endfacet
facet normal -0.5908428 -0.23623388 0.7714262
 outer loop
  vertex -0.38371536 -0.40377378 2.032176
  vertex -0.23454869 -0.23830533 2.1970956
  vertex -0.42315835 -0.048880316 2.1106453
 endloop
endfacet
facet normal -0.5448783 -0.23831366 0.8039368
 outer loop
  vertex -0.38371536 -0.40377378 2.032176
  vertex -0.42315835 -0.048880316 2.1106453
  vertex -0.48351884 -0.310406 1.9922103
 endloop
endfacet
facet normal 0.17120445 -0.6570471 0.7341513
 outer loop
  vertex 0.05880401 -0.4093908 2.0852356
  vertex 0.28090864 -0.30518124 2.1267056
  vertex 0.16787207 -0.10738088 2.3300922
 endloop
endfacet
facet normal -0.5615918 -0.15556855 0.812658
 outer loop
  vertex -0.48351884 -0.310406 1.9922103
  vertex -0.5838208 -0.3770388 1.9101404
  vertex -0.5645494 -0.4549201 1.9085491
 endloop
endfacet
facet normal 0.02504536 -0.41525793 0.9093589
 outer loop
  vertex 0.05880401 -0.4093908 2.0852356
  vertex 0.20022888 -0.43124443 2.071361
  vertex 0.28090864 -0.30518124 2.1267056
 endloop
endfacet
facet normal -0.19212575 -0.36770657 0.90987885
 outer loop
  vertex -0.57288533 -0.27725446 1.9867375
  vertex -0.48351884 -0.310406 1.9922103
  vertex -0.42315835 -0.048880316 2.1106453
 endloop
endfacet
facet normal -0.6606695 0.026104392 0.7502229
 outer loop
  vertex -0.57288533 -0.27725446 1.9867375
  vertex -0.42315835 -0.048880316 2.1106453
  vertex -0.5316585 -0.093046136 2.0166335
 endloop
endfacet
facet normal -0.20823194 -0.11110604 0.97174835
 outer loop
  vertex -0.5316585 -0.093046136 2.0166335
  vertex -0.5987466 -0.19923604 1.9901161
  vertex -0.57288533 -0.27725446 1.9867375
 endloop
endfacet
facet normal -0.5167919 -0.1903481 0.83468175
 outer loop
  vertex -0.5645494 -0.4549201 1.9085491
  vertex -0.48727384 -0.54466355 1.9359282
  vertex -0.38371536 -0.40377378 2.032176
 endloop
endfacet
facet normal -0.51566577 -0.19398774 0.83454037
 outer loop
  vertex -0.5645494 -0.4549201 1.9085491
  vertex -0.38371536 -0.40377378 2.032176
  vertex -0.48351884 -0.310406 1.9922103
 endloop
endfacet
facet normal -0.39772615 -0.6469487 0.650593
 outer loop
  vertex -0.23454869 -0.23830533 2.1970956
  vertex -0.09455304 -0.09665837 2.4235325
  vertex -0.13569877 -0.05978623 2.4350445
 endloop
endfacet
facet normal -0.4563852 -0.12418008 0.88107425
 outer loop
  vertex -0.52905196 -0.61210394 1.9047825
  vertex -0.48727384 -0.54466355 1.9359282
  vertex -0.5645494 -0.4549201 1.9085491
 endloop
endfacet
facet normal -0.40962666 -0.11419559 0.90507746
 outer loop
  vertex -0.52905196 -0.61210394 1.9047825
  vertex -0.5645494 -0.4549201 1.9085491
  vertex -0.5947841 -0.57317746 1.8799444
 endloop
endfacet
facet normal -0.37746096 -0.047284257 0.9248175
 outer loop
  vertex -0.5947841 -0.57317746 1.8799444
  vertex -0.55720735 -0.6513167 1.8912861
  vertex -0.52905196 -0.61210394 1.9047825
 endloop
endfacet
facet normal 0.01679934 -0.29442248 0.95552766
 outer loop
  vertex -0.2797088 -0.6025681 1.897551
  vertex -0.40931576 -0.6069061 1.8984929
  vertex -0.33691654 -0.6425179 1.8862472
 endloop
endfacet
facet normal 0.02560894 -0.5898567 0.8071018
 outer loop
  vertex -0.40931576 -0.6069061 1.8984929
  vertex -0.2797088 -0.6025681 1.897551
  vertex -0.2535515 -0.4817296 1.9850338
 endloop
endfacet
facet normal 0.028957115 -0.03267677 0.9990463
 outer loop
  vertex -0.2535515 -0.4817296 1.9850338
  vertex -0.20433453 -0.5494192 1.9813932
  vertex -0.14095289 -0.57015103 1.978878
 endloop
endfacet
facet normal -0.09520948 -0.18928023 0.97729635
 outer loop
  vertex -0.2535515 -0.4817296 1.9850338
  vertex -0.14095289 -0.57015103 1.978878
  vertex -0.064885154 -0.46951285 2.00578
 endloop
endfacet
facet normal -0.4268352 -0.07303343 0.90137553
 outer loop
  vertex -0.42315835 -0.048880316 2.1106453
  vertex -0.47523987 0.2262903 2.1082783
  vertex -0.5365849 0.009568692 2.0616693
 endloop
endfacet
facet normal -0.7254675 -0.059579335 0.6856728
 outer loop
  vertex -0.20900948 0.16422129 2.3557396
  vertex -0.35044593 0.24535397 2.2131443
  vertex -0.42315835 -0.048880316 2.1106453
 endloop
endfacet
facet normal -0.62912655 -0.11245872 0.7691248
 outer loop
  vertex -0.42315835 -0.048880316 2.1106453
  vertex -0.35044593 0.24535397 2.2131443
  vertex -0.47523987 0.2262903 2.1082783
 endloop
endfacet
facet normal -0.40263703 -0.08209706 0.91167074
 outer loop
  vertex -0.47523987 0.2262903 2.1082783
  vertex -0.56915414 0.13917439 2.0589564
  vertex -0.5365849 0.009568692 2.0616693
 endloop
endfacet
facet normal -0.19628489 -0.77214694 0.60436845
 outer loop
  vertex -0.059938643 -0.33251655 2.1334398
  vertex -0.09455304 -0.09665837 2.4235325
  vertex -0.23454869 -0.23830533 2.1970956
 endloop
endfacet
facet normal 0.08148208 -0.37617323 0.9229597
 outer loop
  vertex -0.52905196 -0.61210394 1.9047825
  vertex -0.55720735 -0.6513167 1.8912861
  vertex -0.45243084 -0.6445808 1.8847815
 endloop
endfacet
facet normal -0.6883553 -0.41335386 0.5960752
 outer loop
  vertex -0.42315835 -0.048880316 2.1106453
  vertex -0.23454869 -0.23830533 2.1970956
  vertex -0.13569877 -0.05978623 2.4350445
 endloop
endfacet
facet normal 0.69971734 0.38859156 0.59949327
 outer loop
  vertex -0.045996357 -0.022233356 2.4646251
  vertex -0.09463744 -0.020914342 2.520543
  vertex -0.081384614 -0.039144933 2.5168917
 endloop
endfacet
facet normal 0.6545842 -0.36377382 0.6627127
 outer loop
  vertex -0.080026254 -0.18569097 2.408513
  vertex 0.12658297 -0.13039812 2.2347891
  vertex -0.045996357 -0.022233356 2.4646251
 endloop
endfacet
facet normal 0.40576637 0.53194195 0.7432304
 outer loop
  vertex 0.0035700388 0.17194651 2.250927
  vertex 0.07760115 0.052495964 2.2960024
  vertex 0.22752652 0.10147183 2.179098
 endloop
endfacet
facet normal 0.4030387 0.49860993 0.7674294
 outer loop
  vertex 0.0035700388 0.17194651 2.250927
  vertex 0.22752652 0.10147183 2.179098
  vertex 0.17506523 0.19526176 2.1457129
 endloop
endfacet
facet normal 0.7063549 0.36616087 0.60579616
 outer loop
  vertex -0.045996357 -0.022233356 2.4646251
  vertex -0.058264013 0.014926201 2.4564688
  vertex -0.09463744 -0.020914342 2.520543
 endloop
endfacet
facet normal 0.3024257 0.45686543 0.8365481
 outer loop
  vertex 0.22752652 0.10147183 2.179098
  vertex 0.34079605 0.1514536 2.1108525
  vertex 0.31485903 0.21717732 2.0843353
 endloop
endfacet
facet normal 0.29465365 0.46247754 0.83623785
 outer loop
  vertex 0.22752652 0.10147183 2.179098
  vertex 0.31485903 0.21717732 2.0843353
  vertex 0.17506523 0.19526176 2.1457129
 endloop
endfacet
facet normal 0.37073374 0.4924245 0.7874482
 outer loop
  vertex -0.21569413 0.11407369 2.3903477
  vertex 0.0035700388 0.17194651 2.250927
  vertex -0.042258512 0.2610428 2.2167876
 endloop
endfacet
facet normal 0.37094274 0.57220745 0.7314233
 outer loop
  vertex 0.0035700388 0.17194651 2.250927
  vertex 0.17506523 0.19526176 2.1457129
  vertex 0.054888148 0.25431982 2.1604586
 endloop
endfacet
facet normal 0.20490754 0.7470807 0.63236326
 outer loop
  vertex -0.21569413 0.11407369 2.3903477
  vertex -0.058264013 0.014926201 2.4564688
  vertex 0.0035700388 0.17194651 2.250927
 endloop
endfacet
facet normal 0.13696513 0.41664198 0.8986935
 outer loop
  vertex 0.35462505 0.22510387 2.0746
  vertex 0.31485903 0.21717732 2.0843353
  vertex 0.34079605 0.1514536 2.1108525
 endloop
endfacet
facet normal 0.18064514 0.40684715 0.89545673
 outer loop
  vertex 0.35462505 0.22510387 2.0746
  vertex 0.34079605 0.1514536 2.1108525
  vertex 0.39023483 0.17813034 2.0887585
 endloop
endfacet
facet normal 0.6304233 -0.08924577 0.7711042
 outer loop
  vertex 0.22752652 0.10147183 2.179098
  vertex 0.07760115 0.052495964 2.2960024
  vertex 0.12658297 -0.13039812 2.2347891
 endloop
endfacet
facet normal 0.59162086 -0.064541474 0.8036288
 outer loop
  vertex 0.22752652 0.10147183 2.179098
  vertex 0.12658297 -0.13039812 2.2347891
  vertex 0.25587025 0.008911453 2.1507978
 endloop
endfacet
facet normal 0.17920122 0.6552022 0.73389167
 outer loop
  vertex -0.042258512 0.2610428 2.2167876
  vertex -0.21541797 0.27540046 2.2462513
  vertex -0.21569413 0.11407369 2.3903477
 endloop
endfacet
facet normal 0.56490433 -0.14461368 0.8123854
 outer loop
  vertex 0.25587025 0.008911453 2.1507978
  vertex 0.34094882 0.014437279 2.0926208
  vertex 0.35658693 0.06906878 2.0914717
 endloop
endfacet
facet normal 0.18560779 0.37278208 0.9091663
 outer loop
  vertex -0.042258512 0.2610428 2.2167876
  vertex -0.1214149 0.32435432 2.206988
  vertex -0.21541797 0.27540046 2.2462513
 endloop
endfacet
facet normal 0.35024187 0.22338276 0.9096322
 outer loop
  vertex 0.2990602 -0.042977184 2.1469107
  vertex 0.25587025 0.008911453 2.1507978
  vertex 0.12658297 -0.13039812 2.2347891
 endloop
endfacet
facet normal 0.56029814 -0.3515119 0.7500036
 outer loop
  vertex 0.2990602 -0.042977184 2.1469107
  vertex 0.12658297 -0.13039812 2.2347891
  vertex 0.2087661 -0.14156537 2.1681595
 endloop
endfacet
facet normal 0.23643088 -0.0071254726 0.9716222
 outer loop
  vertex 0.2087661 -0.14156537 2.1681595
  vertex 0.28742173 -0.10001745 2.1493244
  vertex 0.2990602 -0.042977184 2.1469107
 endloop
endfacet
facet normal 0.5433918 -0.09213898 0.8344073
 outer loop
  vertex 0.35658693 0.06906878 2.0914717
  vertex 0.34079605 0.1514536 2.1108525
  vertex 0.22752652 0.10147183 2.179098
 endloop
endfacet
facet normal 0.5442284 -0.08842077 0.8342645
 outer loop
  vertex 0.35658693 0.06906878 2.0914717
  vertex 0.22752652 0.10147183 2.179098
  vertex 0.25587025 0.008911453 2.1507978
 endloop
endfacet
facet normal 0.6674664 0.36305517 0.650138
 outer loop
  vertex 0.07760115 0.052495964 2.2960024
  vertex -0.058264013 0.014926201 2.4564688
  vertex -0.045996357 -0.022233356 2.4646251
 endloop
endfacet
facet normal 0.4580848 -0.11941568 0.8808508
 outer loop
  vertex 0.39023483 0.17813034 2.0887585
  vertex 0.34079605 0.1514536 2.1108525
  vertex 0.35658693 0.06906878 2.0914717
 endloop
endfacet
facet normal 0.41257128 -0.10477598 0.90487957
 outer loop
  vertex 0.39023483 0.17813034 2.0887585
  vertex 0.35658693 0.06906878 2.0914717
  vertex 0.41686428 0.13102914 2.0711632
 endloop
endfacet
facet normal 0.35136038 -0.1467733 0.92466396
 outer loop
  vertex 0.41686428 0.13102914 2.0711632
  vertex 0.42135563 0.19227906 2.0791788
  vertex 0.39023483 0.17813034 2.0887585
 endloop
endfacet
facet normal 0.13260171 0.26390693 0.9553899
 outer loop
  vertex 0.2337261 0.26023552 2.083702
  vertex 0.31485903 0.21717732 2.0843353
  vertex 0.28295112 0.2645883 2.0756676
 endloop
endfacet
facet normal 0.27202702 0.5244358 0.8068261
 outer loop
  vertex 0.31485903 0.21717732 2.0843353
  vertex 0.2337261 0.26023552 2.083702
  vertex 0.17506523 0.19526176 2.1457129
 endloop
endfacet
facet normal -0.008297211 0.042996846 0.9990407
 outer loop
  vertex 0.17506523 0.19526176 2.1457129
  vertex 0.16871525 0.2541976 2.1431236
  vertex 0.13710018 0.28929 2.1413507
 endloop
endfacet
facet normal 0.17736974 0.11694759 0.97717106
 outer loop
  vertex 0.17506523 0.19526176 2.1457129
  vertex 0.13710018 0.28929 2.1413507
  vertex 0.054888148 0.25431982 2.1604586
 endloop
endfacet
facet normal 0.40699324 -0.14904375 0.90118957
 outer loop
  vertex 0.12658297 -0.13039812 2.2347891
  vertex 0.061494958 -0.3177765 2.2331944
  vertex 0.17560889 -0.20631957 2.2000918
 endloop
endfacet
facet normal 0.65912753 -0.30950516 0.6853886
 outer loop
  vertex -0.080026254 -0.18569097 2.408513
  vertex -0.021835808 -0.285442 2.307507
  vertex 0.12658297 -0.13039812 2.2347891
 endloop
endfacet
facet normal 0.60196924 -0.21564454 0.7688501
 outer loop
  vertex 0.12658297 -0.13039812 2.2347891
  vertex -0.021835808 -0.285442 2.307507
  vertex 0.061494958 -0.3177765 2.2331944
 endloop
endfacet
facet normal 0.39052898 -0.12912793 0.9114894
 outer loop
  vertex 0.061494958 -0.3177765 2.2331944
  vertex 0.14988898 -0.29741117 2.198207
  vertex 0.17560889 -0.20631957 2.2000918
 endloop
endfacet
facet normal 0.55512285 0.5719394 0.6039238
 outer loop
  vertex 0.0035700388 0.17194651 2.250927
  vertex -0.058264013 0.014926201 2.4564688
  vertex 0.07760115 0.052495964 2.2960024
 endloop
endfacet
facet normal 0.117207676 0.3670002 0.9228072
 outer loop
  vertex 0.39023483 0.17813034 2.0887585
  vertex 0.42135563 0.19227906 2.0791788
  vertex 0.35462505 0.22510387 2.0746
 endloop
endfacet
facet normal 0.8031035 0.015729886 0.59563184
 outer loop
  vertex 0.12658297 -0.13039812 2.2347891
  vertex 0.07760115 0.052495964 2.2960024
  vertex -0.045996357 -0.022233356 2.4646251
 endloop
endfacet
facet normal -0.031885486 0.8027407 0.59547526
 outer loop
  vertex -0.08595087 0.00027046906 2.5492425
  vertex -0.10276963 -0.030768262 2.5901842
  vertex -0.0865469 -0.028135981 2.5875044
 endloop
endfacet
facet normal 0.6196378 0.42408308 0.66045624
 outer loop
  vertex 0.009318 -0.07575827 2.50868
  vertex 0.041110527 0.07630786 2.3812099
  vertex -0.08595087 0.00027046906 2.5492425
 endloop
endfacet
facet normal -0.29218015 0.60550714 0.7402647
 outer loop
  vertex -0.19616982 0.09551508 2.3929353
  vertex -0.09406775 0.10467651 2.425741
  vertex -0.076761365 0.21796271 2.3399081
 endloop
endfacet
facet normal -0.26363912 0.588189 0.7645444
 outer loop
  vertex -0.19616982 0.09551508 2.3929353
  vertex -0.076761365 0.21796271 2.3399081
  vertex -0.15506913 0.21446677 2.3155947
 endloop
endfacet
facet normal -0.008861567 0.79860127 0.6017953
 outer loop
  vertex -0.08595087 0.00027046906 2.5492425
  vertex -0.11417931 0.0044507897 2.5432794
  vertex -0.10276963 -0.030768262 2.5901842
 endloop
endfacet
facet normal -0.27164036 0.47990403 0.83420837
 outer loop
  vertex -0.076761365 0.21796271 2.3399081
  vertex -0.0721363 0.3078859 2.289683
  vertex -0.12345734 0.31247452 2.2703319
 endloop
endfacet
facet normal -0.28014866 0.47548956 0.83392227
 outer loop
  vertex -0.076761365 0.21796271 2.3399081
  vertex -0.12345734 0.31247452 2.2703319
  vertex -0.15506913 0.21446677 2.3155947
 endloop
endfacet
facet normal -0.27265587 0.5566586 0.78472286
 outer loop
  vertex -0.2304423 -0.06576492 2.4954343
  vertex -0.19616982 0.09551508 2.3929353
  vertex -0.2692435 0.09479495 2.3680563
 endloop
endfacet
facet normal -0.34381533 0.592478 0.7285334
 outer loop
  vertex -0.19616982 0.09551508 2.3929353
  vertex -0.15506913 0.21446677 2.3155947
  vertex -0.23298131 0.15564628 2.3266613
 endloop
endfacet
facet normal -0.5747304 0.5224391 0.6298748
 outer loop
  vertex -0.2304423 -0.06576492 2.4954343
  vertex -0.11417931 0.0044507897 2.5432794
  vertex -0.19616982 0.09551508 2.3929353
 endloop
endfacet
facet normal -0.31019214 0.3143574 0.8971958
 outer loop
  vertex -0.115565926 0.34093788 2.2630873
  vertex -0.12345734 0.31247452 2.2703319
  vertex -0.0721363 0.3078859 2.289683
 endloop
endfacet
facet normal -0.28178182 0.34893852 0.893779
 outer loop
  vertex -0.115565926 0.34093788 2.2630873
  vertex -0.0721363 0.3078859 2.289683
  vertex -0.07328209 0.34875873 2.2733648
 endloop
endfacet
facet normal 0.36364588 0.52662855 0.7683906
 outer loop
  vertex -0.076761365 0.21796271 2.3399081
  vertex -0.09406775 0.10467651 2.425741
  vertex 0.041110527 0.07630786 2.3812099
 endloop
endfacet
facet normal 0.32412687 0.5032643 0.80104107
 outer loop
  vertex -0.076761365 0.21796271 2.3399081
  vertex 0.041110527 0.07630786 2.3812099
  vertex -0.0071819387 0.20593037 2.3193135
 endloop
endfacet
facet normal -0.50423723 0.45863622 0.7317087
 outer loop
  vertex -0.2692435 0.09479495 2.3680563
  vertex -0.33543673 -0.013150146 2.3901012
  vertex -0.2304423 -0.06576492 2.4954343
 endloop
endfacet
facet normal 0.38359857 0.4434087 0.81008697
 outer loop
  vertex -0.0071819387 0.20593037 2.3193135
  vertex 0.017141122 0.26293707 2.2765927
  vertex -0.013303202 0.291052 2.27562
 endloop
endfacet
facet normal -0.24912693 0.3381073 0.9075347
 outer loop
  vertex -0.2692435 0.09479495 2.3680563
  vertex -0.3364627 0.063994855 2.3610787
  vertex -0.33543673 -0.013150146 2.3901012
 endloop
endfacet
facet normal -0.041610766 0.41786608 0.9075552
 outer loop
  vertex 0.040788416 0.21700801 2.3164124
  vertex -0.0071819387 0.20593037 2.3193135
  vertex 0.041110527 0.07630786 2.3812099
 endloop
endfacet
facet normal 0.5662647 0.34584758 0.74815357
 outer loop
  vertex 0.040788416 0.21700801 2.3164124
  vertex 0.041110527 0.07630786 2.3812099
  vertex 0.07535286 0.12591779 2.3323593
 endloop
endfacet
facet normal 0.11301169 0.21279186 0.97054005
 outer loop
  vertex 0.07535286 0.12591779 2.3323593
  vertex 0.07411465 0.1907116 2.3182974
  vertex 0.040788416 0.21700801 2.3164124
 endloop
endfacet
facet normal 0.32706583 0.4479312 0.8320971
 outer loop
  vertex -0.013303202 0.291052 2.27562
  vertex -0.0721363 0.3078859 2.289683
  vertex -0.076761365 0.21796271 2.3399081
 endloop
endfacet
facet normal 0.32412308 0.45035037 0.8319427
 outer loop
  vertex -0.013303202 0.291052 2.27562
  vertex -0.076761365 0.21796271 2.3399081
  vertex -0.0071819387 0.20593037 2.3193135
 endloop
endfacet
facet normal -0.0235844 0.7626995 0.64632285
 outer loop
  vertex -0.09406775 0.10467651 2.425741
  vertex -0.11417931 0.0044507897 2.5432794
  vertex -0.08595087 0.00027046906 2.5492425
 endloop
endfacet
facet normal 0.31303138 0.3597081 0.87898886
 outer loop
  vertex -0.07328209 0.34875873 2.2733648
  vertex -0.0721363 0.3078859 2.289683
  vertex -0.013303202 0.291052 2.27562
 endloop
endfacet
facet normal 0.27948147 0.32578307 0.90319186
 outer loop
  vertex -0.07328209 0.34875873 2.2733648
  vertex -0.013303202 0.291052 2.27562
  vertex -0.033868503 0.35057318 2.2605143
 endloop
endfacet
facet normal 0.2894337 0.25231963 0.9233433
 outer loop
  vertex -0.033868503 0.35057318 2.2605143
  vertex -0.07228099 0.37363538 2.266253
  vertex -0.07328209 0.34875873 2.2733648
 endloop
endfacet
facet normal -0.17575796 0.24199872 0.95422524
 outer loop
  vertex -0.17813422 0.2737718 2.2700763
  vertex -0.12345734 0.31247452 2.2703319
  vertex -0.16480978 0.30722812 2.2640457
 endloop
endfacet
facet normal -0.34566927 0.48302805 0.80448526
 outer loop
  vertex -0.12345734 0.31247452 2.2703319
  vertex -0.17813422 0.2737718 2.2700763
  vertex -0.15506913 0.21446677 2.3155947
 endloop
endfacet
facet normal -0.041913707 0.016962683 0.99897724
 outer loop
  vertex -0.15506913 0.21446677 2.3155947
  vertex -0.19553547 0.22967021 2.3136387
  vertex -0.22876836 0.22059564 2.3123984
 endloop
endfacet
facet normal -0.024375128 0.21593396 0.97610366
 outer loop
  vertex -0.15506913 0.21446677 2.3155947
  vertex -0.22876836 0.22059564 2.3123984
  vertex -0.23298131 0.15564628 2.3266613
 endloop
endfacet
facet normal 0.31649396 0.3008522 0.8996219
 outer loop
  vertex 0.041110527 0.07630786 2.3812099
  vertex 0.14176999 -0.027600236 2.380546
  vertex 0.10664295 0.083183445 2.3558557
 endloop
endfacet
facet normal 0.5732294 0.45268193 0.6829986
 outer loop
  vertex 0.009318 -0.07575827 2.50868
  vertex 0.09336719 -0.07098037 2.4349723
  vertex 0.041110527 0.07630786 2.3812099
 endloop
endfacet
facet normal 0.46370706 0.444313 0.76652575
 outer loop
  vertex 0.041110527 0.07630786 2.3812099
  vertex 0.09336719 -0.07098037 2.4349723
  vertex 0.14176999 -0.027600236 2.380546
 endloop
endfacet
facet normal 0.29130283 0.29516765 0.9099553
 outer loop
  vertex 0.14176999 -0.027600236 2.380546
  vertex 0.15752117 0.036522213 2.354704
  vertex 0.10664295 0.083183445 2.3558557
 endloop
endfacet
facet normal -0.2606941 0.75617963 0.60019237
 outer loop
  vertex -0.19616982 0.09551508 2.3929353
  vertex -0.11417931 0.0044507897 2.5432794
  vertex -0.09406775 0.10467651 2.425741
 endloop
endfacet
facet normal -0.27475113 0.27449718 0.92150056
 outer loop
  vertex -0.07328209 0.34875873 2.2733648
  vertex -0.07228099 0.37363538 2.266253
  vertex -0.115565926 0.34093788 2.2630873
 endloop
endfacet
facet normal 0.34760076 0.72719526 0.5919128
 outer loop
  vertex 0.041110527 0.07630786 2.3812099
  vertex -0.09406775 0.10467651 2.425741
  vertex -0.08595087 0.00027046906 2.5492425
 endloop
endfacet
facet normal -0.44206223 -0.6795805 0.5854497
 outer loop
  vertex -0.12699457 -0.055222206 2.856808
  vertex -0.1054624 -0.04476521 2.8852048
  vertex -0.11559129 -0.039786737 2.8833356
 endloop
endfacet
facet normal -0.7557943 0.005163601 0.6547887
 outer loop
  vertex -0.15005144 0.025489641 2.829558
  vertex -0.22754297 -0.046315156 2.740679
  vertex -0.12699457 -0.055222206 2.856808
 endloop
endfacet
facet normal -0.11678327 -0.6703195 0.7328257
 outer loop
  vertex -0.10214384 -0.15131024 2.7486582
  vertex -0.16321528 -0.1161598 2.771078
  vertex -0.2174154 -0.17224541 2.711139
 endloop
endfacet
facet normal -0.13026986 -0.6399346 0.7573067
 outer loop
  vertex -0.10214384 -0.15131024 2.7486582
  vertex -0.2174154 -0.17224541 2.711139
  vertex -0.1719814 -0.20118989 2.694496
 endloop
endfacet
facet normal -0.45852846 -0.6629547 0.5918131
 outer loop
  vertex -0.12699457 -0.055222206 2.856808
  vertex -0.112789586 -0.06872625 2.8526864
  vertex -0.1054624 -0.04476521 2.8852048
 endloop
endfacet
facet normal -0.06174338 -0.5568456 0.828318
 outer loop
  vertex -0.2174154 -0.17224541 2.711139
  vertex -0.25542107 -0.22050102 2.6758657
  vertex -0.2283562 -0.24330576 2.6625524
 endloop
endfacet
facet normal -0.052240714 -0.55815375 0.8280914
 outer loop
  vertex -0.2174154 -0.17224541 2.711139
  vertex -0.2283562 -0.24330576 2.6625524
  vertex -0.1719814 -0.20118989 2.694496
 endloop
endfacet
facet normal -0.10485327 -0.61960334 0.77788013
 outer loop
  vertex -0.019475073 -0.0751531 2.8204627
  vertex -0.10214384 -0.15131024 2.7486582
  vertex -0.060743667 -0.17973095 2.7316008
 endloop
endfacet
facet normal -0.06701613 -0.6893859 0.72128767
 outer loop
  vertex -0.10214384 -0.15131024 2.7486582
  vertex -0.1719814 -0.20118989 2.694496
  vertex -0.105005994 -0.19918987 2.7026303
 endloop
endfacet
facet normal 0.16269551 -0.76459813 0.6236344
 outer loop
  vertex -0.019475073 -0.0751531 2.8204627
  vertex -0.112789586 -0.06872625 2.8526864
  vertex -0.10214384 -0.15131024 2.7486582
 endloop
endfacet
facet normal 0.06484323 -0.44459516 0.8933815
 outer loop
  vertex -0.24403638 -0.25608847 2.657329
  vertex -0.2283562 -0.24330576 2.6625524
  vertex -0.25542107 -0.22050102 2.6758657
 endloop
endfacet
facet normal 0.021719098 -0.45637962 0.88952005
 outer loop
  vertex -0.24403638 -0.25608847 2.657329
  vertex -0.25542107 -0.22050102 2.6758657
  vertex -0.2709083 -0.24376749 2.6643066
 endloop
endfacet
facet normal -0.60685205 -0.22745058 0.7615752
 outer loop
  vertex -0.2174154 -0.17224541 2.711139
  vertex -0.16321528 -0.1161598 2.771078
  vertex -0.22754297 -0.046315156 2.740679
 endloop
endfacet
facet normal -0.5613458 -0.23152275 0.7945364
 outer loop
  vertex -0.2174154 -0.17224541 2.711139
  vertex -0.22754297 -0.046315156 2.740679
  vertex -0.25155804 -0.13775161 2.6970682
 endloop
endfacet
facet normal 0.14121273 -0.6728065 0.72621655
 outer loop
  vertex -0.060743667 -0.17973095 2.7316008
  vertex 0.019090608 -0.1456056 2.7476926
  vertex -0.019475073 -0.0751531 2.8204627
 endloop
endfacet
facet normal -0.57540274 -0.14840059 0.80429405
 outer loop
  vertex -0.25155804 -0.13775161 2.6970682
  vertex -0.28759193 -0.15978242 2.6672242
  vertex -0.28166586 -0.18762238 2.666327
 endloop
endfacet
facet normal 0.0012058949 -0.42881554 0.9033912
 outer loop
  vertex -0.060743667 -0.17973095 2.7316008
  vertex -0.010787394 -0.18908054 2.727096
  vertex 0.019090608 -0.1456056 2.7476926
 endloop
endfacet
facet normal -0.21426108 -0.37408236 0.9023052
 outer loop
  vertex -0.2828422 -0.124911666 2.6949627
  vertex -0.25155804 -0.13775161 2.6970682
  vertex -0.22754297 -0.046315156 2.740679
 endloop
endfacet
facet normal -0.6677139 0.03734099 0.74348086
 outer loop
  vertex -0.2828422 -0.124911666 2.6949627
  vertex -0.22754297 -0.046315156 2.740679
  vertex -0.26617354 -0.060220703 2.7066836
 endloop
endfacet
facet normal -0.22255084 -0.11799674 0.967754
 outer loop
  vertex -0.26617354 -0.060220703 2.7066836
  vertex -0.29111084 -0.09695433 2.69647
  vertex -0.2828422 -0.124911666 2.6949627
 endloop
endfacet
facet normal -0.53202695 -0.1849637 0.82627827
 outer loop
  vertex -0.28166586 -0.18762238 2.666327
  vertex -0.25542107 -0.22050102 2.6758657
  vertex -0.2174154 -0.17224541 2.711139
 endloop
endfacet
facet normal -0.5310213 -0.18863325 0.8260956
 outer loop
  vertex -0.28166586 -0.18762238 2.666327
  vertex -0.2174154 -0.17224541 2.711139
  vertex -0.25155804 -0.13775161 2.6970682
 endloop
endfacet
facet normal -0.4261169 -0.64258885 0.636792
 outer loop
  vertex -0.16321528 -0.1161598 2.771078
  vertex -0.112789586 -0.06872625 2.8526864
  vertex -0.12699457 -0.055222206 2.856808
 endloop
endfacet
facet normal -0.46997786 -0.12150956 0.87427473
 outer loop
  vertex -0.2709083 -0.24376749 2.6643066
  vertex -0.25542107 -0.22050102 2.6758657
  vertex -0.28166586 -0.18762238 2.666327
 endloop
endfacet
facet normal -0.4231767 -0.11342913 0.8989189
 outer loop
  vertex -0.2709083 -0.24376749 2.6643066
  vertex -0.28166586 -0.18762238 2.666327
  vertex -0.29366618 -0.22906025 2.655449
 endloop
endfacet
facet normal -0.38904083 -0.047927346 0.9199729
 outer loop
  vertex -0.29366618 -0.22906025 2.655449
  vertex -0.28130174 -0.2572734 2.6592078
  vertex -0.2709083 -0.24376749 2.6643066
 endloop
endfacet
facet normal -0.003548701 -0.30846372 0.9512295
 outer loop
  vertex -0.18233442 -0.24329261 2.6627283
  vertex -0.2283562 -0.24330576 2.6625524
  vertex -0.20304899 -0.25672805 2.6582942
 endloop
endfacet
facet normal -0.0028813714 -0.6018557 0.7985996
 outer loop
  vertex -0.2283562 -0.24330576 2.6625524
  vertex -0.18233442 -0.24329261 2.6627283
  vertex -0.1719814 -0.20118989 2.694496
 endloop
endfacet
facet normal 0.016776918 -0.04791687 0.9987104
 outer loop
  vertex -0.1719814 -0.20118989 2.694496
  vertex -0.1553069 -0.2257586 2.693037
  vertex -0.13306132 -0.23384662 2.6922753
 endloop
endfacet
facet normal -0.11224547 -0.19996065 0.97335327
 outer loop
  vertex -0.1719814 -0.20118989 2.694496
  vertex -0.13306132 -0.23384662 2.6922753
  vertex -0.105005994 -0.19918987 2.7026303
 endloop
endfacet
facet normal -0.43898234 -0.07167134 0.89563257
 outer loop
  vertex -0.22754297 -0.046315156 2.740679
  vertex -0.24277188 0.051900744 2.7410743
  vertex -0.26689214 -0.023998734 2.7231784
 endloop
endfacet
facet normal -0.7345949 -0.045205567 0.6769984
 outer loop
  vertex -0.15005144 0.025489641 2.829558
  vertex -0.1987001 0.056656405 2.7788515
  vertex -0.22754297 -0.046315156 2.740679
 endloop
endfacet
facet normal -0.64098483 -0.10244979 0.7606855
 outer loop
  vertex -0.22754297 -0.046315156 2.740679
  vertex -0.1987001 0.056656405 2.7788515
  vertex -0.24277188 0.051900744 2.7410743
 endloop
endfacet
facet normal -0.41521132 -0.08168197 0.9060505
 outer loop
  vertex -0.24277188 0.051900744 2.7410743
  vertex -0.27690974 0.022364076 2.7227674
  vertex -0.26689214 -0.023998734 2.7231784
 endloop
endfacet
facet normal -0.22842582 -0.7737501 0.59087425
 outer loop
  vertex -0.10214384 -0.15131024 2.7486582
  vertex -0.112789586 -0.06872625 2.8526864
  vertex -0.16321528 -0.1161598 2.771078
 endloop
endfacet
facet normal 0.0587484 -0.39183676 0.91815716
 outer loop
  vertex -0.2709083 -0.24376749 2.6643066
  vertex -0.28130174 -0.2572734 2.6592078
  vertex -0.24403638 -0.25608847 2.657329
 endloop
endfacet
facet normal -0.7082257 -0.39870247 0.58262575
 outer loop
  vertex -0.22754297 -0.046315156 2.740679
  vertex -0.16321528 -0.1161598 2.771078
  vertex -0.12699457 -0.055222206 2.856808
 endloop
endfacet
facet normal 0.5245062 -0.61208606 0.59181416
 outer loop
  vertex -0.08557828 -0.0701463 2.6131554
  vertex -0.093464315 -0.02425198 2.667611
  vertex -0.108175576 -0.040311977 2.664039
 endloop
endfacet
facet normal -0.22123581 -0.71942693 0.6583918
 outer loop
  vertex -0.24726896 -0.069225736 2.5598292
  vertex -0.15576197 -0.25282842 2.3899546
  vertex -0.08557828 -0.0701463 2.6131554
 endloop
endfacet
facet normal 0.6067354 -0.29646325 0.7375511
 outer loop
  vertex 0.106754646 -0.07778791 2.4054413
  vertex 0.008253373 -0.1714106 2.4488397
  vertex 0.0830878 -0.30299205 2.3343883
 endloop
endfacet
facet normal 0.5736672 -0.30067244 0.76190686
 outer loop
  vertex 0.106754646 -0.07778791 2.4054413
  vertex 0.0830878 -0.30299205 2.3343883
  vertex 0.16153921 -0.23486213 2.3022056
 endloop
endfacet
facet normal 0.50389636 -0.623143 0.5981482
 outer loop
  vertex -0.08557828 -0.0701463 2.6131554
  vertex -0.052815527 -0.051256627 2.6052341
  vertex -0.093464315 -0.02425198 2.667611
 endloop
endfacet
facet normal 0.5129642 -0.21103345 0.83206534
 outer loop
  vertex 0.0830878 -0.30299205 2.3343883
  vertex 0.15202594 -0.40003422 2.2672758
  vertex 0.20908481 -0.36251912 2.241614
 endloop
endfacet
facet normal 0.51690054 -0.20228969 0.83180094
 outer loop
  vertex 0.0830878 -0.30299205 2.3343883
  vertex 0.20908481 -0.36251912 2.241614
  vertex 0.16153921 -0.23486213 2.3022056
 endloop
endfacet
facet normal 0.56123596 -0.27042428 0.78223073
 outer loop
  vertex 0.010162827 0.11755494 2.542276
  vertex 0.106754646 -0.07778791 2.4054413
  vertex 0.1820445 -0.016843878 2.3724911
 endloop
endfacet
facet normal 0.63912123 -0.25417328 0.7258926
 outer loop
  vertex 0.106754646 -0.07778791 2.4054413
  vertex 0.16153921 -0.23486213 2.3022056
  vertex 0.19422334 -0.10971421 2.3172493
 endloop
endfacet
facet normal 0.7765459 -0.055642202 0.62759906
 outer loop
  vertex 0.010162827 0.11755494 2.542276
  vertex -0.052815527 -0.051256627 2.6052341
  vertex 0.106754646 -0.07778791 2.4054413
 endloop
endfacet
facet normal 0.44069374 -0.057507034 0.8958136
 outer loop
  vertex 0.2242542 -0.39856222 2.2318377
  vertex 0.20908481 -0.36251912 2.241614
  vertex 0.15202594 -0.40003422 2.2672758
 endloop
endfacet
facet normal 0.43984908 -0.10222812 0.89223444
 outer loop
  vertex 0.2242542 -0.39856222 2.2318377
  vertex 0.15202594 -0.40003422 2.2672758
  vertex 0.18676032 -0.44150466 2.2454011
 endloop
endfacet
facet normal 0.043456476 -0.6414815 0.7659067
 outer loop
  vertex 0.0830878 -0.30299205 2.3343883
  vertex 0.008253373 -0.1714106 2.4488397
  vertex -0.15576197 -0.25282842 2.3899546
 endloop
endfacet
facet normal 0.060051173 -0.59876215 0.7986725
 outer loop
  vertex 0.0830878 -0.30299205 2.3343883
  vertex -0.15576197 -0.25282842 2.3899546
  vertex 0.0007859953 -0.3475826 2.307147
 endloop
endfacet
facet normal 0.681948 -0.049697883 0.7297103
 outer loop
  vertex 0.1820445 -0.016843878 2.3724911
  vertex 0.16219948 0.14968723 2.402379
  vertex 0.010162827 0.11755494 2.542276
 endloop
endfacet
facet normal -0.02371134 -0.5887384 0.8079758
 outer loop
  vertex 0.0007859953 -0.3475826 2.307147
  vertex 0.022211824 -0.4266344 2.250174
  vertex 0.076972306 -0.43083057 2.2487235
 endloop
endfacet
facet normal 0.40755144 -0.11404221 0.9060332
 outer loop
  vertex 0.1820445 -0.016843878 2.3724911
  vertex 0.22658296 0.07047123 2.3634472
  vertex 0.16219948 0.14968723 2.402379
 endloop
endfacet
facet normal 0.29425016 -0.30531833 0.90564764
 outer loop
  vertex -0.039989214 -0.398521 2.3032224
  vertex 0.0007859953 -0.3475826 2.307147
  vertex -0.15576197 -0.25282842 2.3899546
 endloop
endfacet
facet normal -0.22766554 -0.62528163 0.74645245
 outer loop
  vertex -0.039989214 -0.398521 2.3032224
  vertex -0.15576197 -0.25282842 2.3899546
  vertex -0.15075102 -0.33231482 2.3248994
 endloop
endfacet
facet normal 0.04593609 -0.2405929 0.9695385
 outer loop
  vertex -0.15075102 -0.33231482 2.3248994
  vertex -0.09624757 -0.39858907 2.305871
  vertex -0.039989214 -0.398521 2.3032224
 endloop
endfacet
facet normal 0.023511495 -0.55729604 0.82998097
 outer loop
  vertex 0.076972306 -0.43083057 2.2487235
  vertex 0.15202594 -0.40003422 2.2672758
  vertex 0.0830878 -0.30299205 2.3343883
 endloop
endfacet
facet normal 0.027315542 -0.5573676 0.82981634
 outer loop
  vertex 0.076972306 -0.43083057 2.2487235
  vertex 0.0830878 -0.30299205 2.3343883
  vertex 0.0007859953 -0.3475826 2.307147
 endloop
endfacet
facet normal 0.4932956 -0.5860146 0.6428424
 outer loop
  vertex 0.008253373 -0.1714106 2.4488397
  vertex -0.052815527 -0.051256627 2.6052341
  vertex -0.08557828 -0.0701463 2.6131554
 endloop
endfacet
facet normal -0.020077102 -0.47955993 0.8772794
 outer loop
  vertex 0.18676032 -0.44150466 2.2454011
  vertex 0.15202594 -0.40003422 2.2672758
  vertex 0.076972306 -0.43083057 2.2487235
 endloop
endfacet
facet normal -0.014738685 -0.43223444 0.90164083
 outer loop
  vertex 0.18676032 -0.44150466 2.2454011
  vertex 0.076972306 -0.43083057 2.2487235
  vertex 0.14723061 -0.47572955 2.228348
 endloop
endfacet
facet normal -0.06805751 -0.38085806 0.92212546
 outer loop
  vertex 0.14723061 -0.47572955 2.228348
  vertex 0.20614505 -0.46815518 2.2358246
  vertex 0.18676032 -0.44150466 2.2454011
 endloop
endfacet
facet normal 0.29052067 -0.08433831 0.9531447
 outer loop
  vertex 0.23411109 -0.27733216 2.2415237
  vertex 0.20908481 -0.36251912 2.241614
  vertex 0.24774106 -0.3230385 2.233325
 endloop
endfacet
facet normal 0.57289225 -0.16745356 0.8023428
 outer loop
  vertex 0.20908481 -0.36251912 2.241614
  vertex 0.23411109 -0.27733216 2.2415237
  vertex 0.16153921 -0.23486213 2.3022056
 endloop
endfacet
facet normal 0.046066776 0.008997328 0.99889785
 outer loop
  vertex 0.16153921 -0.23486213 2.3022056
  vertex 0.21610108 -0.21739139 2.299532
  vertex 0.24318673 -0.18063064 2.2979517
 endloop
endfacet
facet normal 0.15566313 -0.15786968 0.9751134
 outer loop
  vertex 0.16153921 -0.23486213 2.3022056
  vertex 0.24318673 -0.18063064 2.2979517
  vertex 0.19422334 -0.10971421 2.3172493
 endloop
endfacet
facet normal -0.059246458 -0.43562567 0.898176
 outer loop
  vertex -0.15576197 -0.25282842 2.3899546
  vertex -0.34583473 -0.2275511 2.3896766
  vertex -0.21832934 -0.31372574 2.3562915
 endloop
endfacet
facet normal -0.16703421 -0.71315753 0.6808127
 outer loop
  vertex -0.24726896 -0.069225736 2.5598292
  vertex -0.33098274 -0.14292753 2.4620872
  vertex -0.15576197 -0.25282842 2.3899546
 endloop
endfacet
facet normal -0.08609304 -0.63896984 0.7643988
 outer loop
  vertex -0.15576197 -0.25282842 2.3899546
  vertex -0.33098274 -0.14292753 2.4620872
  vertex -0.34583473 -0.2275511 2.3896766
 endloop
endfacet
facet normal -0.042982455 -0.41557702 0.90854186
 outer loop
  vertex -0.34583473 -0.2275511 2.3896766
  vertex -0.30958772 -0.30703655 2.3550339
  vertex -0.21832934 -0.31372574 2.3562915
 endloop
endfacet
facet normal 0.6751175 -0.43365842 0.5967887
 outer loop
  vertex 0.106754646 -0.07778791 2.4054413
  vertex -0.052815527 -0.051256627 2.6052341
  vertex 0.008253373 -0.1714106 2.4488397
 endloop
endfacet
facet normal 0.38823873 -0.04830409 0.920292
 outer loop
  vertex 0.18676032 -0.44150466 2.2454011
  vertex 0.20614505 -0.46815518 2.2358246
  vertex 0.2242542 -0.39856222 2.2318377
 endloop
endfacet
facet normal 0.1799717 -0.7881963 0.58852077
 outer loop
  vertex -0.15576197 -0.25282842 2.3899546
  vertex 0.008253373 -0.1714106 2.4488397
  vertex -0.08557828 -0.0701463 2.6131554
 endloop
endfacet
facet normal 0.80066866 0.11495991 0.5879744
 outer loop
  vertex -0.067014635 -0.044851538 2.7239056
  vertex -0.10616113 -0.028397525 2.7739959
  vertex -0.1009758 -0.047669586 2.7707028
 endloop
endfacet
facet normal 0.49195486 -0.572151 0.6562192
 outer loop
  vertex -0.14737542 -0.1695234 2.6754503
  vertex 0.038890764 -0.1889424 2.518879
  vertex -0.067014635 -0.044851538 2.7239056
 endloop
endfacet
facet normal 0.5789629 0.3535765 0.73470104
 outer loop
  vertex 0.03245742 0.1001607 2.533021
  vertex 0.056708004 -0.022028664 2.5727148
  vertex 0.19477558 -0.02878277 2.4671645
 endloop
endfacet
facet normal 0.56491005 0.32340762 0.7591338
 outer loop
  vertex 0.03245742 0.1001607 2.533021
  vertex 0.19477558 -0.02878277 2.4671645
  vertex 0.18045144 0.06537454 2.4377108
 endloop
endfacet
facet normal 0.7989889 0.09163866 0.5943223
 outer loop
  vertex -0.067014635 -0.044851538 2.7239056
  vertex -0.065573454 -0.010225106 2.716629
  vertex -0.10616113 -0.028397525 2.7739959
 endloop
endfacet
facet normal 0.45703182 0.32022244 0.8298069
 outer loop
  vertex 0.19477558 -0.02878277 2.4671645
  vertex 0.3034289 -0.023122344 2.4051373
  vertex 0.3023144 0.039446987 2.3816056
 endloop
endfacet
facet normal 0.45176154 0.32822645 0.8295656
 outer loop
  vertex 0.19477558 -0.02878277 2.4671645
  vertex 0.3023144 0.039446987 2.3816056
  vertex 0.18045144 0.06537454 2.4377108
 endloop
endfacet
facet normal 0.53280747 0.32913244 0.77960753
 outer loop
  vertex -0.16553447 0.121403016 2.6593666
  vertex 0.03245742 0.1001607 2.533021
  vertex 0.022137169 0.18834205 2.502846
 endloop
endfacet
facet normal 0.5605589 0.4035795 0.7231164
 outer loop
  vertex 0.03245742 0.1001607 2.533021
  vertex 0.18045144 0.06537454 2.4377108
  vertex 0.09973653 0.15213646 2.451858
 endloop
endfacet
facet normal 0.46612713 0.62597156 0.625208
 outer loop
  vertex -0.16553447 0.121403016 2.6593666
  vertex -0.065573454 -0.010225106 2.716629
  vertex 0.03245742 0.1001607 2.533021
 endloop
endfacet
facet normal 0.28898552 0.34150338 0.8943505
 outer loop
  vertex 0.33761084 0.03347882 2.3724794
  vertex 0.3023144 0.039446987 2.3816056
  vertex 0.3034289 -0.023122344 2.4051373
 endloop
endfacet
facet normal 0.3262845 0.31681392 0.8905995
 outer loop
  vertex 0.33761084 0.03347882 2.3724794
  vertex 0.3034289 -0.023122344 2.4051373
  vertex 0.3524814 -0.01662076 2.3848534
 endloop
endfacet
facet normal 0.56851363 -0.30687696 0.7632947
 outer loop
  vertex 0.19477558 -0.02878277 2.4671645
  vertex 0.056708004 -0.022028664 2.5727148
  vertex 0.038890764 -0.1889424 2.518879
 endloop
endfacet
facet normal 0.54149556 -0.26996142 0.7961805
 outer loop
  vertex 0.19477558 -0.02878277 2.4671645
  vertex 0.038890764 -0.1889424 2.518879
  vertex 0.18873559 -0.11437322 2.4422512
 endloop
endfacet
facet normal 0.4108995 0.5493203 0.7276048
 outer loop
  vertex 0.022137169 0.18834205 2.502846
  vertex -0.116333485 0.25478882 2.530879
  vertex -0.16553447 0.121403016 2.6593666
 endloop
endfacet
facet normal 0.4881904 -0.33529824 0.8057575
 outer loop
  vertex 0.18873559 -0.11437322 2.4422512
  vertex 0.260177 -0.13663709 2.3897018
  vertex 0.2903135 -0.096326955 2.388217
 endloop
endfacet
facet normal 0.31901106 0.2832257 0.90444195
 outer loop
  vertex 0.022137169 0.18834205 2.502846
  vertex -0.023587253 0.26568797 2.494753
  vertex -0.116333485 0.25478882 2.530879
 endloop
endfacet
facet normal 0.41977355 0.08505635 0.90363467
 outer loop
  vertex 0.20810507 -0.17094369 2.4385781
  vertex 0.18873559 -0.11437322 2.4422512
  vertex 0.038890764 -0.1889424 2.518879
 endloop
endfacet
facet normal 0.4094457 -0.5270979 0.7446623
 outer loop
  vertex 0.20810507 -0.17094369 2.4385781
  vertex 0.038890764 -0.1889424 2.518879
  vertex 0.10257086 -0.22412308 2.458963
 endloop
endfacet
facet normal 0.23235922 -0.08988121 0.9684682
 outer loop
  vertex 0.10257086 -0.22412308 2.458963
  vertex 0.1805376 -0.214507 2.4411492
  vertex 0.20810507 -0.17094369 2.4385781
 endloop
endfacet
facet normal 0.48705313 -0.27858472 0.82774985
 outer loop
  vertex 0.2903135 -0.096326955 2.388217
  vertex 0.3034289 -0.023122344 2.4051373
  vertex 0.19477558 -0.02878277 2.4671645
 endloop
endfacet
facet normal 0.4891553 -0.27540576 0.8275741
 outer loop
  vertex 0.2903135 -0.096326955 2.388217
  vertex 0.19477558 -0.02878277 2.4671645
  vertex 0.18873559 -0.11437322 2.4422512
 endloop
endfacet
facet normal 0.76217353 0.10259979 0.6391908
 outer loop
  vertex 0.056708004 -0.022028664 2.5727148
  vertex -0.065573454 -0.010225106 2.716629
  vertex -0.067014635 -0.044851538 2.7239056
 endloop
endfacet
facet normal 0.39829698 -0.2737122 0.8754663
 outer loop
  vertex 0.3524814 -0.01662076 2.3848534
  vertex 0.3034289 -0.023122344 2.4051373
  vertex 0.2903135 -0.096326955 2.388217
 endloop
endfacet
facet normal 0.36131018 -0.2438284 0.90000147
 outer loop
  vertex 0.3524814 -0.01662076 2.3848534
  vertex 0.2903135 -0.096326955 2.388217
  vertex 0.3594733 -0.06402188 2.3692045
 endloop
endfacet
facet normal 0.2894581 -0.2613043 0.9208333
 outer loop
  vertex 0.3594733 -0.06402188 2.3692045
  vertex 0.38258147 -0.014713936 2.3759327
  vertex 0.3524814 -0.01662076 2.3848534
 endloop
endfacet
facet normal 0.23142534 0.20034279 0.9520006
 outer loop
  vertex 0.24869214 0.10065217 2.3817606
  vertex 0.3023144 0.039446987 2.3816056
  vertex 0.2907163 0.08874711 2.3740501
 endloop
endfacet
facet normal 0.4522172 0.3941646 0.80008364
 outer loop
  vertex 0.3023144 0.039446987 2.3816056
  vertex 0.24869214 0.10065217 2.3817606
  vertex 0.18045144 0.06537454 2.4377108
 endloop
endfacet
facet normal 0.021849673 0.044001922 0.99879247
 outer loop
  vertex 0.18045144 0.06537454 2.4377108
  vertex 0.1937202 0.11617276 2.4351826
  vertex 0.1785729 0.15518574 2.4337952
 endloop
endfacet
facet normal 0.22135213 0.047096387 0.97405607
 outer loop
  vertex 0.18045144 0.06537454 2.4377108
  vertex 0.1785729 0.15518574 2.4337952
  vertex 0.09973653 0.15213646 2.451858
 endloop
endfacet
facet normal 0.34030718 -0.2832226 0.8966471
 outer loop
  vertex 0.038890764 -0.1889424 2.518879
  vertex -0.07402471 -0.32359818 2.5192006
  vertex 0.055132847 -0.26727408 2.487972
 endloop
endfacet
facet normal 0.5158164 -0.5230233 0.6785131
 outer loop
  vertex -0.14737542 -0.1695234 2.6754503
  vertex -0.13189177 -0.27052322 2.585825
  vertex 0.038890764 -0.1889424 2.518879
 endloop
endfacet
facet normal 0.49695793 -0.41490316 0.7621602
 outer loop
  vertex 0.038890764 -0.1889424 2.518879
  vertex -0.13189177 -0.27052322 2.585825
  vertex -0.07402471 -0.32359818 2.5192006
 endloop
endfacet
facet normal 0.33214837 -0.2587499 0.90704244
 outer loop
  vertex -0.07402471 -0.32359818 2.5192006
  vertex 0.0051292516 -0.33460113 2.4870765
  vertex 0.055132847 -0.26727408 2.487972
 endloop
endfacet
facet normal 0.73076695 0.33774355 0.59321916
 outer loop
  vertex 0.03245742 0.1001607 2.533021
  vertex -0.065573454 -0.010225106 2.716629
  vertex 0.056708004 -0.022028664 2.5727148
 endloop
endfacet
facet normal 0.25322437 0.30214596 0.9190132
 outer loop
  vertex 0.3524814 -0.01662076 2.3848534
  vertex 0.38258147 -0.014713936 2.3759327
  vertex 0.33761084 0.03347882 2.3724794
 endloop
endfacet
facet normal 0.764694 -0.27029958 0.58496267
 outer loop
  vertex 0.038890764 -0.1889424 2.518879
  vertex 0.056708004 -0.022028664 2.5727148
  vertex -0.067014635 -0.044851538 2.7239056
 endloop
endfacet
facet normal 0.06540369 -0.8072802 0.58653307
 outer loop
  vertex -0.11299141 -0.06977882 2.7838619
  vertex -0.09595911 -0.035444587 2.8292189
  vertex -0.113642335 -0.039045308 2.8262348
 endloop
endfacet
facet normal -0.6013852 -0.45692885 0.655402
 outer loop
  vertex -0.22103687 0.009778037 2.7401862
  vertex -0.24894412 -0.15700358 2.5983033
  vertex -0.11299141 -0.06977882 2.7838619
 endloop
endfacet
facet normal 0.3172213 -0.6009634 0.7336305
 outer loop
  vertex 0.012348201 -0.16733189 2.611074
  vertex -0.09928705 -0.18247391 2.6469412
  vertex -0.11307736 -0.30654156 2.5512724
 endloop
endfacet
facet normal 0.28797802 -0.5851229 0.7580896
 outer loop
  vertex 0.012348201 -0.16733189 2.611074
  vertex -0.11307736 -0.30654156 2.5512724
  vertex -0.027296033 -0.29881305 2.5246515
 endloop
endfacet
facet normal 0.04222381 -0.8041769 0.59288836
 outer loop
  vertex -0.11299141 -0.06977882 2.7838619
  vertex -0.08181916 -0.072997585 2.777276
  vertex -0.09595911 -0.035444587 2.8292189
 endloop
endfacet
facet normal 0.29144254 -0.47738054 0.8289566
 outer loop
  vertex -0.11307736 -0.30654156 2.5512724
  vertex -0.11402364 -0.40482315 2.4950066
  vertex -0.05748866 -0.4072663 2.4737232
 endloop
endfacet
facet normal 0.29976118 -0.4726102 0.8287236
 outer loop
  vertex -0.11307736 -0.30654156 2.5512724
  vertex -0.05748866 -0.4072663 2.4737232
  vertex -0.027296033 -0.29881305 2.5246515
 endloop
endfacet
facet normal 0.29566586 -0.553471 0.7786215
 outer loop
  vertex 0.042554613 0.009980067 2.7256432
  vertex 0.012348201 -0.16733189 2.611074
  vertex 0.09251271 -0.16288298 2.5837955
 endloop
endfacet
facet normal 0.36826247 -0.58565646 0.72207296
 outer loop
  vertex 0.012348201 -0.16733189 2.611074
  vertex -0.027296033 -0.29881305 2.5246515
  vertex 0.055510323 -0.23082101 2.5375664
 endloop
endfacet
facet normal 0.5960521 -0.5049359 0.62430894
 outer loop
  vertex 0.042554613 0.009980067 2.7256432
  vertex -0.08181916 -0.072997585 2.777276
  vertex 0.012348201 -0.16733189 2.611074
 endloop
endfacet
facet normal 0.32303903 -0.31108376 0.8937968
 outer loop
  vertex -0.06484239 -0.43877617 2.465414
  vertex -0.05748866 -0.4072663 2.4737232
  vertex -0.11402364 -0.40482315 2.4950066
 endloop
endfacet
facet normal 0.2961 -0.3467804 0.88998216
 outer loop
  vertex -0.06484239 -0.43877617 2.465414
  vertex -0.11402364 -0.40482315 2.4950066
  vertex -0.11088924 -0.44942564 2.4765844
 endloop
endfacet
facet normal -0.34133342 -0.5498815 0.7623134
 outer loop
  vertex -0.11307736 -0.30654156 2.5512724
  vertex -0.09928705 -0.18247391 2.6469412
  vertex -0.24894412 -0.15700358 2.5983033
 endloop
endfacet
facet normal -0.30282262 -0.52524835 0.79524374
 outer loop
  vertex -0.11307736 -0.30654156 2.5512724
  vertex -0.24894412 -0.15700358 2.5983033
  vertex -0.18999143 -0.29627982 2.5287619
 endloop
endfacet
facet normal 0.5229499 -0.4452718 0.72681254
 outer loop
  vertex 0.09251271 -0.16288298 2.5837955
  vertex 0.16020209 -0.041653074 2.6093621
  vertex 0.042554613 0.009980067 2.7256432
 endloop
endfacet
facet normal -0.36475685 -0.46803623 0.804919
 outer loop
  vertex -0.18999143 -0.29627982 2.5287619
  vertex -0.21406728 -0.3594344 2.4811292
  vertex -0.17936441 -0.3888786 2.4797342
 endloop
endfacet
facet normal 0.26302406 -0.33747497 0.90384126
 outer loop
  vertex 0.09251271 -0.16288298 2.5837955
  vertex 0.16487055 -0.12591136 2.5765433
  vertex 0.16020209 -0.041653074 2.6093621
 endloop
endfacet
facet normal 0.059018604 -0.42583013 0.9028762
 outer loop
  vertex -0.24212934 -0.31060335 2.5254145
  vertex -0.18999143 -0.29627982 2.5287619
  vertex -0.24894412 -0.15700358 2.5983033
 endloop
endfacet
facet normal -0.5513323 -0.37751117 0.7439879
 outer loop
  vertex -0.24212934 -0.31060335 2.5254145
  vertex -0.24894412 -0.15700358 2.5983033
  vertex -0.2842456 -0.21242139 2.5440233
 endloop
endfacet
facet normal -0.104040846 -0.22810979 0.9680607
 outer loop
  vertex -0.2842456 -0.21242139 2.5440233
  vertex -0.27991158 -0.2832983 2.527788
  vertex -0.24212934 -0.31060335 2.5254145
 endloop
endfacet
facet normal -0.30807373 -0.4704365 0.8269099
 outer loop
  vertex -0.17936441 -0.3888786 2.4797342
  vertex -0.11402364 -0.40482315 2.4950066
  vertex -0.11307736 -0.30654156 2.5512724
 endloop
endfacet
facet normal -0.30503082 -0.47272998 0.8267301
 outer loop
  vertex -0.17936441 -0.3888786 2.4797342
  vertex -0.11307736 -0.30654156 2.5512724
  vertex -0.18999143 -0.29627982 2.5287619
 endloop
endfacet
facet normal 0.055432666 -0.7681883 0.6378197
 outer loop
  vertex -0.09928705 -0.18247391 2.6469412
  vertex -0.08181916 -0.072997585 2.777276
  vertex -0.11299141 -0.06977882 2.7838619
 endloop
endfacet
facet normal -0.29774046 -0.38223478 0.87478405
 outer loop
  vertex -0.11088924 -0.44942564 2.4765844
  vertex -0.11402364 -0.40482315 2.4950066
  vertex -0.17936441 -0.3888786 2.4797342
 endloop
endfacet
facet normal -0.26563364 -0.34720346 0.89938223
 outer loop
  vertex -0.11088924 -0.44942564 2.4765844
  vertex -0.17936441 -0.3888786 2.4797342
  vertex -0.1540613 -0.45306927 2.462427
 endloop
endfacet
facet normal -0.27864927 -0.2744417 0.92034584
 outer loop
  vertex -0.1540613 -0.45306927 2.462427
  vertex -0.110845655 -0.4766847 2.4684691
  vertex -0.11088924 -0.44942564 2.4765844
 endloop
endfacet
facet normal 0.18570116 -0.24504144 0.9515617
 outer loop
  vertex 0.0007412918 -0.36228022 2.473944
  vertex -0.05748866 -0.4072663 2.4737232
  vertex -0.012345862 -0.39953366 2.4669046
 endloop
endfacet
facet normal 0.3655389 -0.47707582 0.7992372
 outer loop
  vertex -0.05748866 -0.4072663 2.4737232
  vertex 0.0007412918 -0.36228022 2.473944
  vertex -0.027296033 -0.29881305 2.5246515
 endloop
endfacet
facet normal 0.042560413 -0.026307505 0.9987474
 outer loop
  vertex -0.027296033 -0.29881305 2.5246515
  vertex 0.017813075 -0.31361586 2.5223393
  vertex 0.053868923 -0.3021165 2.5211058
 endloop
endfacet
facet normal 0.03335439 -0.2255652 0.97365695
 outer loop
  vertex -0.027296033 -0.29881305 2.5246515
  vertex 0.053868923 -0.3021165 2.5211058
  vertex 0.055510323 -0.23082101 2.5375664
 endloop
endfacet
facet normal -0.3036612 -0.32380688 0.8960687
 outer loop
  vertex -0.24894412 -0.15700358 2.5983033
  vertex -0.36418647 -0.04758644 2.5987892
  vertex -0.32054842 -0.16724765 2.570336
 endloop
endfacet
facet normal -0.55382085 -0.48381305 0.67764854
 outer loop
  vertex -0.22103687 0.009778037 2.7401862
  vertex -0.3130582 0.0015766259 2.6591246
  vertex -0.24894412 -0.15700358 2.5983033
 endloop
endfacet
facet normal -0.44474512 -0.4718035 0.76131684
 outer loop
  vertex -0.24894412 -0.15700358 2.5983033
  vertex -0.3130582 0.0015766259 2.6591246
  vertex -0.36418647 -0.04758644 2.5987892
 endloop
endfacet
facet normal -0.27873147 -0.3171902 0.9064762
 outer loop
  vertex -0.36418647 -0.04758644 2.5987892
  vertex -0.3785286 -0.11836267 2.5696135
  vertex -0.32054842 -0.16724765 2.570336
 endloop
endfacet
facet normal 0.2920629 -0.7512511 0.5918792
 outer loop
  vertex 0.012348201 -0.16733189 2.611074
  vertex -0.08181916 -0.072997585 2.777276
  vertex -0.09928705 -0.18247391 2.6469412
 endloop
endfacet
facet normal 0.2859615 -0.2729984 0.9185303
 outer loop
  vertex -0.11088924 -0.44942564 2.4765844
  vertex -0.110845655 -0.4766847 2.4684691
  vertex -0.06484239 -0.43877617 2.465414
 endloop
endfacet
facet normal -0.3169155 -0.74762565 0.58362705
 outer loop
  vertex -0.24894412 -0.15700358 2.5983033
  vertex -0.09928705 -0.18247391 2.6469412
  vertex -0.11299141 -0.06977882 2.7838619
 endloop
endfacet
facet normal -0.7435392 -0.31346902 0.59066635
 outer loop
  vertex -0.13535069 -0.031389963 2.6483417
  vertex -0.09551838 -0.037003156 2.6955042
  vertex -0.104872644 -0.020648176 2.6924086
 endloop
endfacet
facet normal -0.6187819 0.42951542 0.65774256
 outer loop
  vertex -0.09193276 0.1016275 2.6023254
  vertex -0.2671362 0.07465684 2.4551122
  vertex -0.13535069 -0.031389963 2.6483417
 endloop
endfacet
facet normal -0.46814552 -0.4879671 0.73670065
 outer loop
  vertex -0.19207308 -0.18778704 2.4684958
  vertex -0.24332304 -0.08197016 2.5060182
  vertex -0.3713317 -0.108928055 2.4068174
 endloop
endfacet
facet normal -0.4621183 -0.45519972 0.7610782
 outer loop
  vertex -0.19207308 -0.18778704 2.4684958
  vertex -0.3713317 -0.108928055 2.4068174
  vertex -0.33581987 -0.19151142 2.3789868
 endloop
endfacet
facet normal -0.7478032 -0.29047596 0.59700423
 outer loop
  vertex -0.13535069 -0.031389963 2.6483417
  vertex -0.12840678 -0.06336114 2.6414838
  vertex -0.09551838 -0.037003156 2.6955042
 endloop
endfacet
facet normal -0.35834348 -0.42470878 0.8313919
 outer loop
  vertex -0.3713317 -0.108928055 2.4068174
  vertex -0.46938086 -0.14014468 2.34861
  vertex -0.45346868 -0.19703679 2.3264055
 endloop
endfacet
facet normal -0.35121515 -0.43111897 0.8311344
 outer loop
  vertex -0.3713317 -0.108928055 2.4068174
  vertex -0.45346868 -0.19703679 2.3264055
  vertex -0.33581987 -0.19151142 2.3789868
 endloop
endfacet
facet normal -0.42954773 -0.45257986 0.78144747
 outer loop
  vertex -0.005816914 -0.15970647 2.5871406
  vertex -0.19207308 -0.18778704 2.4684958
  vertex -0.16164894 -0.26587173 2.4399962
 endloop
endfacet
facet normal -0.43770996 -0.5316902 0.7250625
 outer loop
  vertex -0.19207308 -0.18778704 2.4684958
  vertex -0.33581987 -0.19151142 2.3789868
  vertex -0.24132128 -0.25142 2.3921032
 endloop
endfacet
facet normal -0.2903227 -0.72299904 0.62688524
 outer loop
  vertex -0.005816914 -0.15970647 2.5871406
  vertex -0.12840678 -0.06336114 2.6414838
  vertex -0.19207308 -0.18778704 2.4684958
 endloop
endfacet
facet normal -0.19019015 -0.40265074 0.89537716
 outer loop
  vertex -0.48715448 -0.20003779 2.3179007
  vertex -0.45346868 -0.19703679 2.3264055
  vertex -0.46938086 -0.14014468 2.34861
 endloop
endfacet
facet normal -0.23253512 -0.38822263 0.89174575
 outer loop
  vertex -0.48715448 -0.20003779 2.3179007
  vertex -0.46938086 -0.14014468 2.34861
  vertex -0.51267904 -0.15783353 2.3296185
 endloop
endfacet
facet normal -0.6252873 0.15360999 0.7651273
 outer loop
  vertex -0.3713317 -0.108928055 2.4068174
  vertex -0.24332304 -0.08197016 2.5060182
  vertex -0.2671362 0.07465684 2.4551122
 endloop
endfacet
facet normal -0.5896943 0.124779865 0.79792887
 outer loop
  vertex -0.3713317 -0.108928055 2.4068174
  vertex -0.2671362 0.07465684 2.4551122
  vertex -0.386362 -0.029350452 2.3832653
 endloop
endfacet
facet normal -0.25599346 -0.63474923 0.72908217
 outer loop
  vertex -0.16164894 -0.26587173 2.4399962
  vertex -0.019227784 -0.29340217 2.4660344
  vertex -0.005816914 -0.15970647 2.5871406
 endloop
endfacet
facet normal -0.554653 0.20150395 0.80731416
 outer loop
  vertex -0.386362 -0.029350452 2.3832653
  vertex -0.45708135 -0.026158392 2.3338819
  vertex -0.47496384 -0.07017717 2.332583
 endloop
endfacet
facet normal -0.2339636 -0.35387412 0.9055574
 outer loop
  vertex -0.16164894 -0.26587173 2.4399962
  vertex -0.101420715 -0.32557258 2.4322271
  vertex -0.019227784 -0.29340217 2.4660344
 endloop
endfacet
facet normal -0.38165024 -0.1877019 0.9050476
 outer loop
  vertex -0.41759047 0.017670982 2.3798485
  vertex -0.386362 -0.029350452 2.3832653
  vertex -0.2671362 0.07465684 2.4551122
 endloop
endfacet
facet normal -0.527269 0.40692785 0.74592024
 outer loop
  vertex -0.41759047 0.017670982 2.3798485
  vertex -0.2671362 0.07465684 2.4551122
  vertex -0.33387977 0.09149297 2.3987484
 endloop
endfacet
facet normal -0.24447852 0.029087836 0.9692183
 outer loop
  vertex -0.33387977 0.09149297 2.3987484
  vertex -0.4028287 0.064047 2.3821802
  vertex -0.41759047 0.017670982 2.3798485
 endloop
endfacet
facet normal -0.539113 0.14694752 0.8293152
 outer loop
  vertex -0.47496384 -0.07017717 2.332583
  vertex -0.46938086 -0.14014468 2.34861
  vertex -0.3713317 -0.108928055 2.4068174
 endloop
endfacet
facet normal -0.54034114 0.14334099 0.82914704
 outer loop
  vertex -0.47496384 -0.07017717 2.332583
  vertex -0.3713317 -0.108928055 2.4068174
  vertex -0.386362 -0.029350452 2.3832653
 endloop
endfacet
facet normal -0.70927066 -0.29170504 0.64175016
 outer loop
  vertex -0.24332304 -0.08197016 2.5060182
  vertex -0.12840678 -0.06336114 2.6414838
  vertex -0.13535069 -0.031389963 2.6483417
 endloop
endfacet
facet normal -0.451869 0.16477126 0.8767353
 outer loop
  vertex -0.51267904 -0.15783353 2.3296185
  vertex -0.46938086 -0.14014468 2.34861
  vertex -0.47496384 -0.07017717 2.332583
 endloop
endfacet
facet normal -0.40843844 0.14525893 0.9011536
 outer loop
  vertex -0.51267904 -0.15783353 2.3296185
  vertex -0.47496384 -0.07017717 2.332583
  vertex -0.5304477 -0.11623649 2.3148599
 endloop
endfacet
facet normal -0.34328723 0.18039446 0.9217438
 outer loop
  vertex -0.5304477 -0.11623649 2.3148599
  vertex -0.5397357 -0.16678263 2.321293
  vertex -0.51267904 -0.15783353 2.3296185
 endloop
endfacet
facet normal -0.17009315 -0.2514609 0.9528041
 outer loop
  vertex -0.38986433 -0.24010159 2.3263946
  vertex -0.45346868 -0.19703679 2.3264055
  vertex -0.43110922 -0.23928894 2.319246
 endloop
endfacet
facet normal -0.33504418 -0.49504608 0.80166996
 outer loop
  vertex -0.45346868 -0.19703679 2.3264055
  vertex -0.38986433 -0.24010159 2.3263946
  vertex -0.33581987 -0.19151142 2.3789868
 endloop
endfacet
facet normal -0.006824468 -0.04706372 0.9988686
 outer loop
  vertex -0.33581987 -0.19151142 2.3789868
  vertex -0.3357942 -0.24107412 2.3766518
  vertex -0.31263572 -0.27307764 2.375302
 endloop
endfacet
facet normal -0.19909555 -0.10062702 0.97480005
 outer loop
  vertex -0.33581987 -0.19151142 2.3789868
  vertex -0.31263572 -0.27307764 2.375302
  vertex -0.24132128 -0.25142 2.3921032
 endloop
endfacet
facet normal -0.39811283 0.18868811 0.897721
 outer loop
  vertex -0.2671362 0.07465684 2.4551122
  vertex -0.19623247 0.22462516 2.4550347
  vertex -0.30079526 0.14227094 2.425974
 endloop
endfacet
facet normal -0.629346 0.37596968 0.6801253
 outer loop
  vertex -0.09193276 0.1016275 2.6023254
  vertex -0.13049705 0.19006497 2.5177526
  vertex -0.2671362 0.07465684 2.4551122
 endloop
endfacet
facet normal -0.5834415 0.27624068 0.7637324
 outer loop
  vertex -0.2671362 0.07465684 2.4551122
  vertex -0.13049705 0.19006497 2.5177526
  vertex -0.19623247 0.22462516 2.4550347
 endloop
endfacet
facet normal -0.38398814 0.16709441 0.9080928
 outer loop
  vertex -0.19623247 0.22462516 2.4550347
  vertex -0.27123997 0.21570964 2.4249582
  vertex -0.30079526 0.14227094 2.425974
 endloop
endfacet
facet normal -0.6194576 -0.511261 0.5957218
 outer loop
  vertex -0.19207308 -0.18778704 2.4684958
  vertex -0.12840678 -0.06336114 2.6414838
  vertex -0.24332304 -0.08197016 2.5060182
 endloop
endfacet
facet normal -0.16547878 -0.35548908 0.9199154
 outer loop
  vertex -0.51267904 -0.15783353 2.3296185
  vertex -0.5397357 -0.16678263 2.321293
  vertex -0.48715448 -0.20003779 2.3179007
 endloop
endfacet
facet normal -0.8063656 0.06833384 0.58745646
 outer loop
  vertex -0.2671362 0.07465684 2.4551122
  vertex -0.24332304 -0.08197016 2.5060182
  vertex -0.13535069 -0.031389963 2.6483417
 endloop
endfacet
facet normal -0.5327655 0.60968685 0.5868925
 outer loop
  vertex -0.11407238 -0.013406901 2.776712
  vertex -0.108560756 -0.04421347 2.8137183
  vertex -0.098710686 -0.033262894 2.811284
 endloop
endfacet
facet normal 0.2116194 0.7248448 0.65560436
 outer loop
  vertex -0.0045722164 -0.013107979 2.7410364
  vertex -0.06729374 0.10988748 2.6252966
  vertex -0.11407238 -0.013406901 2.776712
 endloop
endfacet
facet normal -0.61235034 0.29397666 0.73389703
 outer loop
  vertex -0.24370287 -0.010237145 2.635723
  vertex -0.1778212 0.053900253 2.665002
  vertex -0.22904895 0.14200804 2.5869653
 endloop
endfacet
facet normal -0.579417 0.29863742 0.7583479
 outer loop
  vertex -0.24370287 -0.010237145 2.635723
  vertex -0.22904895 0.14200804 2.5869653
  vertex -0.28157 0.09528676 2.5652354
 endloop
endfacet
facet normal -0.51229066 0.6209816 0.59324545
 outer loop
  vertex -0.11407238 -0.013406901 2.776712
  vertex -0.13608456 -0.02643234 2.771338
  vertex -0.108560756 -0.04421347 2.8137183
 endloop
endfacet
facet normal -0.5180728 0.20995909 0.82916695
 outer loop
  vertex -0.22904895 0.14200804 2.5869653
  vertex -0.27617043 0.20695221 2.5410783
  vertex -0.3144459 0.18110496 2.5237083
 endloop
endfacet
facet normal -0.5219202 0.2011749 0.8289318
 outer loop
  vertex -0.22904895 0.14200804 2.5869653
  vertex -0.3144459 0.18110496 2.5237083
  vertex -0.28157 0.09528676 2.5652354
 endloop
endfacet
facet normal -0.56675655 0.26861674 0.7788659
 outer loop
  vertex -0.17738135 -0.1412487 2.7291667
  vertex -0.24370287 -0.010237145 2.635723
  vertex -0.29413238 -0.052079163 2.6134577
 endloop
endfacet
facet normal -0.6442684 0.25130737 0.7223316
 outer loop
  vertex -0.24370287 -0.010237145 2.635723
  vertex -0.28157 0.09528676 2.5652354
  vertex -0.3028643 0.010468635 2.5757515
 endloop
endfacet
facet normal -0.7793377 0.05092383 0.6245313
 outer loop
  vertex -0.17738135 -0.1412487 2.7291667
  vertex -0.13608456 -0.02643234 2.771338
  vertex -0.24370287 -0.010237145 2.635723
 endloop
endfacet
facet normal -0.44449562 0.057477806 0.89393514
 outer loop
  vertex -0.32492664 0.20534772 2.5169382
  vertex -0.3144459 0.18110496 2.5237083
  vertex -0.27617043 0.20695221 2.5410783
 endloop
endfacet
facet normal -0.44408652 0.102195114 0.89013666
 outer loop
  vertex -0.32492664 0.20534772 2.5169382
  vertex -0.27617043 0.20695221 2.5410783
  vertex -0.29989147 0.23469254 2.5260592
 endloop
endfacet
facet normal -0.052668203 0.6447726 0.76255774
 outer loop
  vertex -0.22904895 0.14200804 2.5869653
  vertex -0.1778212 0.053900253 2.665002
  vertex -0.06729374 0.10988748 2.6252966
 endloop
endfacet
facet normal -0.06895224 0.6020504 0.7954753
 outer loop
  vertex -0.22904895 0.14200804 2.5869653
  vertex -0.06729374 0.10988748 2.6252966
  vertex -0.17361802 0.17263642 2.5685892
 endloop
endfacet
facet normal -0.685057 0.046432078 0.7270082
 outer loop
  vertex -0.29413238 -0.052079163 2.6134577
  vertex -0.27965316 -0.16448109 2.6342802
  vertex -0.17738135 -0.1412487 2.7291667
 endloop
endfacet
facet normal 0.014862624 0.5929127 0.8051295
 outer loop
  vertex -0.17361802 0.17263642 2.5685892
  vertex -0.1885064 0.22576922 2.529736
  vertex -0.22556974 0.2282303 2.5286078
 endloop
endfacet
facet normal -0.4119594 0.114398025 0.9039926
 outer loop
  vertex -0.29413238 -0.052079163 2.6134577
  vertex -0.32364228 -0.11146916 2.6075253
  vertex -0.27965316 -0.16448109 2.6342802
 endloop
endfacet
facet normal -0.30058038 0.30680057 0.90306413
 outer loop
  vertex -0.14637479 0.20735359 2.5658624
  vertex -0.17361802 0.17263642 2.5685892
  vertex -0.06729374 0.10988748 2.6252966
 endloop
endfacet
facet normal 0.21866694 0.6312015 0.7441568
 outer loop
  vertex -0.14637479 0.20735359 2.5658624
  vertex -0.06729374 0.10988748 2.6252966
  vertex -0.071062654 0.16339892 2.581015
 endloop
endfacet
facet normal -0.051856797 0.24490619 0.968159
 outer loop
  vertex -0.071062654 0.16339892 2.581015
  vertex -0.108330205 0.20779088 2.5677896
  vertex -0.14637479 0.20735359 2.5658624
 endloop
endfacet
facet normal -0.032110225 0.5611106 0.8271178
 outer loop
  vertex -0.22556974 0.2282303 2.5286078
  vertex -0.27617043 0.20695221 2.5410783
  vertex -0.22904895 0.14200804 2.5869653
 endloop
endfacet
facet normal -0.035918362 0.5611433 0.8269389
 outer loop
  vertex -0.22556974 0.2282303 2.5286078
  vertex -0.22904895 0.14200804 2.5869653
  vertex -0.17361802 0.17263642 2.5685892
 endloop
endfacet
facet normal -0.50148094 0.5841839 0.6381584
 outer loop
  vertex -0.1778212 0.053900253 2.665002
  vertex -0.13608456 -0.02643234 2.771338
  vertex -0.11407238 -0.013406901 2.776712
 endloop
endfacet
facet normal 0.012083481 0.48405167 0.874956
 outer loop
  vertex -0.29989147 0.23469254 2.5260592
  vertex -0.27617043 0.20695221 2.5410783
  vertex -0.22556974 0.2282303 2.5286078
 endloop
endfacet
facet normal 0.007131306 0.43679094 0.8995348
 outer loop
  vertex -0.29989147 0.23469254 2.5260592
  vertex -0.22556974 0.2282303 2.5286078
  vertex -0.2733451 0.25805315 2.5145054
 endloop
endfacet
facet normal 0.060890123 0.3860526 0.92046493
 outer loop
  vertex -0.2733451 0.25805315 2.5145054
  vertex -0.31316006 0.25255445 2.5194454
  vertex -0.29989147 0.23469254 2.5260592
 endloop
endfacet
facet normal -0.2948047 0.086104155 0.9516702
 outer loop
  vertex -0.3307947 0.123316795 2.5238724
  vertex -0.3144459 0.18110496 2.5237083
  vertex -0.34030363 0.15411118 2.5181406
 endloop
endfacet
facet normal -0.57745 0.1656349 0.7994477
 outer loop
  vertex -0.3144459 0.18110496 2.5237083
  vertex -0.3307947 0.123316795 2.5238724
  vertex -0.28157 0.09528676 2.5652354
 endloop
endfacet
facet normal -0.049608275 -0.0045257052 0.9987585
 outer loop
  vertex -0.28157 0.09528676 2.5652354
  vertex -0.31834897 0.08309032 2.5633533
  vertex -0.33641565 0.058037184 2.5623424
 endloop
endfacet
facet normal -0.16077399 0.16109471 0.97375566
 outer loop
  vertex -0.28157 0.09528676 2.5652354
  vertex -0.33641565 0.058037184 2.5623424
  vertex -0.3028643 0.010468635 2.5757515
 endloop
endfacet
facet normal 0.05161245 0.44061625 0.8962106
 outer loop
  vertex -0.06729374 0.10988748 2.6252966
  vertex 0.061438274 0.09408176 2.6256537
  vertex -0.025305528 0.15138969 2.6024742
 endloop
endfacet
facet normal 0.15740016 0.7181413 0.67786294
 outer loop
  vertex -0.0045722164 -0.013107979 2.7410364
  vertex 0.05178928 0.0369852 2.6748796
  vertex -0.06729374 0.10988748 2.6252966
 endloop
endfacet
facet normal 0.07690286 0.64355457 0.7615271
 outer loop
  vertex -0.06729374 0.10988748 2.6252966
  vertex 0.05178928 0.0369852 2.6748796
  vertex 0.061438274 0.09408176 2.6256537
 endloop
endfacet
facet normal 0.03551382 0.42045766 0.90661687
 outer loop
  vertex 0.061438274 0.09408176 2.6256537
  vertex 0.036467534 0.14748144 2.601867
  vertex -0.025305528 0.15138969 2.6024742
 endloop
endfacet
facet normal -0.68159497 0.42978492 0.5922105
 outer loop
  vertex -0.24370287 -0.010237145 2.635723
  vertex -0.13608456 -0.02643234 2.771338
  vertex -0.1778212 0.053900253 2.665002
 endloop
endfacet
facet normal -0.39203587 0.04892691 0.91864794
 outer loop
  vertex -0.29989147 0.23469254 2.5260592
  vertex -0.31316006 0.25255445 2.5194454
  vertex -0.32492664 0.20534772 2.5169382
 endloop
endfacet
facet normal -0.19000496 0.7892351 0.58395725
 outer loop
  vertex -0.06729374 0.10988748 2.6252966
  vertex -0.1778212 0.053900253 2.665002
  vertex -0.11407238 -0.013406901 2.776712
 endloop
endfacet
facet normal -0.073776364 0.8074367 0.585323
 outer loop
  vertex -0.099264905 -0.0130593935 2.8537855
  vertex -0.114050314 -0.043596003 2.8940463
  vertex -0.098405614 -0.04024497 2.8913956
 endloop
endfacet
facet normal 0.59660393 0.46412867 0.6547123
 outer loop
  vertex -0.0027404688 -0.08265822 2.815167
  vertex 0.020469401 0.06527632 2.6891456
  vertex -0.099264905 -0.0130593935 2.8537855
 endloop
endfacet
facet normal -0.323446 0.59874314 0.7327273
 outer loop
  vertex -0.21128525 0.072047025 2.7004557
  vertex -0.11245009 0.08654641 2.7322361
  vertex -0.10136376 0.1965429 2.647247
 endloop
endfacet
facet normal -0.29403946 0.5832432 0.75721085
 outer loop
  vertex -0.21128525 0.072047025 2.7004557
  vertex -0.10136376 0.1965429 2.647247
  vertex -0.17734535 0.18886636 2.6236548
 endloop
endfacet
facet normal -0.050570983 0.8045842 0.59168136
 outer loop
  vertex -0.099264905 -0.0130593935 2.8537855
  vertex -0.12693147 -0.0105011705 2.847942
  vertex -0.114050314 -0.043596003 2.8940463
 endloop
endfacet
facet normal -0.29639217 0.47557577 0.82823867
 outer loop
  vertex -0.10136376 0.1965429 2.647247
  vertex -0.10142815 0.28361213 2.5972288
  vertex -0.1515738 0.28522983 2.5783548
 endloop
endfacet
facet normal -0.30465537 0.4707223 0.82801306
 outer loop
  vertex -0.10136376 0.1965429 2.647247
  vertex -0.1515738 0.28522983 2.5783548
  vertex -0.17734535 0.18886636 2.6236548
 endloop
endfacet
facet normal -0.301404 0.55154306 0.77778906
 outer loop
  vertex -0.23643641 -0.085281186 2.8022733
  vertex -0.21128525 0.072047025 2.7004557
  vertex -0.28231716 0.06732894 2.6762755
 endloop
endfacet
facet normal -0.37433037 0.5828897 0.7211909
 outer loop
  vertex -0.21128525 0.072047025 2.7004557
  vertex -0.17734535 0.18886636 2.6236548
  vertex -0.25013557 0.12784089 2.6351962
 endloop
endfacet
facet normal -0.6012664 0.49966267 0.62355113
 outer loop
  vertex -0.23643641 -0.085281186 2.8022733
  vertex -0.12693147 -0.0105011705 2.847942
  vertex -0.21128525 0.072047025 2.7004557
 endloop
endfacet
facet normal -0.32626292 0.3090561 0.8933291
 outer loop
  vertex -0.14534381 0.31322274 2.5709457
  vertex -0.1515738 0.28522983 2.5783548
  vertex -0.10142815 0.28361213 2.5972288
 endloop
endfacet
facet normal -0.2996981 0.34502143 0.8894612
 outer loop
  vertex -0.14534381 0.31322274 2.5709457
  vertex -0.10142815 0.28361213 2.5972288
  vertex -0.104617134 0.3231029 2.5808358
 endloop
endfacet
facet normal 0.33560094 0.55453855 0.7614847
 outer loop
  vertex -0.10136376 0.1965429 2.647247
  vertex -0.11245009 0.08654641 2.7322361
  vertex 0.020469401 0.06527632 2.6891456
 endloop
endfacet
facet normal 0.29734918 0.52955794 0.79445064
 outer loop
  vertex -0.10136376 0.1965429 2.647247
  vertex 0.020469401 0.06527632 2.6891456
  vertex -0.033077765 0.18812238 2.6273017
 endloop
endfacet
facet normal -0.52755207 0.44091395 0.72614306
 outer loop
  vertex -0.28231716 0.06732894 2.6762755
  vertex -0.34121522 -0.040740848 2.6991053
  vertex -0.23643641 -0.085281186 2.8022733
 endloop
endfacet
facet normal 0.35986945 0.4730028 0.80421543
 outer loop
  vertex -0.033077765 0.18812238 2.6273017
  vertex -0.012312669 0.24427256 2.5849848
  vertex -0.043350767 0.27005646 2.5837088
 endloop
endfacet
facet normal -0.26651964 0.33608317 0.9033357
 outer loop
  vertex -0.28231716 0.06732894 2.6762755
  vertex -0.34612888 0.033875044 2.669895
  vertex -0.34121522 -0.040740848 2.6991053
 endloop
endfacet
facet normal -0.063449256 0.42655155 0.902235
 outer loop
  vertex 0.013015527 0.20129658 2.6243148
  vertex -0.033077765 0.18812238 2.6273017
  vertex 0.020469401 0.06527632 2.6891456
 endloop
endfacet
facet normal 0.54737496 0.38432878 0.7434192
 outer loop
  vertex 0.013015527 0.20129658 2.6243148
  vertex 0.020469401 0.06527632 2.6891456
  vertex 0.05125833 0.11466155 2.640945
 endloop
endfacet
facet normal 0.101655275 0.2306327 0.96771616
 outer loop
  vertex 0.05125833 0.11466155 2.640945
  vertex 0.046764094 0.17743887 2.6264555
  vertex 0.013015527 0.20129658 2.6243148
 endloop
endfacet
facet normal 0.30316687 0.47484875 0.82620126
 outer loop
  vertex -0.043350767 0.27005646 2.5837088
  vertex -0.10142815 0.28361213 2.5972288
  vertex -0.10136376 0.1965429 2.647247
 endloop
endfacet
facet normal 0.30010185 0.47710904 0.82601804
 outer loop
  vertex -0.043350767 0.27005646 2.5837088
  vertex -0.10136376 0.1965429 2.647247
  vertex -0.033077765 0.18812238 2.6273017
 endloop
endfacet
facet normal -0.063405424 0.7685303 0.6366639
 outer loop
  vertex -0.11245009 0.08654641 2.7322361
  vertex -0.12693147 -0.0105011705 2.847942
  vertex -0.099264905 -0.0130593935 2.8537855
 endloop
endfacet
facet normal 0.29374802 0.38661274 0.8742098
 outer loop
  vertex -0.104617134 0.3231029 2.5808358
  vertex -0.10142815 0.28361213 2.5972288
  vertex -0.043350767 0.27005646 2.5837088
 endloop
endfacet
facet normal 0.262014 0.35129607 0.8988547
 outer loop
  vertex -0.104617134 0.3231029 2.5808358
  vertex -0.043350767 0.27005646 2.5837088
  vertex -0.06637448 0.3267115 2.5682778
 endloop
endfacet
facet normal 0.2757827 0.27871013 0.91992635
 outer loop
  vertex -0.06637448 0.3267115 2.5682778
  vertex -0.10490638 0.34725928 2.5736039
  vertex -0.104617134 0.3231029 2.5808358
 endloop
endfacet
facet normal -0.18823764 0.2445269 0.95119566
 outer loop
  vertex -0.20278625 0.24481025 2.578611
  vertex -0.1515738 0.28522983 2.5783548
  vertex -0.19152585 0.27794984 2.57232
 endloop
endfacet
facet normal -0.3704772 0.47446096 0.7985195
 outer loop
  vertex -0.1515738 0.28522983 2.5783548
  vertex -0.20278625 0.24481025 2.578611
  vertex -0.17734535 0.18886636 2.6236548
 endloop
endfacet
facet normal -0.04285146 0.027362036 0.9987067
 outer loop
  vertex -0.17734535 0.18886636 2.6236548
  vertex -0.21747486 0.20157246 2.621585
  vertex -0.2493359 0.19104396 2.6205063
 endloop
endfacet
facet normal -0.035712104 0.22667395 0.97331566
 outer loop
  vertex -0.17734535 0.18886636 2.6236548
  vertex -0.2493359 0.19104396 2.6205063
  vertex -0.25013557 0.12784089 2.6351962
 endloop
endfacet
facet normal 0.3002731 0.32828632 0.8955805
 outer loop
  vertex 0.020469401 0.06527632 2.6891456
  vertex 0.12364872 -0.030671248 2.689722
  vertex 0.083859295 0.07497994 2.664335
 endloop
endfacet
facet normal 0.5487642 0.49055067 0.6769179
 outer loop
  vertex -0.0027404688 -0.08265822 2.815167
  vertex 0.078770354 -0.074648604 2.7432833
  vertex 0.020469401 0.06527632 2.6891456
 endloop
endfacet
facet normal 0.4398159 0.4775358 0.76060605
 outer loop
  vertex 0.020469401 0.06527632 2.6891456
  vertex 0.078770354 -0.074648604 2.7432833
  vertex 0.12364872 -0.030671248 2.689722
 endloop
endfacet
facet normal 0.2754164 0.3214279 0.9059966
 outer loop
  vertex 0.12364872 -0.030671248 2.689722
  vertex 0.13571365 0.032171316 2.6637592
  vertex 0.083859295 0.07497994 2.664335
 endloop
endfacet
facet normal -0.29984656 0.7490705 0.5907499
 outer loop
  vertex -0.21128525 0.072047025 2.7004557
  vertex -0.12693147 -0.0105011705 2.847942
  vertex -0.11245009 0.08654641 2.7322361
 endloop
endfacet
facet normal -0.2887977 0.27140743 0.9181143
 outer loop
  vertex -0.104617134 0.3231029 2.5808358
  vertex -0.10490638 0.34725928 2.5736039
  vertex -0.14534381 0.31322274 2.5709457
 endloop
endfacet
facet normal 0.3091353 0.7517498 0.5825011
 outer loop
  vertex 0.020469401 0.06527632 2.6891456
  vertex -0.11245009 0.08654641 2.7322361
  vertex -0.099264905 -0.0130593935 2.8537855
 endloop
endfacet
facet normal 0.79552174 -0.15769221 0.5850455
 outer loop
  vertex -0.08409107 -0.05935052 2.8876505
  vertex -0.10036647 -0.044552702 2.9137697
  vertex -0.10115263 -0.054899782 2.9120498
 endloop
endfacet
facet normal 0.2766259 -0.703586 0.6545571
 outer loop
  vertex -0.14510491 -0.10662633 2.862619
  vertex -0.057361066 -0.1481981 2.7808514
  vertex -0.08409107 -0.05935052 2.8876505
 endloop
endfacet
facet normal 0.66602385 0.14080219 0.732521
 outer loop
  vertex -0.010627949 -0.005268269 2.7881846
  vertex -0.019733962 -0.06941487 2.808794
  vertex 0.046641905 -0.09648685 2.7536473
 endloop
endfacet
facet normal 0.6428438 0.116975956 0.75701284
 outer loop
  vertex -0.010627949 -0.005268269 2.7881846
  vertex 0.046641905 -0.09648685 2.7536473
  vertex 0.055801306 -0.04780951 2.7383475
 endloop
endfacet
facet normal 0.78622144 -0.17914864 0.59140646
 outer loop
  vertex -0.08409107 -0.05935052 2.8876505
  vertex -0.07742502 -0.04260835 2.88386
  vertex -0.10036647 -0.044552702 2.9137697
 endloop
endfacet
facet normal 0.5402645 0.14968026 0.8280761
 outer loop
  vertex 0.046641905 -0.09648685 2.7536473
  vertex 0.10080813 -0.112417854 2.721187
  vertex 0.1110104 -0.0815183 2.7089455
 endloop
endfacet
facet normal 0.53794634 0.15897958 0.8278522
 outer loop
  vertex 0.046641905 -0.09648685 2.7536473
  vertex 0.1110104 -0.0815183 2.7089455
  vertex 0.055801306 -0.04780951 2.7383475
 endloop
endfacet
facet normal 0.6145313 0.1330033 0.7775998
 outer loop
  vertex -0.103864506 0.039236005 2.8542566
  vertex -0.010627949 -0.005268269 2.7881846
  vertex -0.00053635985 0.039787196 2.772503
 endloop
endfacet
facet normal 0.66520584 0.19409367 0.7209916
 outer loop
  vertex -0.010627949 -0.005268269 2.7881846
  vertex 0.055801306 -0.04780951 2.7383475
  vertex 0.031194706 0.008667974 2.7458463
 endloop
endfacet
facet normal 0.64954156 0.4353105 0.6233782
 outer loop
  vertex -0.103864506 0.039236005 2.8542566
  vertex -0.07742502 -0.04260835 2.88386
  vertex -0.010627949 -0.005268269 2.7881846
 endloop
endfacet
facet normal 0.38902354 0.22542508 0.89322126
 outer loop
  vertex 0.12727998 -0.09052919 2.7041337
  vertex 0.1110104 -0.0815183 2.7089455
  vertex 0.10080813 -0.112417854 2.721187
 endloop
endfacet
facet normal 0.41600323 0.18977317 0.889341
 outer loop
  vertex 0.12727998 -0.09052919 2.7041337
  vertex 0.10080813 -0.112417854 2.721187
  vertex 0.12595657 -0.117678165 2.710546
 endloop
endfacet
facet normal 0.43720964 -0.47882748 0.7612963
 outer loop
  vertex 0.046641905 -0.09648685 2.7536473
  vertex -0.019733962 -0.06941487 2.808794
  vertex -0.057361066 -0.1481981 2.7808514
 endloop
endfacet
facet normal 0.42408076 -0.43507576 0.79426986
 outer loop
  vertex 0.046641905 -0.09648685 2.7536473
  vertex -0.057361066 -0.1481981 2.7808514
  vertex 0.028871287 -0.13742094 2.7407131
 endloop
endfacet
facet normal 0.5723745 0.38121343 0.72599155
 outer loop
  vertex -0.00053635985 0.039787196 2.772503
  vertex -0.056955125 0.09625277 2.787334
  vertex -0.103864506 0.039236005 2.8542566
 endloop
endfacet
facet normal 0.35215417 -0.47903985 0.8040574
 outer loop
  vertex 0.028871287 -0.13742094 2.7407131
  vertex 0.059983205 -0.16063774 2.713255
  vertex 0.08171727 -0.14605951 2.7124214
 endloop
endfacet
facet normal 0.39804983 0.16048372 0.9032172
 outer loop
  vertex -0.00053635985 0.039787196 2.772503
  vertex -0.009641923 0.08562193 2.7683718
  vertex -0.056955125 0.09625277 2.787334
 endloop
endfacet
facet normal 0.42737645 -0.059890576 0.90208787
 outer loop
  vertex 0.028609723 -0.16851202 2.7387729
  vertex 0.028871287 -0.13742094 2.7407131
  vertex -0.057361066 -0.1481981 2.7808514
 endloop
endfacet
facet normal 0.21404119 -0.6338068 0.7432868
 outer loop
  vertex 0.028609723 -0.16851202 2.7387729
  vertex -0.057361066 -0.1481981 2.7808514
  vertex -0.032297853 -0.17640913 2.7495782
 endloop
endfacet
facet normal 0.1927759 -0.16281985 0.9676399
 outer loop
  vertex -0.032297853 -0.17640913 2.7495782
  vertex 0.0075768493 -0.18512982 2.740167
  vertex 0.028609723 -0.16851202 2.7387729
 endloop
endfacet
facet normal 0.3699695 -0.4251828 0.8260401
 outer loop
  vertex 0.08171727 -0.14605951 2.7124214
  vertex 0.10080813 -0.112417854 2.721187
  vertex 0.046641905 -0.09648685 2.7536473
 endloop
endfacet
facet normal 0.3730042 -0.4228825 0.8258561
 outer loop
  vertex 0.08171727 -0.14605951 2.7124214
  vertex 0.046641905 -0.09648685 2.7536473
  vertex 0.028871287 -0.13742094 2.7407131
 endloop
endfacet
facet normal 0.7552845 -0.15664387 0.6364024
 outer loop
  vertex -0.019733962 -0.06941487 2.808794
  vertex -0.07742502 -0.04260835 2.88386
  vertex -0.08409107 -0.05935052 2.8876505
 endloop
endfacet
facet normal 0.2880225 -0.39119598 0.87407595
 outer loop
  vertex 0.12595657 -0.117678165 2.710546
  vertex 0.10080813 -0.112417854 2.721187
  vertex 0.08171727 -0.14605951 2.7124214
 endloop
endfacet
facet normal 0.26312637 -0.35075963 0.8987392
 outer loop
  vertex 0.12595657 -0.117678165 2.710546
  vertex 0.08171727 -0.14605951 2.7124214
  vertex 0.12118262 -0.1421299 2.7024007
 endloop
endfacet
facet normal 0.18962355 -0.34343603 0.91983396
 outer loop
  vertex 0.12118262 -0.1421299 2.7024007
  vertex 0.14103559 -0.12192962 2.7058501
  vertex 0.12595657 -0.117678165 2.710546
 endloop
endfacet
facet normal 0.28810057 0.11129574 0.9511106
 outer loop
  vertex 0.09526144 -0.042243946 2.7091203
  vertex 0.1110104 -0.0815183 2.7089455
  vertex 0.11381006 -0.055328485 2.7050328
 endloop
endfacet
facet normal 0.5601438 0.22106445 0.7983541
 outer loop
  vertex 0.1110104 -0.0815183 2.7089455
  vertex 0.09526144 -0.042243946 2.7091203
  vertex 0.055801306 -0.04780951 2.7383475
 endloop
endfacet
facet normal 0.038717438 0.03326133 0.99869657
 outer loop
  vertex 0.055801306 -0.04780951 2.7383475
  vertex 0.07106753 -0.025176277 2.737002
  vertex 0.070362955 -0.003424098 2.7363048
 endloop
endfacet
facet normal 0.22783628 -0.029955087 0.9732386
 outer loop
  vertex 0.055801306 -0.04780951 2.7383475
  vertex 0.070362955 -0.003424098 2.7363048
  vertex 0.031194706 0.008667974 2.7458463
 endloop
endfacet
facet normal 0.23023392 -0.38096115 0.89546686
 outer loop
  vertex -0.057361066 -0.1481981 2.7808514
  vertex -0.13597886 -0.19478217 2.7812464
  vertex -0.0629596 -0.1894112 2.7647574
 endloop
endfacet
facet normal 0.31550592 -0.6651788 0.676752
 outer loop
  vertex -0.14510491 -0.10662633 2.862619
  vertex -0.15509182 -0.15879868 2.8159947
  vertex -0.057361066 -0.1481981 2.7808514
 endloop
endfacet
facet normal 0.33386827 -0.5570051 0.7604454
 outer loop
  vertex -0.057361066 -0.1481981 2.7808514
  vertex -0.15509182 -0.15879868 2.8159947
  vertex -0.13597886 -0.19478217 2.7812464
 endloop
endfacet
facet normal 0.23069057 -0.35516512 0.9058916
 outer loop
  vertex -0.13597886 -0.19478217 2.7812464
  vertex -0.09910403 -0.21381548 2.7643938
  vertex -0.0629596 -0.1894112 2.7647574
 endloop
endfacet
facet normal 0.8034886 0.07565671 0.59049314
 outer loop
  vertex -0.010627949 -0.005268269 2.7881846
  vertex -0.07742502 -0.04260835 2.88386
  vertex -0.019733962 -0.06941487 2.808794
 endloop
endfacet
facet normal 0.34231743 0.20013902 0.9180213
 outer loop
  vertex 0.12595657 -0.117678165 2.710546
  vertex 0.14103559 -0.12192962 2.7058501
  vertex 0.12727998 -0.09052919 2.7041337
 endloop
endfacet
facet normal 0.63379246 -0.5092111 0.5822467
 outer loop
  vertex -0.057361066 -0.1481981 2.7808514
  vertex -0.019733962 -0.06941487 2.808794
  vertex -0.08409107 -0.05935052 2.8876505
 endloop
endfacet
facet normal -0.30826932 0.95129913 -3.0581913e-07
 outer loop
  vertex -0.1052032 -0.054370396 0.59122473
  vertex -0.11553341 -0.0577179 0.6219057
  vertex -0.03593061 -0.031922534 0.657162
 endloop
endfacet
facet normal -0.30826938 0.95129913 -1.5543087e-07
 outer loop
  vertex -0.03593061 -0.031922534 0.657162
  vertex -0.11553341 -0.0577179 0.6219057
  vertex -0.054052815 -0.03779505 0.675988
 endloop
endfacet
facet normal -0.30826923 0.9512992 -2.1205489e-07
 outer loop
  vertex -0.11553341 -0.0577179 0.6219057
  vertex -0.14104411 -0.06598467 0.6035671
  vertex -0.15455209 -0.07036193 0.6463159
 endloop
endfacet
facet normal -0.3082692 0.9512992 -2.7768078e-07
 outer loop
  vertex -0.14104411 -0.06598467 0.6035671
  vertex -0.11553341 -0.0577179 0.6219057
  vertex -0.1052032 -0.054370396 0.59122473
 endloop
endfacet
facet normal -0.30826905 0.95129913 -1.5120105e-07
 outer loop
  vertex -0.15455209 -0.07036193 0.6463159
  vertex -0.14104411 -0.06598467 0.6035671
  vertex -0.16375549 -0.0733443 0.6347748
 endloop
endfacet
facet normal -0.3082691 0.9512992 -1.2168343e-07
 outer loop
  vertex -0.20074065 -0.085329376 0.5580982
  vertex -0.14104411 -0.06598467 0.6035671
  vertex -0.18323773 -0.07965755 0.5333154
 endloop
endfacet
facet normal -0.30826914 0.9512992 -1.275598e-07
 outer loop
  vertex -0.18323773 -0.07965755 0.5333154
  vertex -0.14104411 -0.06598467 0.6035671
  vertex -0.1052032 -0.054370396 0.59122473
 endloop
endfacet
facet normal 0.30826947 -0.9512991 -1.1838162e-07
 outer loop
  vertex -0.105192155 -0.054404482 0.59122473
  vertex -0.035919562 -0.03195663 0.657162
  vertex -0.115522355 -0.057752 0.6219057
 endloop
endfacet
facet normal 0.30826932 -0.95129913 3.3676687e-07
 outer loop
  vertex -0.035919562 -0.03195663 0.657162
  vertex -0.05404177 -0.037829142 0.675988
  vertex -0.115522355 -0.057752 0.6219057
 endloop
endfacet
facet normal 0.30826914 -0.9512992 -8.2753104e-08
 outer loop
  vertex -0.115522355 -0.057752 0.6219057
  vertex -0.15454103 -0.07039603 0.6463159
  vertex -0.14103307 -0.06601876 0.6035671
 endloop
endfacet
facet normal 0.30826923 -0.95129913 -2.0648054e-07
 outer loop
  vertex -0.14103307 -0.06601876 0.6035671
  vertex -0.105192155 -0.054404482 0.59122473
  vertex -0.115522355 -0.057752 0.6219057
 endloop
endfacet
facet normal 0.30826926 -0.95129913 -3.780027e-08
 outer loop
  vertex -0.15454103 -0.07039603 0.6463159
  vertex -0.16374443 -0.0733784 0.6347748
  vertex -0.14103307 -0.06601876 0.6035671
 endloop
endfacet
facet normal 0.30826926 -0.95129913 4.8673396e-08
 outer loop
  vertex -0.2007296 -0.08536347 0.5580982
  vertex -0.18322669 -0.07969164 0.5333154
  vertex -0.14103307 -0.06601876 0.6035671
 endloop
endfacet
facet normal 0.3082693 -0.95129913 3.6445655e-08
 outer loop
  vertex -0.18322669 -0.07969164 0.5333154
  vertex -0.105192155 -0.054404482 0.59122473
  vertex -0.14103307 -0.06601876 0.6035671
 endloop
endfacet
facet normal -0.7556039 -0.24471262 -0.60760057
 outer loop
  vertex -0.16375549 -0.0733443 0.6347748
  vertex -0.14104411 -0.06598467 0.6035671
  vertex -0.14103307 -0.06601876 0.6035671
 endloop
endfacet
facet normal -0.7555247 -0.24496467 -0.60759753
 outer loop
  vertex -0.16375549 -0.0733443 0.6347748
  vertex -0.14103307 -0.06601876 0.6035671
  vertex -0.16374443 -0.0733784 0.6347748
 endloop
endfacet
facet normal -0.5581257 -0.18100053 0.80977434
 outer loop
  vertex -0.14104411 -0.06598467 0.6035671
  vertex -0.20074065 -0.085329376 0.5580982
  vertex -0.2007296 -0.08536347 0.5580982
 endloop
endfacet
facet normal -0.55820394 -0.18075135 0.8097761
 outer loop
  vertex -0.14104411 -0.06598467 0.6035671
  vertex -0.2007296 -0.08536347 0.5580982
  vertex -0.14103307 -0.06601876 0.6035671
 endloop
endfacet
facet normal 0.54865605 0.17772856 -0.8169389
 outer loop
  vertex -0.18323773 -0.07965755 0.5333154
  vertex -0.1052032 -0.054370396 0.59122473
  vertex -0.105192155 -0.054404482 0.59122473
 endloop
endfacet
facet normal 0.5486559 0.17767666 -0.81695026
 outer loop
  vertex -0.18323773 -0.07965755 0.5333154
  vertex -0.105192155 -0.054404482 0.59122473
  vertex -0.18322669 -0.07969164 0.5333154
 endloop
endfacet
facet normal 0.6385247 0.20691188 -0.74126494
 outer loop
  vertex -0.1052032 -0.054370396 0.59122473
  vertex -0.03593061 -0.031922534 0.657162
  vertex -0.035919562 -0.03195663 0.657162
 endloop
endfacet
facet normal 0.638568 0.20678133 -0.7412641
 outer loop
  vertex -0.1052032 -0.054370396 0.59122473
  vertex -0.035919562 -0.03195663 0.657162
  vertex -0.105192155 -0.054404482 0.59122473
 endloop
endfacet
facet normal -0.7289959 -0.23636222 0.6424157
 outer loop
  vertex -0.15455209 -0.07036193 0.6463159
  vertex -0.16375549 -0.0733443 0.6347748
  vertex -0.16374443 -0.0733784 0.6347748
 endloop
endfacet
facet normal -0.7289945 -0.2363629 0.6424171
 outer loop
  vertex -0.15455209 -0.07036193 0.6463159
  vertex -0.16374443 -0.0733784 0.6347748
  vertex -0.15454103 -0.07039603 0.6463159
 endloop
endfacet
facet normal 0.66869646 0.21663955 0.71127516
 outer loop
  vertex -0.03593061 -0.031922534 0.657162
  vertex -0.054052815 -0.03779505 0.675988
  vertex -0.05404177 -0.037829142 0.675988
 endloop
endfacet
facet normal 0.668682 0.21667646 0.71127754
 outer loop
  vertex -0.03593061 -0.031922534 0.657162
  vertex -0.05404177 -0.037829142 0.675988
  vertex -0.035919562 -0.03195663 0.657162
 endloop
endfacet
facet normal -0.61047035 -0.19795434 0.76690286
 outer loop
  vertex -0.054052815 -0.03779505 0.675988
  vertex -0.11553341 -0.0577179 0.6219057
  vertex -0.115522355 -0.057752 0.6219057
 endloop
endfacet
facet normal -0.61052036 -0.19781493 0.76689905
 outer loop
  vertex -0.054052815 -0.03779505 0.675988
  vertex -0.115522355 -0.057752 0.6219057
  vertex -0.05404177 -0.037829142 0.675988
 endloop
endfacet
facet normal 0.48648658 0.15773347 0.85933167
 outer loop
  vertex -0.11553341 -0.0577179 0.6219057
  vertex -0.15455209 -0.07036193 0.6463159
  vertex -0.15454103 -0.07039603 0.6463159
 endloop
endfacet
facet normal 0.4864946 0.15775906 0.8593224
 outer loop
  vertex -0.11553341 -0.0577179 0.6219057
  vertex -0.15454103 -0.07039603 0.6463159
  vertex -0.115522355 -0.057752 0.6219057
 endloop
endfacet
facet normal 0.8095025 0.58711636 -3.1206547e-08
 outer loop
  vertex -0.04482978 0.017551389 0.8936469
  vertex -0.04989922 0.02454102 0.91804254
  vertex -0.010835004 -0.029319823 0.9460763
 endloop
endfacet
facet normal 0.80950254 0.58711636 0
 outer loop
  vertex -0.010835004 -0.029319823 0.9460763
  vertex -0.04989922 0.02454102 0.91804254
  vertex -0.019728282 -0.017057974 0.9610456
 endloop
endfacet
facet normal 0.80950266 0.5871162 -9.8165486e-08
 outer loop
  vertex -0.04989922 0.02454102 0.91804254
  vertex -0.06241832 0.04180207 0.90346086
  vertex -0.069047205 0.050941836 0.9374521
 endloop
endfacet
facet normal 0.8095026 0.58711624 1.1261448e-08
 outer loop
  vertex -0.06241832 0.04180207 0.90346086
  vertex -0.04989922 0.02454102 0.91804254
  vertex -0.04482978 0.017551389 0.8936469
 endloop
endfacet
facet normal 0.8095026 0.5871163 -1.5943247e-07
 outer loop
  vertex -0.069047205 0.050941836 0.9374521
  vertex -0.06241832 0.04180207 0.90346086
  vertex -0.07356368 0.057169046 0.92827535
 endloop
endfacet
facet normal 0.8095028 0.5871161 -2.3095409e-07
 outer loop
  vertex -0.09171374 0.08219394 0.8673067
  vertex -0.06241832 0.04180207 0.90346086
  vertex -0.083124384 0.07035112 0.84760094
 endloop
endfacet
facet normal 0.8095026 0.58711624 -5.7644556e-08
 outer loop
  vertex -0.083124384 0.07035112 0.84760094
  vertex -0.06241832 0.04180207 0.90346086
  vertex -0.04482978 0.017551389 0.8936469
 endloop
endfacet
facet normal 0.80950266 0.5871161 -2.634389e-07
 outer loop
  vertex -0.12195887 0.12389522 0.81954324
  vertex -0.12395254 0.12664406 0.84273875
  vertex -0.083124384 0.07035112 0.84760094
 endloop
endfacet
facet normal 0.80950266 0.58711624 -3.2304496e-07
 outer loop
  vertex -0.083124384 0.07035112 0.84760094
  vertex -0.12395254 0.12664406 0.84273875
  vertex -0.09171374 0.08219394 0.8673067
 endloop
endfacet
facet normal 0.80950224 0.58711684 -8.568701e-08
 outer loop
  vertex -0.12395254 0.12664406 0.84273875
  vertex -0.13990258 0.14863558 0.83162594
  vertex -0.14321837 0.15320732 0.85744643
 endloop
endfacet
facet normal 0.80950236 0.5871167 -3.595047e-07
 outer loop
  vertex -0.13990258 0.14863558 0.83162594
  vertex -0.12395254 0.12664406 0.84273875
  vertex -0.12195887 0.12389522 0.81954324
 endloop
endfacet
facet normal 0.80950344 0.58711517 3.5584495e-07
 outer loop
  vertex -0.14321837 0.15320732 0.85744643
  vertex -0.13990258 0.14863558 0.83162594
  vertex -0.14731684 0.15885822 0.8459161
 endloop
endfacet
facet normal 0.8095027 0.5871162 4.6239649e-07
 outer loop
  vertex -0.13893858 0.14730646 0.8080343
  vertex -0.1704342 0.19073193 0.81213856
  vertex -0.13990258 0.14863558 0.83162594
 endloop
endfacet
facet normal 0.80950254 0.5871164 4.462001e-07
 outer loop
  vertex -0.13893858 0.14730646 0.8080343
  vertex -0.13990258 0.14863558 0.83162594
  vertex -0.12195887 0.12389522 0.81954324
 endloop
endfacet
facet normal 0.8095026 0.58711624 -1.0565369e-06
 outer loop
  vertex -0.16610228 0.18475913 0.79334486
  vertex -0.1704342 0.19073193 0.81213856
  vertex -0.13893858 0.14730646 0.8080343
 endloop
endfacet
facet normal 0.80950236 0.58711654 -1.8389734e-07
 outer loop
  vertex -0.14178647 0.15123305 0.74463606
  vertex -0.13893858 0.14730646 0.8080343
  vertex -0.13450538 0.14119405 0.73951113
 endloop
endfacet
facet normal 0.8095026 0.5871163 -1.371742e-07
 outer loop
  vertex -0.13450538 0.14119405 0.73951113
  vertex -0.13893858 0.14730646 0.8080343
  vertex -0.12195887 0.12389522 0.81954324
 endloop
endfacet
facet normal 0.80950254 0.5871163 -4.8402423e-08
 outer loop
  vertex -0.20072563 0.232497 0.7590118
  vertex -0.2060805 0.23988017 0.7740942
  vertex -0.16610228 0.18475913 0.79334486
 endloop
endfacet
facet normal 0.80950266 0.5871161 -1.0030523e-06
 outer loop
  vertex -0.2060805 0.23988017 0.7740942
  vertex -0.1704342 0.19073193 0.81213856
  vertex -0.16610228 0.18475913 0.79334486
 endloop
endfacet
facet normal 0.80950284 0.587116 1.4066951e-06
 outer loop
  vertex -0.2060805 0.23988017 0.7740942
  vertex -0.22150551 0.2611479 0.75820655
  vertex -0.25904128 0.3129013 0.8045945
 endloop
endfacet
facet normal 0.8095026 0.58711624 2.8472085e-08
 outer loop
  vertex -0.21581191 0.25329763 0.74546635
  vertex -0.2060805 0.23988017 0.7740942
  vertex -0.20072563 0.232497 0.7590118
 endloop
endfacet
facet normal 0.80950373 0.58711475 -1.0271103e-06
 outer loop
  vertex -0.2060805 0.23988017 0.7740942
  vertex -0.21581191 0.25329763 0.74546635
  vertex -0.22150551 0.2611479 0.75820655
 endloop
endfacet
facet normal 0.8095027 0.5871161 1.7893898e-07
 outer loop
  vertex -0.26863092 0.32612333 0.7063454
  vertex -0.21581191 0.25329763 0.74546635
  vertex -0.26580048 0.32222077 0.6939784
 endloop
endfacet
facet normal 0.809502 0.58711714 0
 outer loop
  vertex -0.21800353 0.25631937 0.7252689
  vertex -0.21581191 0.25329763 0.74546635
  vertex -0.21134822 0.24714321 0.71953017
 endloop
endfacet
facet normal 0.80950254 0.58711636 2.6477733e-07
 outer loop
  vertex -0.21134822 0.24714321 0.71953017
  vertex -0.21581191 0.25329763 0.74546635
  vertex -0.20072563 0.232497 0.7590118
 endloop
endfacet
facet normal 0.8095032 0.5871154 -1.6979258e-06
 outer loop
  vertex -0.22150551 0.2611479 0.75820655
  vertex -0.21581191 0.25329763 0.74546635
  vertex -0.26863092 0.32612333 0.7063454
 endloop
endfacet
facet normal 0.8095027 0.58711606 1.2995132e-06
 outer loop
  vertex -0.25904128 0.3129013 0.8045945
  vertex -0.22150551 0.2611479 0.75820655
  vertex -0.26035058 0.31470656 0.7893979
 endloop
endfacet
facet normal -0.8095026 -0.5871163 6.241309e-08
 outer loop
  vertex -0.044852845 0.017534658 0.8936469
  vertex -0.010858074 -0.029336555 0.9460763
  vertex -0.049922287 0.024524294 0.91804254
 endloop
endfacet
facet normal -0.80950266 -0.58711624 6.145951e-08
 outer loop
  vertex -0.010858074 -0.029336555 0.9460763
  vertex -0.019751351 -0.017074704 0.9610456
  vertex -0.049922287 0.024524294 0.91804254
 endloop
endfacet
facet normal -0.8095025 -0.5871164 0
 outer loop
  vertex -0.049922287 0.024524294 0.91804254
  vertex -0.06907028 0.050925102 0.9374521
  vertex -0.062441386 0.041785337 0.90346086
 endloop
endfacet
facet normal -0.8095026 -0.5871163 1.126145e-07
 outer loop
  vertex -0.062441386 0.041785337 0.90346086
  vertex -0.044852845 0.017534658 0.8936469
  vertex -0.049922287 0.024524294 0.91804254
 endloop
endfacet
facet normal -0.80950284 -0.587116 -1.5943252e-07
 outer loop
  vertex -0.06907028 0.050925102 0.9374521
  vertex -0.07358675 0.057152312 0.92827535
  vertex -0.062441386 0.041785337 0.90346086
 endloop
endfacet
facet normal -0.8095024 -0.58711654 -1.9246171e-07
 outer loop
  vertex -0.09173682 0.08217721 0.8673067
  vertex -0.08314745 0.07033439 0.84760094
  vertex -0.062441386 0.041785337 0.90346086
 endloop
endfacet
facet normal -0.8095026 -0.5871163 -2.8822281e-08
 outer loop
  vertex -0.08314745 0.07033439 0.84760094
  vertex -0.044852845 0.017534658 0.8936469
  vertex -0.062441386 0.041785337 0.90346086
 endloop
endfacet
facet normal -0.8095026 -0.58711636 0
 outer loop
  vertex -0.12198195 0.1238785 0.81954324
  vertex -0.08314745 0.07033439 0.84760094
  vertex -0.123975605 0.12662731 0.84273875
 endloop
endfacet
facet normal -0.80950254 -0.58711636 -3.4323534e-07
 outer loop
  vertex -0.08314745 0.07033439 0.84760094
  vertex -0.09173682 0.08217721 0.8673067
  vertex -0.123975605 0.12662731 0.84273875
 endloop
endfacet
facet normal -0.80950266 -0.5871162 -7.616622e-07
 outer loop
  vertex -0.123975605 0.12662731 0.84273875
  vertex -0.14324142 0.15319057 0.85744643
  vertex -0.13992563 0.14861886 0.83162594
 endloop
endfacet
facet normal -0.80950284 -0.58711594 -1.0894083e-08
 outer loop
  vertex -0.13992563 0.14861886 0.83162594
  vertex -0.12198195 0.1238785 0.81954324
  vertex -0.123975605 0.12662731 0.84273875
 endloop
endfacet
facet normal -0.8095022 -0.58711684 -5.7824815e-07
 outer loop
  vertex -0.14324142 0.15319057 0.85744643
  vertex -0.14733991 0.15884148 0.8459161
  vertex -0.13992563 0.14861886 0.83162594
 endloop
endfacet
facet normal -0.8095023 -0.5871166 8.3809375e-08
 outer loop
  vertex -0.13896164 0.14728974 0.8080343
  vertex -0.13992563 0.14861886 0.83162594
  vertex -0.17045729 0.19071518 0.81213856
 endloop
endfacet
facet normal -0.80950284 -0.58711594 0
 outer loop
  vertex -0.13896164 0.14728974 0.8080343
  vertex -0.12198195 0.1238785 0.81954324
  vertex -0.13992563 0.14861886 0.83162594
 endloop
endfacet
facet normal -0.80950236 -0.58711666 5.952323e-07
 outer loop
  vertex -0.16612534 0.18474238 0.79334486
  vertex -0.13896164 0.14728974 0.8080343
  vertex -0.17045729 0.19071518 0.81213856
 endloop
endfacet
facet normal -0.80950236 -0.58711666 1.8389736e-07
 outer loop
  vertex -0.14180954 0.15121633 0.74463606
  vertex -0.13452844 0.14117733 0.73951113
  vertex -0.13896164 0.14728974 0.8080343
 endloop
endfacet
facet normal -0.80950284 -0.5871159 9.8484065e-08
 outer loop
  vertex -0.13452844 0.14117733 0.73951113
  vertex -0.12198195 0.1238785 0.81954324
  vertex -0.13896164 0.14728974 0.8080343
 endloop
endfacet
facet normal -0.8095028 -0.5871161 2.9041433e-07
 outer loop
  vertex -0.20074868 0.23248026 0.7590118
  vertex -0.16612534 0.18474238 0.79334486
  vertex -0.20610356 0.23986346 0.7740942
 endloop
endfacet
facet normal -0.8095028 -0.58711606 3.2752715e-07
 outer loop
  vertex -0.20610356 0.23986346 0.7740942
  vertex -0.16612534 0.18474238 0.79334486
  vertex -0.17045729 0.19071518 0.81213856
 endloop
endfacet
facet normal -0.80950284 -0.58711606 -4.1679874e-07
 outer loop
  vertex -0.20610356 0.23986346 0.7740942
  vertex -0.25906432 0.31288457 0.8045945
  vertex -0.22152857 0.26113114 0.75820655
 endloop
endfacet
facet normal -0.8095023 -0.5871167 6.5485705e-07
 outer loop
  vertex -0.21583499 0.25328088 0.74546635
  vertex -0.20074868 0.23248026 0.7590118
  vertex -0.20610356 0.23986346 0.7740942
 endloop
endfacet
facet normal -0.8095037 -0.5871148 2.024451e-06
 outer loop
  vertex -0.20610356 0.23986346 0.7740942
  vertex -0.22152857 0.26113114 0.75820655
  vertex -0.21583499 0.25328088 0.74546635
 endloop
endfacet
facet normal -0.80950284 -0.587116 -1.3420423e-07
 outer loop
  vertex -0.268654 0.32610658 0.7063454
  vertex -0.26582354 0.32220402 0.6939784
  vertex -0.21583499 0.25328088 0.74546635
 endloop
endfacet
facet normal -0.80950296 -0.5871157 -1.1624267e-06
 outer loop
  vertex -0.2180266 0.25630265 0.7252689
  vertex -0.2113713 0.24712649 0.71953017
  vertex -0.21583499 0.25328088 0.74546635
 endloop
endfacet
facet normal -0.8095019 -0.58711725 -6.241179e-07
 outer loop
  vertex -0.2113713 0.24712649 0.71953017
  vertex -0.20074868 0.23248026 0.7590118
  vertex -0.21583499 0.25328088 0.74546635
 endloop
endfacet
facet normal -0.80950344 -0.5871151 2.2893391e-06
 outer loop
  vertex -0.22152857 0.26113114 0.75820655
  vertex -0.268654 0.32610658 0.7063454
  vertex -0.21583499 0.25328088 0.74546635
 endloop
endfacet
facet normal -0.8095021 -0.587117 1.2521353e-06
 outer loop
  vertex -0.25906432 0.31288457 0.8045945
  vertex -0.26037365 0.31468982 0.7893979
  vertex -0.22152857 0.26113114 0.75820655
 endloop
endfacet
facet normal 0.29561752 -0.4071316 -0.86420727
 outer loop
  vertex -0.20072563 0.232497 0.7590118
  vertex -0.16610228 0.18475913 0.79334486
  vertex -0.16612534 0.18474238 0.79334486
 endloop
endfacet
facet normal 0.29571116 -0.40707433 -0.8642022
 outer loop
  vertex -0.20072563 0.232497 0.7590118
  vertex -0.16612534 0.18474238 0.79334486
  vertex -0.20074868 0.23248026 0.7590118
 endloop
endfacet
facet normal -0.5474263 0.75392866 -0.36320257
 outer loop
  vertex -0.26863092 0.32612333 0.7063454
  vertex -0.26580048 0.32222077 0.6939784
  vertex -0.26582354 0.32220402 0.6939784
 endloop
endfacet
facet normal -0.5474243 0.7539295 -0.36320367
 outer loop
  vertex -0.26863092 0.32612333 0.7063454
  vertex -0.26582354 0.32220402 0.6939784
  vertex -0.268654 0.32610658 0.7063454
 endloop
endfacet
facet normal -0.43994436 0.60659 -0.66219145
 outer loop
  vertex -0.14731684 0.15885822 0.8459161
  vertex -0.13990258 0.14863558 0.83162594
  vertex -0.13992563 0.14861886 0.83162594
 endloop
endfacet
facet normal -0.4402808 0.60634977 -0.6621879
 outer loop
  vertex -0.14731684 0.15885822 0.8459161
  vertex -0.13992563 0.14861886 0.83162594
  vertex -0.14733991 0.15884148 0.8459161
 endloop
endfacet
facet normal -0.3188596 0.43914118 0.83993065
 outer loop
  vertex -0.22150551 0.2611479 0.75820655
  vertex -0.26863092 0.32612333 0.7063454
  vertex -0.268654 0.32610658 0.7063454
 endloop
endfacet
facet normal -0.31886676 0.43911484 0.83994174
 outer loop
  vertex -0.22150551 0.2611479 0.75820655
  vertex -0.268654 0.32610658 0.7063454
  vertex -0.22152857 0.26113114 0.75820655
 endloop
endfacet
facet normal -0.4663853 0.64288914 -0.60760045
 outer loop
  vertex -0.07356368 0.057169046 0.92827535
  vertex -0.06241832 0.04180207 0.90346086
  vertex -0.062441386 0.041785337 0.90346086
 endloop
endfacet
facet normal -0.46639395 0.64287704 -0.6076066
 outer loop
  vertex -0.07356368 0.057169046 0.92827535
  vertex -0.062441386 0.041785337 0.90346086
  vertex -0.07358675 0.057152312 0.92827535
 endloop
endfacet
facet normal -0.20608887 0.28401393 0.9364099
 outer loop
  vertex -0.13990258 0.14863558 0.83162594
  vertex -0.1704342 0.19073193 0.81213856
  vertex -0.17045729 0.19071518 0.81213856
 endloop
endfacet
facet normal -0.20603724 0.28406492 0.9364058
 outer loop
  vertex -0.13990258 0.14863558 0.83162594
  vertex -0.17045729 0.19071518 0.81213856
  vertex -0.13992563 0.14861886 0.83162594
 endloop
endfacet
facet normal 0.5343619 -0.73546076 -0.41659907
 outer loop
  vertex -0.21134822 0.24714321 0.71953017
  vertex -0.20072563 0.232497 0.7590118
  vertex -0.20074868 0.23248026 0.7590118
 endloop
endfacet
facet normal 0.5333116 -0.7362249 -0.4165953
 outer loop
  vertex -0.21134822 0.24714321 0.71953017
  vertex -0.20074868 0.23248026 0.7590118
  vertex -0.2113713 0.24712649 0.71953017
 endloop
endfacet
facet normal -0.34439304 0.4750355 0.80977446
 outer loop
  vertex -0.06241832 0.04180207 0.90346086
  vertex -0.09171374 0.08219394 0.8673067
  vertex -0.09173682 0.08217721 0.8673067
 endloop
endfacet
facet normal -0.3444891 0.47496533 0.8097748
 outer loop
  vertex -0.06241832 0.04180207 0.90346086
  vertex -0.09173682 0.08217721 0.8673067
  vertex -0.062441386 0.041785337 0.90346086
 endloop
endfacet
facet normal 0.18813668 -0.2592329 0.94731355
 outer loop
  vertex -0.2060805 0.23988017 0.7740942
  vertex -0.25904128 0.3129013 0.8045945
  vertex -0.25906432 0.31288457 0.8045945
 endloop
endfacet
facet normal 0.18796797 -0.25937864 0.9473071
 outer loop
  vertex -0.2060805 0.23988017 0.7740942
  vertex -0.25906432 0.31288457 0.8045945
  vertex -0.20610356 0.23986346 0.7740942
 endloop
endfacet
facet normal -0.2649602 0.36579624 -0.8921823
 outer loop
  vertex -0.21800353 0.25631937 0.7252689
  vertex -0.21134822 0.24714321 0.71953017
  vertex -0.2113713 0.24712649 0.71953017
 endloop
endfacet
facet normal -0.26507726 0.36571494 -0.89218086
 outer loop
  vertex -0.21800353 0.25631937 0.7252689
  vertex -0.2113713 0.24712649 0.71953017
  vertex -0.2180266 0.25630265 0.7252689
 endloop
endfacet
facet normal -0.3116146 0.42992815 0.847383
 outer loop
  vertex -0.1704342 0.19073193 0.81213856
  vertex -0.2060805 0.23988017 0.7740942
  vertex -0.20610356 0.23986346 0.7740942
 endloop
endfacet
facet normal -0.31187585 0.42975512 0.8473748
 outer loop
  vertex -0.1704342 0.19073193 0.81213856
  vertex -0.20610356 0.23986346 0.7740942
  vertex -0.17045729 0.19071518 0.81213856
 endloop
endfacet
facet normal -0.25054568 0.3450576 -0.90452313
 outer loop
  vertex -0.26035058 0.31470656 0.7893979
  vertex -0.22150551 0.2611479 0.75820655
  vertex -0.22152857 0.26113114 0.75820655
 endloop
endfacet
facet normal -0.25050128 0.3450743 -0.90452904
 outer loop
  vertex -0.26035058 0.31470656 0.7893979
  vertex -0.22152857 0.26113114 0.75820655
  vertex -0.26037365 0.31468982 0.7893979
 endloop
endfacet
facet normal 0.1775921 -0.2450201 -0.9531139
 outer loop
  vertex -0.16610228 0.18475913 0.79334486
  vertex -0.13893858 0.14730646 0.8080343
  vertex -0.13896164 0.14728974 0.8080343
 endloop
endfacet
facet normal 0.17780884 -0.2448815 -0.95310915
 outer loop
  vertex -0.16610228 0.18475913 0.79334486
  vertex -0.13896164 0.14728974 0.8080343
  vertex -0.16612534 0.18474238 0.79334486
 endloop
endfacet
facet normal -0.58132374 0.8006131 0.14519395
 outer loop
  vertex -0.25904128 0.3129013 0.8045945
  vertex -0.26035058 0.31470656 0.7893979
  vertex -0.26037365 0.31468982 0.7893979
 endloop
endfacet
facet normal -0.58114034 0.80074626 0.14519408
 outer loop
  vertex -0.25904128 0.3129013 0.8045945
  vertex -0.26037365 0.31468982 0.7893979
  vertex -0.25906432 0.31288457 0.8045945
 endloop
endfacet
facet normal 0.22924204 -0.31613958 -0.92059976
 outer loop
  vertex -0.12195887 0.12389522 0.81954324
  vertex -0.083124384 0.07035112 0.84760094
  vertex -0.08314745 0.07033439 0.84760094
 endloop
endfacet
facet normal 0.22904418 -0.31625038 -0.92061096
 outer loop
  vertex -0.12195887 0.12389522 0.81954324
  vertex -0.08314745 0.07033439 0.84760094
  vertex -0.12198195 0.1238785 0.81954324
 endloop
endfacet
facet normal -0.5851545 0.8073254 0.076287515
 outer loop
  vertex -0.13893858 0.14730646 0.8080343
  vertex -0.14178647 0.15123305 0.74463606
  vertex -0.14180954 0.15121633 0.74463606
 endloop
endfacet
facet normal -0.5851538 0.8073259 0.076287806
 outer loop
  vertex -0.13893858 0.14730646 0.8080343
  vertex -0.14180954 0.15121633 0.74463606
  vertex -0.13896164 0.14728974 0.8080343
 endloop
endfacet
facet normal -0.5026139 0.69221205 0.5179012
 outer loop
  vertex -0.14321837 0.15320732 0.85744643
  vertex -0.14731684 0.15885822 0.8459161
  vertex -0.14733991 0.15884148 0.8459161
 endloop
endfacet
facet normal -0.5028231 0.69205904 0.51790285
 outer loop
  vertex -0.14321837 0.15320732 0.85744643
  vertex -0.14733991 0.15884148 0.8459161
  vertex -0.14324142 0.15319057 0.85744643
 endloop
endfacet
facet normal 0.33860707 -0.46685705 -0.8169392
 outer loop
  vertex -0.083124384 0.07035112 0.84760094
  vertex -0.04482978 0.017551389 0.8936469
  vertex -0.044852845 0.017534658 0.8936469
 endloop
endfacet
facet normal 0.33857054 -0.466865 -0.8169498
 outer loop
  vertex -0.083124384 0.07035112 0.84760094
  vertex -0.044852845 0.017534658 0.8936469
  vertex -0.08314745 0.07033439 0.84760094
 endloop
endfacet
facet normal 0.30390868 -0.41882074 -0.8557036
 outer loop
  vertex -0.26580048 0.32222077 0.6939784
  vertex -0.21581191 0.25329763 0.74546635
  vertex -0.21583499 0.25328088 0.74546635
 endloop
endfacet
facet normal 0.30398223 -0.41874513 -0.85571444
 outer loop
  vertex -0.26580048 0.32222077 0.6939784
  vertex -0.21583499 0.25328088 0.74546635
  vertex -0.26582354 0.32220402 0.6939784
 endloop
endfacet
facet normal 0.3940811 -0.54334754 -0.7412648
 outer loop
  vertex -0.04482978 0.017551389 0.8936469
  vertex -0.010835004 -0.029319823 0.9460763
  vertex -0.010858074 -0.029336555 0.9460763
 endloop
endfacet
facet normal 0.39398417 -0.54342824 -0.74125725
 outer loop
  vertex -0.04482978 0.017551389 0.8936469
  vertex -0.010858074 -0.029336555 0.9460763
  vertex -0.044852845 0.017534658 0.8936469
 endloop
endfacet
facet normal -0.45000935 0.6203156 0.6424174
 outer loop
  vertex -0.069047205 0.050941836 0.9374521
  vertex -0.07356368 0.057169046 0.92827535
  vertex -0.07358675 0.057152312 0.92827535
 endloop
endfacet
facet normal -0.44991183 0.6203861 0.64241755
 outer loop
  vertex -0.069047205 0.050941836 0.9374521
  vertex -0.07358675 0.057152312 0.92827535
  vertex -0.06907028 0.050925102 0.9374521
 endloop
endfacet
facet normal -0.5770915 0.7962011 0.18173988
 outer loop
  vertex -0.21581191 0.25329763 0.74546635
  vertex -0.21800353 0.25631937 0.7252689
  vertex -0.2180266 0.25630265 0.7252689
 endloop
endfacet
facet normal -0.57751983 0.7958901 0.18174078
 outer loop
  vertex -0.21581191 0.25329763 0.74546635
  vertex -0.2180266 0.25630265 0.7252689
  vertex -0.21583499 0.25328088 0.74546635
 endloop
endfacet
facet normal 0.41267452 -0.569024 0.71127445
 outer loop
  vertex -0.010835004 -0.029319823 0.9460763
  vertex -0.019728282 -0.017057974 0.9610456
  vertex -0.019751351 -0.017074704 0.9610456
 endloop
endfacet
facet normal 0.41268864 -0.56901735 0.7112717
 outer loop
  vertex -0.010835004 -0.029319823 0.9460763
  vertex -0.019751351 -0.017074704 0.9610456
  vertex -0.010858074 -0.029336555 0.9460763
 endloop
endfacet
facet normal -0.23995808 0.33047608 0.9128011
 outer loop
  vertex -0.09171374 0.08219394 0.8673067
  vertex -0.12395254 0.12664406 0.84273875
  vertex -0.123975605 0.12662731 0.84273875
 endloop
endfacet
facet normal -0.23975213 0.33067736 0.91278225
 outer loop
  vertex -0.09171374 0.08219394 0.8673067
  vertex -0.123975605 0.12662731 0.84273875
  vertex -0.09173682 0.08217721 0.8673067
 endloop
endfacet
facet normal -0.37673843 0.5195467 0.76690245
 outer loop
  vertex -0.019728282 -0.017057974 0.9610456
  vertex -0.04989922 0.02454102 0.91804254
  vertex -0.049922287 0.024524294 0.91804254
 endloop
endfacet
facet normal -0.37677947 0.5195045 0.7669108
 outer loop
  vertex -0.019728282 -0.017057974 0.9610456
  vertex -0.049922287 0.024524294 0.91804254
  vertex -0.019751351 -0.017074704 0.9610456
 endloop
endfacet
facet normal -0.22413833 0.30923897 -0.9241933
 outer loop
  vertex -0.14178647 0.15123305 0.74463606
  vertex -0.13450538 0.14119405 0.73951113
  vertex -0.13452844 0.14117733 0.73951113
 endloop
endfacet
facet normal -0.22413062 0.3092359 -0.9241962
 outer loop
  vertex -0.14178647 0.15123305 0.74463606
  vertex -0.13452844 0.14117733 0.73951113
  vertex -0.14180954 0.15121633 0.74463606
 endloop
endfacet
facet normal 0.24041288 -0.33088854 0.91253185
 outer loop
  vertex -0.12395254 0.12664406 0.84273875
  vertex -0.14321837 0.15320732 0.85744643
  vertex -0.14324142 0.15319057 0.85744643
 endloop
endfacet
facet normal 0.24031256 -0.33096924 0.91252905
 outer loop
  vertex -0.12395254 0.12664406 0.84273875
  vertex -0.14324142 0.15319057 0.85744643
  vertex -0.123975605 0.12662731 0.84273875
 endloop
endfacet
facet normal 0.30024552 -0.41400728 0.8593315
 outer loop
  vertex -0.04989922 0.02454102 0.91804254
  vertex -0.069047205 0.050941836 0.9374521
  vertex -0.06907028 0.050925102 0.9374521
 endloop
endfacet
facet normal 0.3002561 -0.4140229 0.8593202
 outer loop
  vertex -0.04989922 0.02454102 0.91804254
  vertex -0.06907028 0.050925102 0.9374521
  vertex -0.049922287 0.024524294 0.91804254
 endloop
endfacet
facet normal 0.56676006 -0.78245217 -0.257976
 outer loop
  vertex -0.13450538 0.14119405 0.73951113
  vertex -0.12195887 0.12389522 0.81954324
  vertex -0.12198195 0.1238785 0.81954324
 endloop
endfacet
facet normal 0.56696796 -0.78230035 -0.25797954
 outer loop
  vertex -0.13450538 0.14119405 0.73951113
  vertex -0.12198195 0.1238785 0.81954324
  vertex -0.13452844 0.14117733 0.73951113
 endloop
endfacet
facet normal -0.2805028 -0.8469133 0.45172566
 outer loop
  vertex -0.1837952 -0.07527163 2.9510612
  vertex -0.1475046 -0.15158002 2.8305302
  vertex -0.11129062 -0.14626937 2.8629742
 endloop
endfacet
facet normal -0.29032698 -0.8475906 0.44418517
 outer loop
  vertex -0.1837952 -0.07527163 2.9510612
  vertex -0.11129062 -0.14626937 2.8629742
  vertex -0.11038971 -0.07786284 2.9940958
 endloop
endfacet
facet normal 0.2907952 -0.8379529 0.461815
 outer loop
  vertex -0.07352181 -0.15055348 2.8314185
  vertex -0.11129062 -0.14626937 2.8629742
  vertex -0.11157963 -0.16901977 2.821876
 endloop
endfacet
facet normal -0.2501921 -0.8934779 0.37296277
 outer loop
  vertex -0.11869417 -0.043544874 3.0707378
  vertex -0.1837952 -0.07527163 2.9510612
  vertex -0.11038971 -0.07786284 2.9940958
 endloop
endfacet
facet normal 0.009857409 -0.9122386 0.40954065
 outer loop
  vertex -0.11869417 -0.043544874 3.0707378
  vertex -0.11038971 -0.07786284 2.9940958
  vertex -0.10999517 -0.04028155 3.0777974
 endloop
endfacet
facet normal 0.30862385 -0.844186 0.43829373
 outer loop
  vertex -0.04373976 -0.08021366 2.9426365
  vertex -0.11038971 -0.07786284 2.9940958
  vertex -0.11129062 -0.14626937 2.8629742
 endloop
endfacet
facet normal 0.2857471 -0.8426383 0.45640907
 outer loop
  vertex -0.04373976 -0.08021366 2.9426365
  vertex -0.11129062 -0.14626937 2.8629742
  vertex -0.07352181 -0.15055348 2.8314185
 endloop
endfacet
facet normal 0.27247715 -0.8782268 0.39303175
 outer loop
  vertex -0.10999517 -0.04028155 3.0777974
  vertex -0.11038971 -0.07786284 2.9940958
  vertex -0.04373976 -0.08021366 2.9426365
 endloop
endfacet
facet normal -0.20806444 -0.9610447 0.1819399
 outer loop
  vertex -0.10999517 -0.04028155 3.0777974
  vertex -0.04373976 -0.08021366 2.9426365
  vertex -0.10127908 -0.04350658 3.0707297
 endloop
endfacet
facet normal -0.293662 -0.835445 0.4645367
 outer loop
  vertex -0.1475046 -0.15158002 2.8305302
  vertex -0.11157963 -0.16901977 2.821876
  vertex -0.11129062 -0.14626937 2.8629742
 endloop
endfacet
facet normal 0.91673756 -0.05763782 0.3953103
 outer loop
  vertex -0.06326537 -0.11822524 2.915174
  vertex -0.0060431957 -0.064249836 2.7903438
  vertex -0.017659362 -0.025301496 2.8229609
 endloop
endfacet
facet normal 0.91931504 -0.066250905 0.3879057
 outer loop
  vertex -0.06326537 -0.11822524 2.915174
  vertex -0.017659362 -0.025301496 2.8229609
  vertex -0.07539015 -0.03679807 2.9578161
 endloop
endfacet
facet normal 0.79990524 0.44182006 0.40613645
 outer loop
  vertex -0.024622262 0.016425923 2.791281
  vertex -0.017659362 -0.025301496 2.8229609
  vertex 0.0017054789 -0.021429477 2.7806087
 endloop
endfacet
facet normal 0.949745 -0.022096764 0.3122437
 outer loop
  vertex -0.101539314 -0.0519784 3.0362792
  vertex -0.06326537 -0.11822524 2.915174
  vertex -0.07539015 -0.03679807 2.9578161
 endloop
endfacet
facet normal 0.91500366 0.20864207 0.3453068
 outer loop
  vertex -0.101539314 -0.0519784 3.0362792
  vertex -0.07539015 -0.03679807 2.9578161
  vertex -0.10630402 -0.043052126 3.0435114
 endloop
endfacet
facet normal 0.8019524 0.45892856 0.38243553
 outer loop
  vertex -0.0924416 0.03580233 2.9064507
  vertex -0.07539015 -0.03679807 2.9578161
  vertex -0.017659362 -0.025301496 2.8229609
 endloop
endfacet
facet normal 0.80486906 0.43817136 0.4002396
 outer loop
  vertex -0.0924416 0.03580233 2.9064507
  vertex -0.017659362 -0.025301496 2.8229609
  vertex -0.024622262 0.016425923 2.791281
 endloop
endfacet
facet normal 0.83746475 0.4327836 0.33369318
 outer loop
  vertex -0.10630402 -0.043052126 3.0435114
  vertex -0.07539015 -0.03679807 2.9578161
  vertex -0.0924416 0.03580233 2.9064507
 endloop
endfacet
facet normal 0.9929319 0.026521347 0.1156842
 outer loop
  vertex -0.10630402 -0.043052126 3.0435114
  vertex -0.0924416 0.03580233 2.9064507
  vertex -0.105730236 -0.032948185 3.0362701
 endloop
endfacet
facet normal 0.9095707 -0.07152988 0.40934655
 outer loop
  vertex -0.0060431957 -0.064249836 2.7903438
  vertex 0.0017054789 -0.021429477 2.7806087
  vertex -0.017659362 -0.025301496 2.8229609
 endloop
endfacet
facet normal -0.9999992 0.0011702564 1.5828978e-07
 outer loop
  vertex -0.008621056 -0.076807104 1.4695112
  vertex -0.008631824 -0.086011976 1.4955184
  vertex -0.008548811 -0.015080759 1.5254042
 endloop
endfacet
facet normal -0.9999993 0.0011703221 2.5349303e-09
 outer loop
  vertex -0.008548811 -0.015080759 1.5254042
  vertex -0.008631824 -0.086011976 1.4955184
  vertex -0.0085677095 -0.031228809 1.5413624
 endloop
endfacet
facet normal -0.9999993 0.00117054 2.0905132e-07
 outer loop
  vertex -0.008631824 -0.086011976 1.4955184
  vertex -0.008658435 -0.10874366 1.4799734
  vertex -0.008672517 -0.120780125 1.5162102
 endloop
endfacet
facet normal -0.9999993 0.0011705128 2.4896286e-07
 outer loop
  vertex -0.008658435 -0.10874366 1.4799734
  vertex -0.008631824 -0.086011976 1.4955184
  vertex -0.008621056 -0.076807104 1.4695112
 endloop
endfacet
facet normal -0.9999993 0.0011704187 1.687806e-07
 outer loop
  vertex -0.008672517 -0.120780125 1.5162102
  vertex -0.008658435 -0.10874366 1.4799734
  vertex -0.008682117 -0.12898096 1.5064273
 endloop
endfacet
facet normal -0.99999934 0.001170395 -8.864297e-09
 outer loop
  vertex -0.008720692 -0.16193712 1.4414308
  vertex -0.008658435 -0.10874366 1.4799734
  vertex -0.008702438 -0.1463409 1.4204233
 endloop
endfacet
facet normal -0.9999993 0.0011704225 -2.6252396e-08
 outer loop
  vertex -0.008702438 -0.1463409 1.4204233
  vertex -0.008658435 -0.10874366 1.4799734
  vertex -0.008621056 -0.076807104 1.4695112
 endloop
endfacet
facet normal -0.9999993 0.0011702452 -1.2220798e-07
 outer loop
  vertex -0.0087849535 -0.216855 1.390512
  vertex -0.008789193 -0.22047506 1.4152398
  vertex -0.008702438 -0.1463409 1.4204233
 endloop
endfacet
facet normal -0.99999934 0.001170245 -1.2019488e-07
 outer loop
  vertex -0.008702438 -0.1463409 1.4204233
  vertex -0.008789193 -0.22047506 1.4152398
  vertex -0.008720692 -0.16193712 1.4414308
 endloop
endfacet
facet normal -0.99999934 0.0011705399 -2.899354e-08
 outer loop
  vertex -0.008789193 -0.22047506 1.4152398
  vertex -0.008823093 -0.24943645 1.4033929
  vertex -0.008830141 -0.25545713 1.4309192
 endloop
endfacet
facet normal -0.9999993 0.0011705592 -7.621794e-08
 outer loop
  vertex -0.008823093 -0.24943645 1.4033929
  vertex -0.008789193 -0.22047506 1.4152398
  vertex -0.0087849535 -0.216855 1.390512
 endloop
endfacet
facet normal -0.9999993 0.0011704474 -4.9229e-08
 outer loop
  vertex -0.008830141 -0.25545713 1.4309192
  vertex -0.008823093 -0.24943645 1.4033929
  vertex -0.008838851 -0.262899 1.4186271
 endloop
endfacet
facet normal -0.99999934 0.0011705905 2.7730382e-09
 outer loop
  vertex -0.008821044 -0.24768607 1.3782427
  vertex -0.008823093 -0.24943645 1.4033929
  vertex -0.0087849535 -0.216855 1.390512
 endloop
endfacet
facet normal -0.99999934 0.0011704842 -4.1859746e-08
 outer loop
  vertex -0.008827094 -0.25285718 1.3106563
  vertex -0.008821044 -0.24768607 1.3782427
  vertex -0.008811619 -0.23963648 1.3051927
 endloop
endfacet
facet normal -0.9999993 0.001170603 -2.8760521e-08
 outer loop
  vertex -0.008811619 -0.23963648 1.3051927
  vertex -0.008821044 -0.24768607 1.3782427
  vertex -0.0087849535 -0.216855 1.390512
 endloop
endfacet
facet normal 0.9999992 -0.0011702825 -9.631998e-08
 outer loop
  vertex -0.008590674 -0.07680714 1.4695112
  vertex -0.008518431 -0.015080796 1.5254042
  vertex -0.008601444 -0.08601202 1.4955184
 endloop
endfacet
facet normal 0.9999993 -0.0011703222 -2.1828568e-09
 outer loop
  vertex -0.008518431 -0.015080796 1.5254042
  vertex -0.00853733 -0.031228844 1.5413624
  vertex -0.008601444 -0.08601202 1.4955184
 endloop
endfacet
facet normal 0.9999993 -0.0011704639 -8.103377e-08
 outer loop
  vertex -0.008601444 -0.08601202 1.4955184
  vertex -0.008642137 -0.12078016 1.5162102
  vertex -0.008628052 -0.1087437 1.4799734
 endloop
endfacet
facet normal 0.9999993 -0.0011704201 -1.449574e-07
 outer loop
  vertex -0.008628052 -0.1087437 1.4799734
  vertex -0.008590674 -0.07680714 1.4695112
  vertex -0.008601444 -0.08601202 1.4955184
 endloop
endfacet
facet normal 0.9999993 -0.0011705073 -9.5384394e-08
 outer loop
  vertex -0.008642137 -0.12078016 1.5162102
  vertex -0.008651737 -0.128981 1.5064273
  vertex -0.008628052 -0.1087437 1.4799734
 endloop
endfacet
facet normal 0.99999934 -0.0011700531 -2.6956727e-07
 outer loop
  vertex -0.008690301 -0.16193715 1.4414308
  vertex -0.008672059 -0.14634094 1.4204233
  vertex -0.008628052 -0.1087437 1.4799734
 endloop
endfacet
facet normal 0.9999993 -0.0011703911 -5.6170222e-08
 outer loop
  vertex -0.008672059 -0.14634094 1.4204233
  vertex -0.008590674 -0.07680714 1.4695112
  vertex -0.008628052 -0.1087437 1.4799734
 endloop
endfacet
facet normal 0.9999993 -0.0011703158 4.1326342e-07
 outer loop
  vertex -0.00875457 -0.21685503 1.390512
  vertex -0.008672059 -0.14634094 1.4204233
  vertex -0.008758817 -0.22047509 1.4152398
 endloop
endfacet
facet normal 0.99999934 -0.0011702573 -4.2116787e-07
 outer loop
  vertex -0.008672059 -0.14634094 1.4204233
  vertex -0.008690301 -0.16193715 1.4414308
  vertex -0.008758817 -0.22047509 1.4152398
 endloop
endfacet
facet normal 0.99999934 -0.0011705399 2.899354e-08
 outer loop
  vertex -0.008758817 -0.22047509 1.4152398
  vertex -0.008799765 -0.25545716 1.4309192
  vertex -0.008792717 -0.24943648 1.4033929
 endloop
endfacet
facet normal 0.9999993 -0.0011706755 3.60514e-07
 outer loop
  vertex -0.008792717 -0.24943648 1.4033929
  vertex -0.00875457 -0.21685503 1.390512
  vertex -0.008758817 -0.22047509 1.4152398
 endloop
endfacet
facet normal 0.9999993 -0.0011704474 4.9203518e-08
 outer loop
  vertex -0.008799765 -0.25545716 1.4309192
  vertex -0.008808475 -0.26289904 1.4186271
  vertex -0.008792717 -0.24943648 1.4033929
 endloop
endfacet
facet normal 0.99999934 -0.0011708251 -1.7690372e-08
 outer loop
  vertex -0.008790668 -0.24768613 1.3782427
  vertex -0.00875457 -0.21685503 1.390512
  vertex -0.008792717 -0.24943648 1.4033929
 endloop
endfacet
facet normal 0.99999934 -0.0011704817 4.1670802e-08
 outer loop
  vertex -0.008796718 -0.25285724 1.3106563
  vertex -0.008781243 -0.23963651 1.3051927
  vertex -0.008790668 -0.24768613 1.3782427
 endloop
endfacet
facet normal 0.9999993 -0.0011708332 2.9014364e-09
 outer loop
  vertex -0.008781243 -0.23963651 1.3051927
  vertex -0.00875457 -0.21685503 1.390512
  vertex -0.008790668 -0.24768613 1.3782427
 endloop
endfacet
facet normal -0.0007351824 -0.74933463 -0.66219115
 outer loop
  vertex -0.008838851 -0.262899 1.4186271
  vertex -0.008823093 -0.24943645 1.4033929
  vertex -0.008792717 -0.24943648 1.4033929
 endloop
endfacet
facet normal -0.0007304765 -0.7493347 -0.6621911
 outer loop
  vertex -0.008838851 -0.262899 1.4186271
  vertex -0.008792717 -0.24943648 1.4033929
  vertex -0.008808475 -0.26289904 1.4186271
 endloop
endfacet
facet normal -0.000973814 -0.79424274 -0.60759974
 outer loop
  vertex -0.008682117 -0.12898096 1.5064273
  vertex -0.008658435 -0.10874366 1.4799734
  vertex -0.008628052 -0.1087437 1.4799734
 endloop
endfacet
facet normal -0.00080535724 -0.7942431 -0.60759956
 outer loop
  vertex -0.008682117 -0.12898096 1.5064273
  vertex -0.008628052 -0.1087437 1.4799734
  vertex -0.008651737 -0.128981 1.5064273
 endloop
endfacet
facet normal -0.0005753775 -0.5867412 0.8097743
 outer loop
  vertex -0.008658435 -0.10874366 1.4799734
  vertex -0.008720692 -0.16193712 1.4414308
  vertex -0.008690301 -0.16193715 1.4414308
 endloop
endfacet
facet normal -0.0006999376 -0.58674115 0.80977434
 outer loop
  vertex -0.008658435 -0.10874366 1.4799734
  vertex -0.008690301 -0.16193715 1.4414308
  vertex -0.008628052 -0.1087437 1.4799734
 endloop
endfacet
facet normal 0.00038308516 0.39050746 -0.92059964
 outer loop
  vertex -0.0087849535 -0.216855 1.390512
  vertex -0.008702438 -0.1463409 1.4204233
  vertex -0.008672059 -0.14634094 1.4204233
 endloop
endfacet
facet normal 0.00040018166 0.39050743 -0.9205997
 outer loop
  vertex -0.0087849535 -0.216855 1.390512
  vertex -0.008672059 -0.14634094 1.4204233
  vertex -0.00875457 -0.21685503 1.390512
 endloop
endfacet
facet normal -0.0019565052 -0.9970839 0.07628807
 outer loop
  vertex -0.008821044 -0.24768607 1.3782427
  vertex -0.008827094 -0.25285718 1.3106563
  vertex -0.008796718 -0.25285724 1.3106563
 endloop
endfacet
facet normal -0.0019647458 -0.9970839 0.076288074
 outer loop
  vertex -0.008821044 -0.24768607 1.3782427
  vertex -0.008796718 -0.25285724 1.3106563
  vertex -0.008790668 -0.24768613 1.3782427
 endloop
endfacet
facet normal -0.0008392827 -0.8554389 0.5179031
 outer loop
  vertex -0.008830141 -0.25545713 1.4309192
  vertex -0.008838851 -0.262899 1.4186271
  vertex -0.008808475 -0.26289904 1.4186271
 endloop
endfacet
facet normal -0.00085014885 -0.8554389 0.5179031
 outer loop
  vertex -0.008830141 -0.25545713 1.4309192
  vertex -0.008808475 -0.26289904 1.4186271
  vertex -0.008799765 -0.25545716 1.4309192
 endloop
endfacet
facet normal 0.00070715864 0.5767232 -0.81693923
 outer loop
  vertex -0.008702438 -0.1463409 1.4204233
  vertex -0.008621056 -0.076807104 1.4695112
  vertex -0.008590674 -0.07680714 1.4695112
 endloop
endfacet
facet normal 0.0005402573 0.57672346 -0.81693923
 outer loop
  vertex -0.008702438 -0.1463409 1.4204233
  vertex -0.008590674 -0.07680714 1.4695112
  vertex -0.008672059 -0.14634094 1.4204233
 endloop
endfacet
facet normal 0.0008024919 0.67121243 -0.7412646
 outer loop
  vertex -0.008621056 -0.076807104 1.4695112
  vertex -0.008548811 -0.015080759 1.5254042
  vertex -0.008518431 -0.015080796 1.5254042
 endloop
endfacet
facet normal 0.000828274 0.6712124 -0.7412646
 outer loop
  vertex -0.008621056 -0.076807104 1.4695112
  vertex -0.008518431 -0.015080796 1.5254042
  vertex -0.008590674 -0.07680714 1.4695112
 endloop
endfacet
facet normal -0.0007517864 -0.7663523 0.6424202
 outer loop
  vertex -0.008672517 -0.120780125 1.5162102
  vertex -0.008682117 -0.12898096 1.5064273
  vertex -0.008651737 -0.128981 1.5064273
 endloop
endfacet
facet normal -0.0009380727 -0.76635236 0.6424198
 outer loop
  vertex -0.008672517 -0.120780125 1.5162102
  vertex -0.008651737 -0.128981 1.5064273
  vertex -0.008642137 -0.12078016 1.5162102
 endloop
endfacet
facet normal 0.00081884325 0.7029123 0.71127605
 outer loop
  vertex -0.008548811 -0.015080759 1.5254042
  vertex -0.0085677095 -0.031228809 1.5413624
  vertex -0.00853733 -0.031228844 1.5413624
 endloop
endfacet
facet normal 0.0008017467 0.7029123 0.71127605
 outer loop
  vertex -0.008548811 -0.015080759 1.5254042
  vertex -0.00853733 -0.031228844 1.5413624
  vertex -0.008518431 -0.015080796 1.5254042
 endloop
endfacet
facet normal -0.00040069091 -0.40840423 0.91280115
 outer loop
  vertex -0.008720692 -0.16193712 1.4414308
  vertex -0.008789193 -0.22047506 1.4152398
  vertex -0.008758817 -0.22047509 1.4152398
 endloop
endfacet
facet normal -0.00041812152 -0.40840414 0.91280115
 outer loop
  vertex -0.008720692 -0.16193712 1.4414308
  vertex -0.008758817 -0.22047509 1.4152398
  vertex -0.008690301 -0.16193715 1.4414308
 endloop
endfacet
facet normal -0.00094434735 -0.6417627 0.7669026
 outer loop
  vertex -0.0085677095 -0.031228809 1.5413624
  vertex -0.008631824 -0.086011976 1.4955184
  vertex -0.008601444 -0.08601202 1.4955184
 endloop
endfacet
facet normal -0.0006437242 -0.6417629 0.7669028
 outer loop
  vertex -0.0085677095 -0.031228809 1.5413624
  vertex -0.008601444 -0.08601202 1.4955184
  vertex -0.00853733 -0.031228844 1.5413624
 endloop
endfacet
facet normal -0.00037471825 -0.38193157 -0.9241906
 outer loop
  vertex -0.008827094 -0.25285718 1.3106563
  vertex -0.008811619 -0.23963648 1.3051927
  vertex -0.008781243 -0.23963651 1.3051927
 endloop
endfacet
facet normal -0.0007534894 -0.38193035 -0.9241908
 outer loop
  vertex -0.008827094 -0.25285718 1.3106563
  vertex -0.008781243 -0.23963651 1.3051927
  vertex -0.008796718 -0.25285724 1.3106563
 endloop
endfacet
facet normal 0.00040128175 0.40900642 0.91253144
 outer loop
  vertex -0.008789193 -0.22047506 1.4152398
  vertex -0.008830141 -0.25545713 1.4309192
  vertex -0.008799765 -0.25545716 1.4309192
 endloop
endfacet
facet normal 0.00039989053 0.40900642 0.91253144
 outer loop
  vertex -0.008789193 -0.22047506 1.4152398
  vertex -0.008799765 -0.25545716 1.4309192
  vertex -0.008758817 -0.22047509 1.4152398
 endloop
endfacet
facet normal 0.00062712195 0.511418 0.85933185
 outer loop
  vertex -0.008631824 -0.086011976 1.4955184
  vertex -0.008672517 -0.120780125 1.5162102
  vertex -0.008642137 -0.12078016 1.5162102
 endloop
endfacet
facet normal 0.0007576955 0.5114179 0.8593318
 outer loop
  vertex -0.008631824 -0.086011976 1.4955184
  vertex -0.008642137 -0.12078016 1.5162102
  vertex -0.008601444 -0.08601202 1.4955184
 endloop
endfacet
facet normal 0.0009476711 0.96615076 -0.25797647
 outer loop
  vertex -0.008811619 -0.23963648 1.3051927
  vertex -0.0087849535 -0.216855 1.390512
  vertex -0.00875457 -0.21685503 1.390512
 endloop
endfacet
facet normal 0.00095477205 0.96615076 -0.25797644
 outer loop
  vertex -0.008811619 -0.23963648 1.3051927
  vertex -0.00875457 -0.21685503 1.390512
  vertex -0.008781243 -0.23963651 1.3051927
 endloop
endfacet
facet normal 0.30897826 0.9510691 -2.2337568e-07
 outer loop
  vertex -0.09504084 -0.013396092 1.8310716
  vertex -0.10372239 -0.01057567 1.8568623
  vertex -0.03682386 -0.0323093 1.8864989
 endloop
endfacet
facet normal 0.30897817 0.9510691 0
 outer loop
  vertex -0.03682386 -0.0323093 1.8864989
  vertex -0.10372239 -0.01057567 1.8568623
  vertex -0.052053843 -0.027361467 1.9023243
 endloop
endfacet
facet normal 0.30897823 0.9510691 -5.855543e-08
 outer loop
  vertex -0.10372239 -0.01057567 1.8568623
  vertex -0.12516169 -0.0036105865 1.8414466
  vertex -0.13651384 7.744173e-05 1.8773816
 endloop
endfacet
facet normal 0.3089783 0.95106906 -2.0152237e-07
 outer loop
  vertex -0.12516169 -0.0036105865 1.8414466
  vertex -0.10372239 -0.01057567 1.8568623
  vertex -0.09504084 -0.013396092 1.8310716
 endloop
endfacet
facet normal 0.30897838 0.95106906 -3.566295e-08
 outer loop
  vertex -0.13651384 7.744173e-05 1.8773816
  vertex -0.12516169 -0.0036105865 1.8414466
  vertex -0.14424843 0.0025902118 1.8676801
 endloop
endfacet
facet normal 0.30897808 0.9510692 -6.888184e-08
 outer loop
  vertex -0.17533092 0.012688114 1.8032253
  vertex -0.12516169 -0.0036105865 1.8414466
  vertex -0.1606214 0.007909365 1.7823926
 endloop
endfacet
facet normal 0.3089783 0.951069 -2.0631008e-07
 outer loop
  vertex -0.1606214 0.007909365 1.7823926
  vertex -0.12516169 -0.0036105865 1.8414466
  vertex -0.09504084 -0.013396092 1.8310716
 endloop
endfacet
facet normal 0.30897832 0.9510691 -2.3571184e-07
 outer loop
  vertex -0.22712652 0.02951519 1.7527306
  vertex -0.23054074 0.030624388 1.7772524
  vertex -0.1606214 0.007909365 1.7823926
 endloop
endfacet
facet normal 0.3089783 0.95106906 7.226075e-08
 outer loop
  vertex -0.1606214 0.007909365 1.7823926
  vertex -0.23054074 0.030624388 1.7772524
  vertex -0.17533092 0.012688114 1.8032253
 endloop
endfacet
facet normal 0.30897844 0.95106906 5.0686145e-07
 outer loop
  vertex -0.23054074 0.030624388 1.7772524
  vertex -0.25785556 0.039498296 1.7655041
  vertex -0.26353398 0.041343056 1.7928011
 endloop
endfacet
facet normal 0.30897874 0.951069 -1.7058089e-07
 outer loop
  vertex -0.25785556 0.039498296 1.7655041
  vertex -0.23054074 0.030624388 1.7772524
  vertex -0.22712652 0.02951519 1.7527306
 endloop
endfacet
facet normal 0.30897844 0.95106906 5.0412e-07
 outer loop
  vertex -0.26353398 0.041343056 1.7928011
  vertex -0.25785556 0.039498296 1.7655041
  vertex -0.27055272 0.043623276 1.7806115
 endloop
endfacet
facet normal 0.30897826 0.9510691 -4.1372903e-07
 outer loop
  vertex -0.25620472 0.03896197 1.7405635
  vertex -0.31014186 0.05648478 1.7449026
  vertex -0.25785556 0.039498296 1.7655041
 endloop
endfacet
facet normal 0.30897868 0.951069 -3.6209917e-07
 outer loop
  vertex -0.25620472 0.03896197 1.7405635
  vertex -0.25785556 0.039498296 1.7655041
  vertex -0.22712652 0.02951519 1.7527306
 endloop
endfacet
facet normal 0.30897826 0.95106906 -5.3258294e-08
 outer loop
  vertex -0.30272326 0.054074664 1.7250342
  vertex -0.31014186 0.05648478 1.7449026
  vertex -0.25620472 0.03896197 1.7405635
 endloop
endfacet
facet normal 0.30897826 0.9510691 -1.9564455e-07
 outer loop
  vertex -0.2610818 0.0405464 1.6735401
  vertex -0.25620472 0.03896197 1.7405635
  vertex -0.24861276 0.036495518 1.668122
 endloop
endfacet
facet normal 0.30897856 0.951069 -1.6050141e-07
 outer loop
  vertex -0.24861276 0.036495518 1.668122
  vertex -0.25620472 0.03896197 1.7405635
  vertex -0.22712652 0.02951519 1.7527306
 endloop
endfacet
facet normal 0.3089781 0.9510692 4.0059817e-07
 outer loop
  vertex -0.3620167 0.07333761 1.6887379
  vertex -0.37118712 0.07631683 1.7046827
  vertex -0.30272326 0.054074664 1.7250342
 endloop
endfacet
facet normal 0.3089782 0.95106906 -8.2421344e-08
 outer loop
  vertex -0.37118712 0.07631683 1.7046827
  vertex -0.31014186 0.05648478 1.7449026
  vertex -0.30272326 0.054074664 1.7250342
 endloop
endfacet
facet normal 0.3089785 0.95106906 5.5939313e-07
 outer loop
  vertex -0.37118712 0.07631683 1.7046827
  vertex -0.39760292 0.08489867 1.6878865
  vertex -0.46188393 0.105781935 1.736927
 endloop
endfacet
facet normal 0.30897778 0.95106924 2.29278e-07
 outer loop
  vertex -0.38785243 0.08173097 1.674418
  vertex -0.37118712 0.07631683 1.7046827
  vertex -0.3620167 0.07333761 1.6887379
 endloop
endfacet
facet normal 0.30897912 0.9510689 -5.727182e-07
 outer loop
  vertex -0.37118712 0.07631683 1.7046827
  vertex -0.38785243 0.08173097 1.674418
  vertex -0.39760292 0.08489867 1.6878865
 endloop
endfacet
facet normal 0.30897793 0.95106924 1.6010509e-07
 outer loop
  vertex -0.47830644 0.11111716 1.63306
  vertex -0.38785243 0.08173097 1.674418
  vertex -0.47345927 0.109542444 1.6199858
 endloop
endfacet
facet normal 0.30897784 0.95106924 1.885136e-07
 outer loop
  vertex -0.39160562 0.08295029 1.6530654
  vertex -0.38785243 0.08173097 1.674418
  vertex -0.38020825 0.07924758 1.6469986
 endloop
endfacet
facet normal 0.30897784 0.95106924 1.8614224e-07
 outer loop
  vertex -0.38020825 0.07924758 1.6469986
  vertex -0.38785243 0.08173097 1.674418
  vertex -0.3620167 0.07333761 1.6887379
 endloop
endfacet
facet normal 0.30897853 0.951069 -1.0924821e-06
 outer loop
  vertex -0.39760292 0.08489867 1.6878865
  vertex -0.38785243 0.08173097 1.674418
  vertex -0.47830644 0.11111716 1.63306
 endloop
endfacet
facet normal 0.30897808 0.9510691 -9.6894716e-08
 outer loop
  vertex -0.46188393 0.105781935 1.736927
  vertex -0.39760292 0.08489867 1.6878865
  vertex -0.46412617 0.10651038 1.7208614
 endloop
endfacet
facet normal -0.30897817 -0.9510691 1.1168784e-07
 outer loop
  vertex -0.095050156 -0.013424745 1.8310716
  vertex -0.036833175 -0.032337952 1.8864989
  vertex -0.10373171 -0.010604325 1.8568623
 endloop
endfacet
facet normal -0.30897814 -0.9510691 0
 outer loop
  vertex -0.036833175 -0.032337952 1.8864989
  vertex -0.052063152 -0.02739012 1.9023243
  vertex -0.10373171 -0.010604325 1.8568623
 endloop
endfacet
facet normal -0.3089782 -0.9510691 6.587486e-08
 outer loop
  vertex -0.10373171 -0.010604325 1.8568623
  vertex -0.13652316 4.878679e-05 1.8773816
  vertex -0.125171 -0.0036392414 1.8414466
 endloop
endfacet
facet normal -0.30897826 -0.95106906 1.5114179e-07
 outer loop
  vertex -0.125171 -0.0036392414 1.8414466
  vertex -0.095050156 -0.013424745 1.8310716
  vertex -0.10373171 -0.010604325 1.8568623
 endloop
endfacet
facet normal -0.3089786 -0.95106894 -8.024162e-08
 outer loop
  vertex -0.13652316 4.878679e-05 1.8773816
  vertex -0.14425774 0.0025615606 1.8676801
  vertex -0.125171 -0.0036392414 1.8414466
 endloop
endfacet
facet normal -0.30897832 -0.9510691 1.5498422e-07
 outer loop
  vertex -0.17534022 0.012659463 1.8032253
  vertex -0.16063072 0.007880714 1.7823926
  vertex -0.125171 -0.0036392414 1.8414466
 endloop
endfacet
facet normal -0.30897826 -0.951069 1.289438e-07
 outer loop
  vertex -0.16063072 0.007880714 1.7823926
  vertex -0.095050156 -0.013424745 1.8310716
  vertex -0.125171 -0.0036392414 1.8414466
 endloop
endfacet
facet normal -0.30897826 -0.9510691 1.9176555e-07
 outer loop
  vertex -0.22713582 0.029486531 1.7527306
  vertex -0.16063072 0.007880714 1.7823926
  vertex -0.23055005 0.030595733 1.7772524
 endloop
endfacet
facet normal -0.30897826 -0.9510691 1.9871707e-07
 outer loop
  vertex -0.16063072 0.007880714 1.7823926
  vertex -0.17534022 0.012659463 1.8032253
  vertex -0.23055005 0.030595733 1.7772524
 endloop
endfacet
facet normal -0.30897823 -0.9510691 -1.1500217e-07
 outer loop
  vertex -0.23055005 0.030595733 1.7772524
  vertex -0.26354328 0.041314393 1.7928011
  vertex -0.2578649 0.039469633 1.7655041
 endloop
endfacet
facet normal -0.30897832 -0.9510691 1.8520198e-07
 outer loop
  vertex -0.2578649 0.039469633 1.7655041
  vertex -0.22713582 0.029486531 1.7527306
  vertex -0.23055005 0.030595733 1.7772524
 endloop
endfacet
facet normal -0.30897865 -0.95106906 -2.0562754e-07
 outer loop
  vertex -0.26354328 0.041314393 1.7928011
  vertex -0.27056205 0.04359462 1.7806115
  vertex -0.2578649 0.039469633 1.7655041
 endloop
endfacet
facet normal -0.3089783 -0.9510691 1.6807745e-08
 outer loop
  vertex -0.25621402 0.038933307 1.7405635
  vertex -0.2578649 0.039469633 1.7655041
  vertex -0.31015116 0.05645612 1.7449026
 endloop
endfacet
facet normal -0.3089784 -0.951069 0
 outer loop
  vertex -0.25621402 0.038933307 1.7405635
  vertex -0.22713582 0.029486531 1.7527306
  vertex -0.2578649 0.039469633 1.7655041
 endloop
endfacet
facet normal -0.30897823 -0.95106906 5.325829e-07
 outer loop
  vertex -0.3027326 0.054046 1.7250342
  vertex -0.25621402 0.038933307 1.7405635
  vertex -0.31015116 0.05645612 1.7449026
 endloop
endfacet
facet normal -0.3089779 -0.9510692 3.0099122e-07
 outer loop
  vertex -0.26109114 0.040517736 1.6735401
  vertex -0.24862207 0.036466856 1.668122
  vertex -0.25621402 0.038933307 1.7405635
 endloop
endfacet
facet normal -0.3089785 -0.9510691 2.3288443e-07
 outer loop
  vertex -0.24862207 0.036466856 1.668122
  vertex -0.22713582 0.029486531 1.7527306
  vertex -0.25621402 0.038933307 1.7405635
 endloop
endfacet
facet normal -0.3089781 -0.9510691 -7.79543e-07
 outer loop
  vertex -0.36202604 0.07330896 1.6887379
  vertex -0.3027326 0.054046 1.7250342
  vertex -0.37119642 0.07628817 1.7046827
 endloop
endfacet
facet normal -0.30897847 -0.951069 4.5789673e-07
 outer loop
  vertex -0.37119642 0.07628817 1.7046827
  vertex -0.3027326 0.054046 1.7250342
  vertex -0.31015116 0.05645612 1.7449026
 endloop
endfacet
facet normal -0.3089781 -0.9510691 6.0600917e-07
 outer loop
  vertex -0.37119642 0.07628817 1.7046827
  vertex -0.4618932 0.105753265 1.736927
  vertex -0.39761224 0.08486999 1.6878865
 endloop
endfacet
facet normal -0.3089776 -0.9510693 -4.2034412e-07
 outer loop
  vertex -0.3878617 0.0817023 1.674418
  vertex -0.36202604 0.07330896 1.6887379
  vertex -0.37119642 0.07628817 1.7046827
 endloop
endfacet
facet normal -0.30897745 -0.9510693 -5.19441e-07
 outer loop
  vertex -0.37119642 0.07628817 1.7046827
  vertex -0.39761224 0.08486999 1.6878865
  vertex -0.3878617 0.0817023 1.674418
 endloop
endfacet
facet normal -0.3089774 -0.95106936 -1.4209296e-06
 outer loop
  vertex -0.47831577 0.11108851 1.63306
  vertex -0.47346854 0.10951379 1.6199858
  vertex -0.3878617 0.0817023 1.674418
 endloop
endfacet
facet normal -0.30897686 -0.9510695 3.7702614e-07
 outer loop
  vertex -0.3916149 0.08292161 1.6530654
  vertex -0.38021752 0.0792189 1.6469986
  vertex -0.3878617 0.0817023 1.674418
 endloop
endfacet
facet normal -0.30897787 -0.95106924 6.768823e-08
 outer loop
  vertex -0.38021752 0.0792189 1.6469986
  vertex -0.36202604 0.07330896 1.6887379
  vertex -0.3878617 0.0817023 1.674418
 endloop
endfacet
facet normal -0.30897766 -0.95106924 -6.828e-07
 outer loop
  vertex -0.39761224 0.08486999 1.6878865
  vertex -0.47831577 0.11108851 1.63306
  vertex -0.3878617 0.0817023 1.674418
 endloop
endfacet
facet normal -0.30897895 -0.9510688 -6.055922e-07
 outer loop
  vertex -0.4618932 0.105753265 1.736927
  vertex -0.46413544 0.10648172 1.7208614
  vertex -0.39761224 0.08486999 1.6878865
 endloop
endfacet
facet normal 0.47843727 -0.15570666 -0.86420673
 outer loop
  vertex -0.3620167 0.07333761 1.6887379
  vertex -0.30272326 0.054074664 1.7250342
  vertex -0.3027326 0.054046 1.7250342
 endloop
endfacet
facet normal 0.47841015 -0.15575647 -0.8642127
 outer loop
  vertex -0.3620167 0.07333761 1.6887379
  vertex -0.3027326 0.054046 1.7250342
  vertex -0.36202604 0.07330896 1.6887379
 endloop
endfacet
facet normal -0.8864921 0.28673849 -0.363198
 outer loop
  vertex -0.47830644 0.11111716 1.63306
  vertex -0.47345927 0.109542444 1.6199858
  vertex -0.47346854 0.10951379 1.6199858
 endloop
endfacet
facet normal -0.8859528 0.28839493 -0.36320257
 outer loop
  vertex -0.47830644 0.11111716 1.63306
  vertex -0.47346854 0.10951379 1.6199858
  vertex -0.47831577 0.11108851 1.63306
 endloop
endfacet
facet normal -0.71255094 0.23189855 -0.662189
 outer loop
  vertex -0.27055272 0.043623276 1.7806115
  vertex -0.25785556 0.039498296 1.7655041
  vertex -0.2578649 0.039469633 1.7655041
 endloop
endfacet
facet normal -0.71253514 0.23194697 -0.66218895
 outer loop
  vertex -0.27055272 0.043623276 1.7806115
  vertex -0.2578649 0.039469633 1.7655041
  vertex -0.27056205 0.04359462 1.7806115
 endloop
endfacet
facet normal -0.51603836 0.16798751 0.83993125
 outer loop
  vertex -0.39760292 0.08489867 1.6878865
  vertex -0.47830644 0.11111716 1.63306
  vertex -0.47831577 0.11108851 1.63306
 endloop
endfacet
facet normal -0.51608944 0.16778924 0.8399395
 outer loop
  vertex -0.39760292 0.08489867 1.6878865
  vertex -0.47831577 0.11108851 1.63306
  vertex -0.39761224 0.08486999 1.6878865
 endloop
endfacet
facet normal -0.75534934 0.24549836 -0.6076001
 outer loop
  vertex -0.14424843 0.0025902118 1.8676801
  vertex -0.12516169 -0.0036105865 1.8414466
  vertex -0.125171 -0.0036392414 1.8414466
 endloop
endfacet
facet normal -0.755343 0.24550733 -0.6076043
 outer loop
  vertex -0.14424843 0.0025902118 1.8676801
  vertex -0.125171 -0.0036392414 1.8414466
  vertex -0.14425774 0.0025615606 1.8676801
 endloop
endfacet
facet normal -0.3337808 0.108281374 0.93641096
 outer loop
  vertex -0.25785556 0.039498296 1.7655041
  vertex -0.31014186 0.05648478 1.7449026
  vertex -0.31015116 0.05645612 1.7449026
 endloop
endfacet
facet normal -0.33367574 0.10861031 0.93641037
 outer loop
  vertex -0.25785556 0.039498296 1.7655041
  vertex -0.31015116 0.05645612 1.7449026
  vertex -0.2578649 0.039469633 1.7655041
 endloop
endfacet
facet normal 0.86441815 -0.28146985 -0.41660047
 outer loop
  vertex -0.38020825 0.07924758 1.6469986
  vertex -0.3620167 0.07333761 1.6887379
  vertex -0.36202604 0.07330896 1.6887379
 endloop
endfacet
facet normal 0.86503166 -0.27957305 -0.41660422
 outer loop
  vertex -0.38020825 0.07924758 1.6469986
  vertex -0.36202604 0.07330896 1.6887379
  vertex -0.38021752 0.0792189 1.6469986
 endloop
endfacet
facet normal -0.55808574 0.18111844 0.8097756
 outer loop
  vertex -0.12516169 -0.0036105865 1.8414466
  vertex -0.17533092 0.012688114 1.8032253
  vertex -0.17534022 0.012659463 1.8032253
 endloop
endfacet
facet normal -0.55800056 0.18137391 0.809777
 outer loop
  vertex -0.12516169 -0.0036105865 1.8414466
  vertex -0.17534022 0.012659463 1.8032253
  vertex -0.125171 -0.0036392414 1.8414466
 endloop
endfacet
facet normal 0.3047769 -0.09852975 0.94731355
 outer loop
  vertex -0.37118712 0.07631683 1.7046827
  vertex -0.46188393 0.105781935 1.736927
  vertex -0.4618932 0.105753265 1.736927
 endloop
endfacet
facet normal 0.3046791 -0.09886048 0.94731057
 outer loop
  vertex -0.37118712 0.07631683 1.7046827
  vertex -0.4618932 0.105753265 1.736927
  vertex -0.37119642 0.07628817 1.7046827
 endloop
endfacet
facet normal -0.4297816 0.13890576 -0.89218444
 outer loop
  vertex -0.39160562 0.08295029 1.6530654
  vertex -0.38020825 0.07924758 1.6469986
  vertex -0.38021752 0.0792189 1.6469986
 endloop
endfacet
facet normal -0.42964765 0.1393078 -0.89218616
 outer loop
  vertex -0.39160562 0.08295029 1.6530654
  vertex -0.38021752 0.0792189 1.6469986
  vertex -0.3916149 0.08292161 1.6530654
 endloop
endfacet
facet normal -0.5050707 0.16384928 0.8473824
 outer loop
  vertex -0.31014186 0.05648478 1.7449026
  vertex -0.37118712 0.07631683 1.7046827
  vertex -0.37119642 0.07628817 1.7046827
 endloop
endfacet
facet normal -0.50506246 0.16392535 0.84737265
 outer loop
  vertex -0.31014186 0.05648478 1.7449026
  vertex -0.37119642 0.07628817 1.7046827
  vertex -0.31015116 0.05645612 1.7449026
 endloop
endfacet
facet normal -0.4055213 0.13187343 -0.904523
 outer loop
  vertex -0.46412617 0.10651038 1.7208614
  vertex -0.39760292 0.08489867 1.6878865
  vertex -0.39761224 0.08486999 1.6878865
 endloop
endfacet
facet normal -0.40572765 0.13116853 -0.90453297
 outer loop
  vertex -0.46412617 0.10651038 1.7208614
  vertex -0.39761224 0.08486999 1.6878865
  vertex -0.46413544 0.10648172 1.7208614
 endloop
endfacet
facet normal 0.28784186 -0.09337838 -0.9531147
 outer loop
  vertex -0.30272326 0.054074664 1.7250342
  vertex -0.25620472 0.03896197 1.7405635
  vertex -0.25621402 0.038933307 1.7405635
 endloop
endfacet
facet normal 0.28774416 -0.09362245 -0.95312023
 outer loop
  vertex -0.30272326 0.054074664 1.7250342
  vertex -0.25621402 0.038933307 1.7405635
  vertex -0.3027326 0.054046 1.7250342
 endloop
endfacet
facet normal -0.9413835 0.30449325 0.14519294
 outer loop
  vertex -0.46188393 0.105781935 1.736927
  vertex -0.46412617 0.10651038 1.7208614
  vertex -0.46413544 0.10648172 1.7208614
 endloop
endfacet
facet normal -0.9414309 0.3043464 0.14519334
 outer loop
  vertex -0.46188393 0.105781935 1.736927
  vertex -0.46413544 0.10648172 1.7208614
  vertex -0.4618932 0.105753265 1.736927
 endloop
endfacet
facet normal 0.37137926 -0.12071878 -0.92060006
 outer loop
  vertex -0.22712652 0.02951519 1.7527306
  vertex -0.1606214 0.007909365 1.7823926
  vertex -0.16063072 0.007880714 1.7823926
 endloop
endfacet
facet normal 0.37143418 -0.12055588 -0.9205993
 outer loop
  vertex -0.22712652 0.02951519 1.7527306
  vertex -0.16063072 0.007880714 1.7823926
  vertex -0.22713582 0.029486531 1.7527306
 endloop
endfacet
facet normal -0.9481376 0.30856985 0.07628768
 outer loop
  vertex -0.25620472 0.03896197 1.7405635
  vertex -0.2610818 0.0405464 1.6735401
  vertex -0.26109114 0.040517736 1.6735401
 endloop
endfacet
facet normal -0.948428 0.30767593 0.07628811
 outer loop
  vertex -0.25620472 0.03896197 1.7405635
  vertex -0.26109114 0.040517736 1.6735401
  vertex -0.25621402 0.038933307 1.7405635
 endloop
endfacet
facet normal -0.8134255 0.26479685 0.5179011
 outer loop
  vertex -0.26353398 0.041343056 1.7928011
  vertex -0.27055272 0.043623276 1.7806115
  vertex -0.27056205 0.04359462 1.7806115
 endloop
endfacet
facet normal -0.8136968 0.26395708 0.5179037
 outer loop
  vertex -0.26353398 0.041343056 1.7928011
  vertex -0.27056205 0.04359462 1.7806115
  vertex -0.26354328 0.041314393 1.7928011
 endloop
endfacet
facet normal 0.54847884 -0.17827435 -0.81693894
 outer loop
  vertex -0.1606214 0.007909365 1.7823926
  vertex -0.09504084 -0.013396092 1.8310716
  vertex -0.095050156 -0.013424745 1.8310716
 endloop
endfacet
facet normal 0.54850566 -0.17827235 -0.8169214
 outer loop
  vertex -0.1606214 0.007909365 1.7823926
  vertex -0.095050156 -0.013424745 1.8310716
  vertex -0.16063072 0.007880714 1.7823926
 endloop
endfacet
facet normal 0.49237645 -0.15917784 -0.8557031
 outer loop
  vertex -0.47345927 0.109542444 1.6199858
  vertex -0.38785243 0.08173097 1.674418
  vertex -0.3878617 0.0817023 1.674418
 endloop
endfacet
facet normal 0.49233896 -0.15933585 -0.85569525
 outer loop
  vertex -0.47345927 0.109542444 1.6199858
  vertex -0.3878617 0.0817023 1.674418
  vertex -0.47346854 0.10951379 1.6199858
 endloop
endfacet
facet normal 0.63833535 -0.20749426 -0.7412652
 outer loop
  vertex -0.09504084 -0.013396092 1.8310716
  vertex -0.03682386 -0.0323093 1.8864989
  vertex -0.036833175 -0.032337952 1.8864989
 endloop
endfacet
facet normal 0.638332 -0.20747428 -0.7412737
 outer loop
  vertex -0.09504084 -0.013396092 1.8310716
  vertex -0.036833175 -0.032337952 1.8864989
  vertex -0.095050156 -0.013424745 1.8310716
 endloop
endfacet
facet normal -0.72881854 0.2369063 0.6424165
 outer loop
  vertex -0.13651384 7.744173e-05 1.8773816
  vertex -0.14424843 0.0025902118 1.8676801
  vertex -0.14425774 0.0025615606 1.8676801
 endloop
endfacet
facet normal -0.72882783 0.23687977 0.6424157
 outer loop
  vertex -0.13651384 7.744173e-05 1.8773816
  vertex -0.14425774 0.0025615606 1.8676801
  vertex -0.13652316 4.878679e-05 1.8773816
 endloop
endfacet
facet normal -0.93540525 0.30329588 0.18173787
 outer loop
  vertex -0.38785243 0.08173097 1.674418
  vertex -0.39160562 0.08295029 1.6530654
  vertex -0.3916149 0.08292161 1.6530654
 endloop
endfacet
facet normal -0.93566716 0.3024864 0.18173859
 outer loop
  vertex -0.38785243 0.08173097 1.674418
  vertex -0.3916149 0.08292161 1.6530654
  vertex -0.3878617 0.0817023 1.674418
 endloop
endfacet
facet normal 0.66851586 -0.21720356 0.7112729
 outer loop
  vertex -0.03682386 -0.0323093 1.8864989
  vertex -0.052053843 -0.027361467 1.9023243
  vertex -0.052063152 -0.02739012 1.9023243
 endloop
endfacet
facet normal 0.66849005 -0.21729119 0.71127033
 outer loop
  vertex -0.03682386 -0.0323093 1.8864989
  vertex -0.052063152 -0.02739012 1.9023243
  vertex -0.036833175 -0.032337952 1.8864989
 endloop
endfacet
facet normal -0.38840577 0.12623692 0.9128007
 outer loop
  vertex -0.17533092 0.012688114 1.8032253
  vertex -0.23054074 0.030624388 1.7772524
  vertex -0.23055005 0.030595733 1.7772524
 endloop
endfacet
facet normal -0.3884716 0.12604171 0.9127996
 outer loop
  vertex -0.17533092 0.012688114 1.8032253
  vertex -0.23055005 0.030595733 1.7772524
  vertex -0.17534022 0.012659463 1.8032253
 endloop
endfacet
facet normal -0.61033636 0.19836725 0.76690286
 outer loop
  vertex -0.052053843 -0.027361467 1.9023243
  vertex -0.10372239 -0.01057567 1.8568623
  vertex -0.10373171 -0.010604325 1.8568623
 endloop
endfacet
facet normal -0.6103725 0.19832128 0.76688594
 outer loop
  vertex -0.052053843 -0.027361467 1.9023243
  vertex -0.10373171 -0.010604325 1.8568623
  vertex -0.052063152 -0.02739012 1.9023243
 endloop
endfacet
facet normal -0.36323652 0.11802591 -0.92419106
 outer loop
  vertex -0.2610818 0.0405464 1.6735401
  vertex -0.24861276 0.036495518 1.668122
  vertex -0.24862207 0.036466856 1.668122
 endloop
endfacet
facet normal -0.3631808 0.11821008 -0.92418945
 outer loop
  vertex -0.2610818 0.0405464 1.6735401
  vertex -0.24862207 0.036466856 1.668122
  vertex -0.26109114 0.040517736 1.6735401
 endloop
endfacet
facet normal 0.38904598 -0.12620987 0.91253185
 outer loop
  vertex -0.23054074 0.030624388 1.7772524
  vertex -0.26353398 0.041343056 1.7928011
  vertex -0.26354328 0.041314393 1.7928011
 endloop
endfacet
facet normal 0.38896203 -0.12643139 0.9125369
 outer loop
  vertex -0.23054074 0.030624388 1.7772524
  vertex -0.26354328 0.041314393 1.7928011
  vertex -0.23055005 0.030595733 1.7772524
 endloop
endfacet
facet normal 0.4863725 -0.15807737 0.8593331
 outer loop
  vertex -0.10372239 -0.01057567 1.8568623
  vertex -0.13651384 7.744173e-05 1.8773816
  vertex -0.13652316 4.878679e-05 1.8773816
 endloop
endfacet
facet normal 0.48637375 -0.15807207 0.8593333
 outer loop
  vertex -0.10372239 -0.01057567 1.8568623
  vertex -0.13652316 4.878679e-05 1.8773816
  vertex -0.10373171 -0.010604325 1.8568623
 endloop
endfacet
facet normal 0.9189911 -0.2981674 -0.25797588
 outer loop
  vertex -0.24861276 0.036495518 1.668122
  vertex -0.22712652 0.02951519 1.7527306
  vertex -0.22713582 0.029486531 1.7527306
 endloop
endfacet
facet normal 0.9188598 -0.29857484 -0.25797236
 outer loop
  vertex -0.24861276 0.036495518 1.668122
  vertex -0.22713582 0.029486531 1.7527306
  vertex -0.24862207 0.036466856 1.668122
 endloop
endfacet
facet normal 0.8104505 0.5858072 -3.5691338e-07
 outer loop
  vertex -0.08443478 0.021703491 2.0919483
  vertex -0.088921726 0.027911091 2.1135893
  vertex -0.054346066 -0.019923503 2.1384573
 endloop
endfacet
facet normal 0.8104503 0.5858073 2.0827454e-07
 outer loop
  vertex -0.054346066 -0.019923503 2.1384573
  vertex -0.088921726 0.027911091 2.1135893
  vertex -0.062217493 -0.009033577 2.1517363
 endloop
endfacet
facet normal 0.81045026 0.58580756 -1.4554035e-07
 outer loop
  vertex -0.088921726 0.027911091 2.1135893
  vertex -0.10000236 0.043240875 2.1006541
  vertex -0.10586958 0.051358026 2.130807
 endloop
endfacet
facet normal 0.8104503 0.5858074 -4.2932837e-07
 outer loop
  vertex -0.10000236 0.043240875 2.1006541
  vertex -0.088921726 0.027911091 2.1135893
  vertex -0.08443478 0.021703491 2.0919483
 endloop
endfacet
facet normal 0.8104501 0.58580774 -2.0260633e-07
 outer loop
  vertex -0.10586958 0.051358026 2.130807
  vertex -0.10000236 0.043240875 2.1006541
  vertex -0.10986711 0.05688851 2.1226664
 endloop
endfacet
facet normal 0.8104501 0.5858077 1.9566565e-07
 outer loop
  vertex -0.1259317 0.07911346 2.0685825
  vertex -0.10000236 0.043240875 2.1006541
  vertex -0.11832926 0.068595685 2.0511022
 endloop
endfacet
facet normal 0.8104504 0.5858073 -9.156846e-08
 outer loop
  vertex -0.11832926 0.068595685 2.0511022
  vertex -0.10000236 0.043240875 2.1006541
  vertex -0.08443478 0.021703491 2.0919483
 endloop
endfacet
facet normal 0.8104504 0.5858073 -2.78036e-07
 outer loop
  vertex -0.1527016 0.116148986 2.0262127
  vertex -0.15446618 0.11859025 2.046789
  vertex -0.11832926 0.068595685 2.0511022
 endloop
endfacet
facet normal 0.8104504 0.58580744 4.105295e-07
 outer loop
  vertex -0.11832926 0.068595685 2.0511022
  vertex -0.15446618 0.11859025 2.046789
  vertex -0.1259317 0.07911346 2.0685825
 endloop
endfacet
facet normal 0.81044996 0.585808 -1.2280456e-06
 outer loop
  vertex -0.15446618 0.11859025 2.046789
  vertex -0.16858356 0.13812125 2.036931
  vertex -0.17151833 0.14218147 2.059836
 endloop
endfacet
facet normal 0.8104497 0.58580816 -4.4301416e-07
 outer loop
  vertex -0.16858356 0.13812125 2.036931
  vertex -0.15446618 0.11859025 2.046789
  vertex -0.1527016 0.116148986 2.0262127
 endloop
endfacet
facet normal 0.81045043 0.58580726 -1.0363066e-06
 outer loop
  vertex -0.17151833 0.14218147 2.059836
  vertex -0.16858356 0.13812125 2.036931
  vertex -0.1751459 0.14720011 2.0496075
 endloop
endfacet
facet normal 0.81045043 0.5858071 8.2265797e-07
 outer loop
  vertex -0.16773032 0.13694084 2.0160034
  vertex -0.19560702 0.1755076 2.0196443
  vertex -0.16858356 0.13812125 2.036931
 endloop
endfacet
facet normal 0.81045 0.58580786 7.219746e-07
 outer loop
  vertex -0.16773032 0.13694084 2.0160034
  vertex -0.16858356 0.13812125 2.036931
  vertex -0.1527016 0.116148986 2.0262127
 endloop
endfacet
facet normal 0.81045043 0.58580714 -2.2692755e-07
 outer loop
  vertex -0.19177283 0.17020309 2.0029728
  vertex -0.19560702 0.1755076 2.0196443
  vertex -0.16773032 0.13694084 2.0160034
 endloop
endfacet
facet normal 0.8104492 0.585809 -2.1802357e-07
 outer loop
  vertex -0.17025098 0.14042808 1.9597645
  vertex -0.16773032 0.13694084 2.0160034
  vertex -0.1638065 0.13151233 1.9552182
 endloop
endfacet
facet normal 0.81045014 0.58580756 -3.1288508e-08
 outer loop
  vertex -0.1638065 0.13151233 1.9552182
  vertex -0.16773032 0.13694084 2.0160034
  vertex -0.1527016 0.116148986 2.0262127
 endloop
endfacet
facet normal 0.81044996 0.58580786 1.0302863e-06
 outer loop
  vertex -0.22241789 0.21259978 1.9725168
  vertex -0.2271575 0.21915689 1.9858961
  vertex -0.19177283 0.17020309 2.0029728
 endloop
endfacet
facet normal 0.81045014 0.58580756 -4.032165e-07
 outer loop
  vertex -0.2271575 0.21915689 1.9858961
  vertex -0.19560702 0.1755076 2.0196443
  vertex -0.19177283 0.17020309 2.0029728
 endloop
endfacet
facet normal 0.81045055 0.585807 1.6552124e-07
 outer loop
  vertex -0.2271575 0.21915689 1.9858961
  vertex -0.24081019 0.23804507 1.9718025
  vertex -0.27403298 0.28400803 2.012952
 endloop
endfacet
facet normal 0.8104495 0.58580846 5.78916e-07
 outer loop
  vertex -0.23577075 0.2310731 1.960501
  vertex -0.2271575 0.21915689 1.9858961
  vertex -0.22241789 0.21259978 1.9725168
 endloop
endfacet
facet normal 0.81045085 0.58580655 -7.661249e-07
 outer loop
  vertex -0.2271575 0.21915689 1.9858961
  vertex -0.23577075 0.2310731 1.960501
  vertex -0.24081019 0.23804507 1.9718025
 endloop
endfacet
facet normal 0.8104507 0.5858069 -6.8219254e-07
 outer loop
  vertex -0.28252077 0.29575065 1.9257977
  vertex -0.23577075 0.2310731 1.960501
  vertex -0.28001556 0.29228473 1.9148273
 endloop
endfacet
facet normal 0.8104499 0.5858079 7.4322577e-07
 outer loop
  vertex -0.23771054 0.23375677 1.9425843
  vertex -0.23577075 0.2310731 1.960501
  vertex -0.23181994 0.22560729 1.9374937
 endloop
endfacet
facet normal 0.81044954 0.58580846 5.527909e-07
 outer loop
  vertex -0.23181994 0.22560729 1.9374937
  vertex -0.23577075 0.2310731 1.960501
  vertex -0.22241789 0.21259978 1.9725168
 endloop
endfacet
facet normal 0.8104507 0.5858069 -1.0182533e-06
 outer loop
  vertex -0.24081019 0.23804507 1.9718025
  vertex -0.23577075 0.2310731 1.960501
  vertex -0.28252077 0.29575065 1.9257977
 endloop
endfacet
facet normal 0.81045026 0.58580744 -5.504814e-07
 outer loop
  vertex -0.27403298 0.28400803 2.012952
  vertex -0.24081019 0.23804507 1.9718025
  vertex -0.27519184 0.28561127 1.9994717
 endloop
endfacet
facet normal -0.81045043 -0.58580726 3.1725634e-07
 outer loop
  vertex -0.08445527 0.021688683 2.0919483
  vertex -0.054366555 -0.01993831 2.1384573
  vertex -0.088942215 0.027896283 2.1135893
 endloop
endfacet
facet normal -0.81045043 -0.5858073 5.206864e-08
 outer loop
  vertex -0.054366555 -0.01993831 2.1384573
  vertex -0.062237978 -0.009048385 2.1517363
  vertex -0.088942215 0.027896283 2.1135893
 endloop
endfacet
facet normal -0.81045014 -0.5858076 2.910807e-07
 outer loop
  vertex -0.088942215 0.027896283 2.1135893
  vertex -0.105890065 0.05134322 2.130807
  vertex -0.10002285 0.043226063 2.1006541
 endloop
endfacet
facet normal -0.8104503 -0.58580744 4.7226126e-07
 outer loop
  vertex -0.10002285 0.043226063 2.1006541
  vertex -0.08445527 0.021688683 2.0919483
  vertex -0.088942215 0.027896283 2.1135893
 endloop
endfacet
facet normal -0.8104499 -0.58580804 4.6852736e-07
 outer loop
  vertex -0.105890065 0.05134322 2.130807
  vertex -0.1098876 0.056873698 2.1226664
  vertex -0.10002285 0.043226063 2.1006541
 endloop
endfacet
facet normal -0.8104502 -0.5858076 -2.3235296e-07
 outer loop
  vertex -0.12595218 0.07909866 2.0685825
  vertex -0.118349746 0.06858088 2.0511022
  vertex -0.10002285 0.043226063 2.1006541
 endloop
endfacet
facet normal -0.8104504 -0.5858073 0
 outer loop
  vertex -0.118349746 0.06858088 2.0511022
  vertex -0.08445527 0.021688683 2.0919483
  vertex -0.10002285 0.043226063 2.1006541
 endloop
endfacet
facet normal -0.8104502 -0.58580756 2.7236177e-07
 outer loop
  vertex -0.1527221 0.116134174 2.0262127
  vertex -0.118349746 0.06858088 2.0511022
  vertex -0.15448669 0.11857544 2.046789
 endloop
endfacet
facet normal -0.8104502 -0.58580756 -2.82239e-07
 outer loop
  vertex -0.118349746 0.06858088 2.0511022
  vertex -0.12595218 0.07909866 2.0685825
  vertex -0.15448669 0.11857544 2.046789
 endloop
endfacet
facet normal -0.8104505 -0.5858072 1.0405122e-06
 outer loop
  vertex -0.15448669 0.11857544 2.046789
  vertex -0.1715388 0.14216666 2.059836
  vertex -0.16860403 0.13810644 2.036931
 endloop
endfacet
facet normal -0.81045026 -0.5858074 3.0457244e-07
 outer loop
  vertex -0.16860403 0.13810644 2.036931
  vertex -0.1527221 0.116134174 2.0262127
  vertex -0.15448669 0.11857544 2.046789
 endloop
endfacet
facet normal -0.81044954 -0.5858084 1.356618e-06
 outer loop
  vertex -0.1715388 0.14216666 2.059836
  vertex -0.17516638 0.1471853 2.0496075
  vertex -0.16860403 0.13810644 2.036931
 endloop
endfacet
facet normal -0.8104503 -0.5858073 -1.8730155e-07
 outer loop
  vertex -0.1677508 0.13692603 2.0160034
  vertex -0.16860403 0.13810644 2.036931
  vertex -0.19562753 0.1754928 2.0196443
 endloop
endfacet
facet normal -0.8104504 -0.58580726 -1.5824106e-07
 outer loop
  vertex -0.1677508 0.13692603 2.0160034
  vertex -0.1527221 0.116134174 2.0262127
  vertex -0.16860403 0.13810644 2.036931
 endloop
endfacet
facet normal -0.8104503 -0.5858073 -4.5385505e-07
 outer loop
  vertex -0.19179332 0.17018828 2.0029728
  vertex -0.1677508 0.13692603 2.0160034
  vertex -0.19562753 0.1754928 2.0196443
 endloop
endfacet
facet normal -0.81045014 -0.5858076 3.4199694e-08
 outer loop
  vertex -0.17027147 0.1404133 1.9597645
  vertex -0.16382699 0.13149752 1.9552182
  vertex -0.1677508 0.13692603 2.0160034
 endloop
endfacet
facet normal -0.81045043 -0.58580726 -1.7879154e-08
 outer loop
  vertex -0.16382699 0.13149752 1.9552182
  vertex -0.1527221 0.116134174 2.0262127
  vertex -0.1677508 0.13692603 2.0160034
 endloop
endfacet
facet normal -0.8104503 -0.5858074 0
 outer loop
  vertex -0.22243838 0.21258497 1.9725168
  vertex -0.19179332 0.17018828 2.0029728
  vertex -0.22717799 0.21914211 1.9858961
 endloop
endfacet
facet normal -0.81045026 -0.58580744 -3.6419536e-07
 outer loop
  vertex -0.22717799 0.21914211 1.9858961
  vertex -0.19179332 0.17018828 2.0029728
  vertex -0.19562753 0.1754928 2.0196443
 endloop
endfacet
facet normal -0.8104501 -0.58580774 1.4565878e-06
 outer loop
  vertex -0.22717799 0.21914211 1.9858961
  vertex -0.27405345 0.28399318 2.012952
  vertex -0.2408307 0.23803025 1.9718025
 endloop
endfacet
facet normal -0.8104501 -0.58580774 1.6282007e-07
 outer loop
  vertex -0.23579122 0.23105828 1.960501
  vertex -0.22243838 0.21258497 1.9725168
  vertex -0.22717799 0.21914211 1.9858961
 endloop
endfacet
facet normal -0.8104494 -0.58580863 -4.918329e-07
 outer loop
  vertex -0.22717799 0.21914211 1.9858961
  vertex -0.2408307 0.23803025 1.9718025
  vertex -0.23579122 0.23105828 1.960501
 endloop
endfacet
facet normal -0.8104506 -0.5858069 8.101037e-07
 outer loop
  vertex -0.28254125 0.29573584 1.9257977
  vertex -0.28003603 0.29226992 1.9148273
  vertex -0.23579122 0.23105828 1.960501
 endloop
endfacet
facet normal -0.8104481 -0.5858105 7.0167744e-07
 outer loop
  vertex -0.23773105 0.23374195 1.9425843
  vertex -0.23184043 0.22559248 1.9374937
  vertex -0.23579122 0.23105828 1.960501
 endloop
endfacet
facet normal -0.81044996 -0.5858079 -2.4034395e-07
 outer loop
  vertex -0.23184043 0.22559248 1.9374937
  vertex -0.22243838 0.21258497 1.9725168
  vertex -0.23579122 0.23105828 1.960501
 endloop
endfacet
facet normal -0.8104501 -0.58580774 -1.35767e-06
 outer loop
  vertex -0.2408307 0.23803025 1.9718025
  vertex -0.28254125 0.29573584 1.9257977
  vertex -0.23579122 0.23105828 1.960501
 endloop
endfacet
facet normal -0.8104514 -0.5858059 -1.7245525e-06
 outer loop
  vertex -0.27405345 0.28399318 2.012952
  vertex -0.27521232 0.2855965 1.9994717
  vertex -0.2408307 0.23803025 1.9718025
 endloop
endfacet
facet normal 0.29476577 -0.4077494 -0.8642069
 outer loop
  vertex -0.22241789 0.21259978 1.9725168
  vertex -0.19177283 0.17020309 2.0029728
  vertex -0.19179332 0.17018828 2.0029728
 endloop
endfacet
facet normal 0.29476628 -0.4077283 -0.8642167
 outer loop
  vertex -0.22241789 0.21259978 1.9725168
  vertex -0.19179332 0.17018828 2.0029728
  vertex -0.22243838 0.21258497 1.9725168
 endloop
endfacet
facet normal -0.54610866 0.7548827 -0.36320448
 outer loop
  vertex -0.28252077 0.29575065 1.9257977
  vertex -0.28001556 0.29228473 1.9148273
  vertex -0.28003603 0.29226992 1.9148273
 endloop
endfacet
facet normal -0.54610735 0.7548851 -0.36320144
 outer loop
  vertex -0.28252077 0.29575065 1.9257977
  vertex -0.28003603 0.29226992 1.9148273
  vertex -0.28254125 0.29573584 1.9257977
 endloop
endfacet
facet normal -0.43921304 0.60712147 -0.66218984
 outer loop
  vertex -0.1751459 0.14720011 2.0496075
  vertex -0.16858356 0.13812125 2.036931
  vertex -0.16860403 0.13810644 2.036931
 endloop
endfacet
facet normal -0.4389921 0.6072738 -0.66219676
 outer loop
  vertex -0.1751459 0.14720011 2.0496075
  vertex -0.16860403 0.13810644 2.036931
  vertex -0.17516638 0.1471853 2.0496075
 endloop
endfacet
facet normal -0.31809255 0.43969733 0.8399306
 outer loop
  vertex -0.24081019 0.23804507 1.9718025
  vertex -0.28252077 0.29575065 1.9257977
  vertex -0.28254125 0.29573584 1.9257977
 endloop
endfacet
facet normal -0.31766763 0.4400353 0.8399145
 outer loop
  vertex -0.24081019 0.23804507 1.9718025
  vertex -0.28254125 0.29573584 1.9257977
  vertex -0.2408307 0.23803025 1.9718025
 endloop
endfacet
facet normal -0.46531135 0.6436651 -0.6076023
 outer loop
  vertex -0.10986711 0.05688851 2.1226664
  vertex -0.10000236 0.043240875 2.1006541
  vertex -0.10002285 0.043226063 2.1006541
 endloop
endfacet
facet normal -0.46532264 0.6436763 -0.60758185
 outer loop
  vertex -0.10986711 0.05688851 2.1226664
  vertex -0.10002285 0.043226063 2.1006541
  vertex -0.1098876 0.056873698 2.1226664
 endloop
endfacet
facet normal -0.20548362 0.28445217 0.9364099
 outer loop
  vertex -0.16858356 0.13812125 2.036931
  vertex -0.19560702 0.1755076 2.0196443
  vertex -0.19562753 0.1754928 2.0196443
 endloop
endfacet
facet normal -0.20569456 0.28432047 0.9364036
 outer loop
  vertex -0.16858356 0.13812125 2.036931
  vertex -0.19562753 0.1754928 2.0196443
  vertex -0.16860403 0.13810644 2.036931
 endloop
endfacet
facet normal 0.5325959 -0.7367398 -0.4166006
 outer loop
  vertex -0.23181994 0.22560729 1.9374937
  vertex -0.22241789 0.21259978 1.9725168
  vertex -0.22243838 0.21258497 1.9725168
 endloop
endfacet
facet normal 0.53259397 -0.73673904 -0.4166045
 outer loop
  vertex -0.23181994 0.22560729 1.9374937
  vertex -0.22243838 0.21258497 1.9725168
  vertex -0.23184043 0.22559248 1.9374937
 endloop
endfacet
facet normal -0.3436333 0.47558713 0.8097735
 outer loop
  vertex -0.10000236 0.043240875 2.1006541
  vertex -0.1259317 0.07911346 2.0685825
  vertex -0.12595218 0.07909866 2.0685825
 endloop
endfacet
facet normal -0.3437857 0.47549582 0.80976236
 outer loop
  vertex -0.10000236 0.043240875 2.1006541
  vertex -0.12595218 0.07909866 2.0685825
  vertex -0.10002285 0.043226063 2.1006541
 endloop
endfacet
facet normal 0.18799126 -0.25933737 0.9473137
 outer loop
  vertex -0.2271575 0.21915689 1.9858961
  vertex -0.27403298 0.28400803 2.012952
  vertex -0.27405345 0.28399318 2.012952
 endloop
endfacet
facet normal 0.1873796 -0.2597676 0.94731706
 outer loop
  vertex -0.2271575 0.21915689 1.9858961
  vertex -0.27405345 0.28399318 2.012952
  vertex -0.22717799 0.21914211 1.9858961
 endloop
endfacet
facet normal -0.2646131 0.36603922 -0.8921857
 outer loop
  vertex -0.23771054 0.23375677 1.9425843
  vertex -0.23181994 0.22560729 1.9374937
  vertex -0.23184043 0.22559248 1.9374937
 endloop
endfacet
facet normal -0.26436055 0.36621574 -0.8921881
 outer loop
  vertex -0.23771054 0.23375677 1.9425843
  vertex -0.23184043 0.22559248 1.9374937
  vertex -0.23773105 0.23374195 1.9425843
 endloop
endfacet
facet normal -0.31066728 0.4306124 0.84738356
 outer loop
  vertex -0.19560702 0.1755076 2.0196443
  vertex -0.2271575 0.21915689 1.9858961
  vertex -0.22717799 0.21914211 1.9858961
 endloop
endfacet
facet normal -0.31094205 0.43042374 0.8473786
 outer loop
  vertex -0.19560702 0.1755076 2.0196443
  vertex -0.22717799 0.21914211 1.9858961
  vertex -0.19562753 0.1754928 2.0196443
 endloop
endfacet
facet normal -0.24958594 0.34575436 -0.90452236
 outer loop
  vertex -0.27519184 0.28561127 1.9994717
  vertex -0.24081019 0.23804507 1.9718025
  vertex -0.2408307 0.23803025 1.9718025
 endloop
endfacet
facet normal -0.24966322 0.34572032 -0.9045141
 outer loop
  vertex -0.27519184 0.28561127 1.9994717
  vertex -0.2408307 0.23803025 1.9718025
  vertex -0.27521232 0.2855965 1.9994717
 endloop
endfacet
facet normal 0.17728548 -0.24523897 -0.95311475
 outer loop
  vertex -0.19177283 0.17020309 2.0029728
  vertex -0.16773032 0.13694084 2.0160034
  vertex -0.1677508 0.13692603 2.0160034
 endloop
endfacet
facet normal 0.1772886 -0.24524212 -0.95311344
 outer loop
  vertex -0.19177283 0.17020309 2.0029728
  vertex -0.1677508 0.13692603 2.0160034
  vertex -0.19179332 0.17018828 2.0029728
 endloop
endfacet
facet normal -0.5791584 0.8021811 0.14519267
 outer loop
  vertex -0.27403298 0.28400803 2.012952
  vertex -0.27519184 0.28561127 1.9994717
  vertex -0.27521232 0.2855965 1.9994717
 endloop
endfacet
facet normal -0.5806906 0.8010722 0.14519608
 outer loop
  vertex -0.27403298 0.28400803 2.012952
  vertex -0.27521232 0.2855965 1.9994717
  vertex -0.27405345 0.28399318 2.012952
 endloop
endfacet
facet normal 0.22870696 -0.31652948 -0.92059886
 outer loop
  vertex -0.1527016 0.116148986 2.0262127
  vertex -0.11832926 0.068595685 2.0511022
  vertex -0.118349746 0.06858088 2.0511022
 endloop
endfacet
facet normal 0.22868842 -0.31653163 -0.9206027
 outer loop
  vertex -0.1527016 0.116148986 2.0262127
  vertex -0.118349746 0.06858088 2.0511022
  vertex -0.1527221 0.116134174 2.0262127
 endloop
endfacet
facet normal -0.5833763 0.80861133 0.076287456
 outer loop
  vertex -0.16773032 0.13694084 2.0160034
  vertex -0.17025098 0.14042808 1.9597645
  vertex -0.17027147 0.1404133 1.9597645
 endloop
endfacet
facet normal -0.58415014 0.8080524 0.07628811
 outer loop
  vertex -0.16773032 0.13694084 2.0160034
  vertex -0.17027147 0.1404133 1.9597645
  vertex -0.1677508 0.13692603 2.0160034
 endloop
endfacet
facet normal -0.5011667 0.6932638 0.517897
 outer loop
  vertex -0.17151833 0.14218147 2.059836
  vertex -0.1751459 0.14720011 2.0496075
  vertex -0.17516638 0.1471853 2.0496075
 endloop
endfacet
facet normal -0.50141084 0.6930896 0.5178938
 outer loop
  vertex -0.17151833 0.14218147 2.059836
  vertex -0.17516638 0.1471853 2.0496075
  vertex -0.1715388 0.14216666 2.059836
 endloop
endfacet
facet normal 0.33782062 -0.46742475 -0.8169402
 outer loop
  vertex -0.11832926 0.068595685 2.0511022
  vertex -0.08443478 0.021703491 2.0919483
  vertex -0.08445527 0.021688683 2.0919483
 endloop
endfacet
facet normal 0.33780897 -0.46747038 -0.81691897
 outer loop
  vertex -0.11832926 0.068595685 2.0511022
  vertex -0.08445527 0.021688683 2.0919483
  vertex -0.118349746 0.06858088 2.0511022
 endloop
endfacet
facet normal 0.3033053 -0.41925701 -0.855704
 outer loop
  vertex -0.28001556 0.29228473 1.9148273
  vertex -0.23577075 0.2310731 1.960501
  vertex -0.23579122 0.23105828 1.960501
 endloop
endfacet
facet normal 0.30322582 -0.4192971 -0.8557126
 outer loop
  vertex -0.28001556 0.29228473 1.9148273
  vertex -0.23579122 0.23105828 1.960501
  vertex -0.28003603 0.29226992 1.9148273
 endloop
endfacet
facet normal 0.39317015 -0.54400903 -0.74126345
 outer loop
  vertex -0.08443478 0.021703491 2.0919483
  vertex -0.054346066 -0.019923503 2.1384573
  vertex -0.054366555 -0.01993831 2.1384573
 endloop
endfacet
facet normal 0.39317435 -0.54397094 -0.74128914
 outer loop
  vertex -0.08443478 0.021703491 2.0919483
  vertex -0.054366555 -0.01993831 2.1384573
  vertex -0.08445527 0.021688683 2.0919483
 endloop
endfacet
facet normal -0.44897592 0.6210683 0.64241314
 outer loop
  vertex -0.10586958 0.051358026 2.130807
  vertex -0.10986711 0.05688851 2.1226664
  vertex -0.1098876 0.056873698 2.1226664
 endloop
endfacet
facet normal -0.44883054 0.62117106 0.6424155
 outer loop
  vertex -0.10586958 0.051358026 2.130807
  vertex -0.1098876 0.056873698 2.1226664
  vertex -0.105890065 0.05134322 2.130807
 endloop
endfacet
facet normal -0.57554984 0.7973161 0.18174002
 outer loop
  vertex -0.23577075 0.2310731 1.960501
  vertex -0.23771054 0.23375677 1.9425843
  vertex -0.23773105 0.23374195 1.9425843
 endloop
endfacet
facet normal -0.5763742 0.79671997 0.18174165
 outer loop
  vertex -0.23577075 0.2310731 1.960501
  vertex -0.23773105 0.23374195 1.9425843
  vertex -0.23579122 0.23105828 1.960501
 endloop
endfacet
facet normal 0.4117881 -0.56966615 0.71127415
 outer loop
  vertex -0.054346066 -0.019923503 2.1384573
  vertex -0.062217493 -0.009033577 2.1517363
  vertex -0.062237978 -0.009048385 2.1517363
 endloop
endfacet
facet normal 0.4117455 -0.56970364 0.7112688
 outer loop
  vertex -0.054346066 -0.019923503 2.1384573
  vertex -0.062237978 -0.009048385 2.1517363
  vertex -0.054366555 -0.01993831 2.1384573
 endloop
endfacet
facet normal -0.2391518 0.33105925 0.9128013
 outer loop
  vertex -0.1259317 0.07911346 2.0685825
  vertex -0.15446618 0.11859025 2.046789
  vertex -0.15448669 0.11857544 2.046789
 endloop
endfacet
facet normal -0.23920341 0.33103544 0.91279644
 outer loop
  vertex -0.1259317 0.07911346 2.0685825
  vertex -0.15448669 0.11857544 2.046789
  vertex -0.12595218 0.07909866 2.0685825
 endloop
endfacet
facet normal -0.37591904 0.5201396 0.7669026
 outer loop
  vertex -0.062217493 -0.009033577 2.1517363
  vertex -0.088921726 0.027911091 2.1135893
  vertex -0.088942215 0.027896283 2.1135893
 endloop
endfacet
facet normal -0.3759358 0.5201272 0.76690286
 outer loop
  vertex -0.062217493 -0.009033577 2.1517363
  vertex -0.088942215 0.027896283 2.1135893
  vertex -0.062237978 -0.009048385 2.1517363
 endloop
endfacet
facet normal -0.2237572 0.3095233 -0.92419046
 outer loop
  vertex -0.17025098 0.14042808 1.9597645
  vertex -0.1638065 0.13151233 1.9552182
  vertex -0.16382699 0.13149752 1.9552182
 endloop
endfacet
facet normal -0.2234658 0.30973476 -0.9241901
 outer loop
  vertex -0.17025098 0.14042808 1.9597645
  vertex -0.16382699 0.13149752 1.9552182
  vertex -0.17027147 0.1404133 1.9597645
 endloop
endfacet
facet normal 0.23973522 -0.33138448 0.91253024
 outer loop
  vertex -0.15446618 0.11859025 2.046789
  vertex -0.17151833 0.14218147 2.059836
  vertex -0.1715388 0.14216666 2.059836
 endloop
endfacet
facet normal 0.23950341 -0.33155352 0.91252965
 outer loop
  vertex -0.15446618 0.11859025 2.046789
  vertex -0.1715388 0.14216666 2.059836
  vertex -0.15448669 0.11857544 2.046789
 endloop
endfacet
facet normal 0.29951784 -0.41453153 0.8593327
 outer loop
  vertex -0.088921726 0.027911091 2.1135893
  vertex -0.10586958 0.051358026 2.130807
  vertex -0.105890065 0.05134322 2.130807
 endloop
endfacet
facet normal 0.29955536 -0.41448748 0.85934085
 outer loop
  vertex -0.088921726 0.027911091 2.1135893
  vertex -0.105890065 0.05134322 2.130807
  vertex -0.088942215 0.027896283 2.1135893
 endloop
endfacet
facet normal 0.56575555 -0.78317875 -0.25797632
 outer loop
  vertex -0.1638065 0.13151233 1.9552182
  vertex -0.1527016 0.116148986 2.0262127
  vertex -0.1527221 0.116134174 2.0262127
 endloop
endfacet
facet normal 0.56597966 -0.78301585 -0.25797915
 outer loop
  vertex -0.1638065 0.13151233 1.9552182
  vertex -0.1527221 0.116134174 2.0262127
  vertex -0.16382699 0.13149752 1.9552182
 endloop
endfacet
facet normal 0.49906066 0.739695 0.4514308
 outer loop
  vertex -0.03134394 -0.037714984 2.9504457
  vertex -0.04794693 0.046516888 2.8307817
  vertex -0.08960286 0.054922123 2.8630602
 endloop
endfacet
facet normal 0.50767785 0.73824066 0.44414407
 outer loop
  vertex -0.03134394 -0.037714984 2.9504457
  vertex -0.08960286 0.054922123 2.8630602
  vertex -0.111663595 -0.008264512 2.9933033
 endloop
endfacet
facet normal 0.029106222 0.8864439 0.46191996
 outer loop
  vertex -0.13008693 0.07261248 2.8316627
  vertex -0.08960286 0.054922123 2.8630602
  vertex -0.08227423 0.075950965 2.8222432
 endloop
endfacet
facet normal 0.48759425 0.7905198 0.37058088
 outer loop
  vertex -0.11303161 -0.043119952 3.0694566
  vertex -0.03134394 -0.037714984 2.9504457
  vertex -0.111663595 -0.008264512 2.9933033
 endloop
endfacet
facet normal 0.27922195 0.87120914 0.40376934
 outer loop
  vertex -0.11303161 -0.043119952 3.0694566
  vertex -0.111663595 -0.008264512 2.9933033
  vertex -0.12365617 -0.042965613 3.0764709
 endloop
endfacet
facet normal 0.016564252 0.8984816 0.43869862
 outer loop
  vertex -0.18471718 0.01809221 2.9420815
  vertex -0.111663595 -0.008264512 2.9933033
  vertex -0.08960286 0.054922123 2.8630602
 endloop
endfacet
facet normal 0.034722943 0.88918746 0.45622364
 outer loop
  vertex -0.18471718 0.01809221 2.9420815
  vertex -0.08960286 0.054922123 2.8630602
  vertex -0.13008693 0.07261248 2.8316627
 endloop
endfacet
facet normal 0.05691517 0.9184488 0.3914236
 outer loop
  vertex -0.12365617 -0.042965613 3.0764709
  vertex -0.111663595 -0.008264512 2.9933033
  vertex -0.18471718 0.01809221 2.9420815
 endloop
endfacet
facet normal 0.47256365 0.86323935 0.17748639
 outer loop
  vertex -0.12365617 -0.042965613 3.0764709
  vertex -0.18471718 0.01809221 2.9420815
  vertex -0.13230401 -0.03678768 3.0694485
 endloop
endfacet
facet normal 0.5067837 0.7259199 0.46498454
 outer loop
  vertex -0.04794693 0.046516888 2.8307817
  vertex -0.08227423 0.075950965 2.8222432
  vertex -0.08960286 0.054922123 2.8630602
 endloop
endfacet
facet normal 0.33682328 -0.4066431 0.8492299
 outer loop
  vertex -0.013878798 -0.08677803 1.844529
  vertex -0.022371106 -0.05074713 1.8651502
  vertex -0.03131004 -0.060207143 1.8641658
 endloop
endfacet
facet normal -0.4138245 -0.4689375 0.78028643
 outer loop
  vertex -0.10079315 -0.09385034 1.7941837
  vertex -0.03790811 -0.22991203 1.7457643
  vertex -0.013878798 -0.08677803 1.844529
 endloop
endfacet
facet normal 0.41693947 -0.06329692 0.90672755
 outer loop
  vertex 0.12123558 -0.13268386 1.7568629
  vertex 0.05417611 -0.17564905 1.7846994
  vertex 0.10371943 -0.27193332 1.7551966
 endloop
endfacet
facet normal 0.37942362 -0.05877677 0.9233542
 outer loop
  vertex 0.12123558 -0.13268386 1.7568629
  vertex 0.10371943 -0.27193332 1.7551966
  vertex 0.1564965 -0.24087895 1.7354863
 endloop
endfacet
facet normal 0.31442207 -0.414623 0.85394764
 outer loop
  vertex -0.013878798 -0.08677803 1.844529
  vertex 0.006987756 -0.07814235 1.841039
  vertex -0.022371106 -0.05074713 1.8651502
 endloop
endfacet
facet normal 0.31443265 0.049911126 0.94796675
 outer loop
  vertex 0.10371943 -0.27193332 1.7551966
  vertex 0.1461417 -0.3399146 1.7447047
  vertex 0.18413813 -0.32450134 1.7312901
 endloop
endfacet
facet normal 0.3191304 0.05802268 0.9459329
 outer loop
  vertex 0.10371943 -0.27193332 1.7551966
  vertex 0.18413813 -0.32450134 1.7312901
  vertex 0.1564965 -0.24087895 1.7354863
 endloop
endfacet
facet normal 0.36601868 -0.023358408 0.93031436
 outer loop
  vertex 0.059966657 0.003866548 1.7843968
  vertex 0.12123558 -0.13268386 1.7568629
  vertex 0.17188808 -0.105757274 1.7376105
 endloop
endfacet
facet normal 0.45476145 -0.02767033 0.8901833
 outer loop
  vertex 0.12123558 -0.13268386 1.7568629
  vertex 0.1564965 -0.24087895 1.7354863
  vertex 0.1803901 -0.16834854 1.7255344
 endloop
endfacet
facet normal 0.6267679 0.12618041 0.7689216
 outer loop
  vertex 0.059966657 0.003866548 1.7843968
  vertex 0.006987756 -0.07814235 1.841039
  vertex 0.12123558 -0.13268386 1.7568629
 endloop
endfacet
facet normal 0.24532646 0.21745868 0.94473624
 outer loop
  vertex 0.1920818 -0.34676778 1.7343526
  vertex 0.18413813 -0.32450134 1.7312901
  vertex 0.1461417 -0.3399146 1.7447047
 endloop
endfacet
facet normal 0.24109788 0.17392793 0.95478845
 outer loop
  vertex 0.1920818 -0.34676778 1.7343526
  vertex 0.1461417 -0.3399146 1.7447047
  vertex 0.16650777 -0.36777225 1.7446367
 endloop
endfacet
facet normal -0.16996525 -0.36761507 0.91431457
 outer loop
  vertex 0.10371943 -0.27193332 1.7551966
  vertex 0.05417611 -0.17564905 1.7846994
  vertex -0.03790811 -0.22991203 1.7457643
 endloop
endfacet
facet normal -0.15639849 -0.31715986 0.93538713
 outer loop
  vertex 0.10371943 -0.27193332 1.7551966
  vertex -0.03790811 -0.22991203 1.7457643
  vertex 0.057035666 -0.30082673 1.7375941
 endloop
endfacet
facet normal 0.51461035 0.16641495 0.84111965
 outer loop
  vertex 0.17188808 -0.105757274 1.7376105
  vertex 0.16597752 -0.0064702807 1.7215828
  vertex 0.059966657 0.003866548 1.7843968
 endloop
endfacet
facet normal -0.23903403 -0.30263174 0.92264664
 outer loop
  vertex 0.057035666 -0.30082673 1.7375941
  vertex 0.071829885 -0.35612568 1.7232887
  vertex 0.103362665 -0.35955375 1.7303336
 endloop
endfacet
facet normal 0.20574832 0.1678804 0.9640974
 outer loop
  vertex 0.17188808 -0.105757274 1.7376105
  vertex 0.203409 -0.059121747 1.7227628
  vertex 0.16597752 -0.0064702807 1.7215828
 endloop
endfacet
facet normal 0.0776806 -0.010853424 0.9969192
 outer loop
  vertex 0.03120241 -0.32953474 1.7392945
  vertex 0.057035666 -0.30082673 1.7375941
  vertex -0.03790811 -0.22991203 1.7457643
 endloop
endfacet
facet normal -0.42904067 -0.3516683 0.83201766
 outer loop
  vertex 0.03120241 -0.32953474 1.7392945
  vertex -0.03790811 -0.22991203 1.7457643
  vertex -0.031650495 -0.2867236 1.7249786
 endloop
endfacet
facet normal -0.17135549 0.07687322 0.98220557
 outer loop
  vertex -0.031650495 -0.2867236 1.7249786
  vertex -0.0015685521 -0.32825303 1.733477
  vertex 0.03120241 -0.32953474 1.7392945
 endloop
endfacet
facet normal -0.1944872 -0.26703528 0.94385743
 outer loop
  vertex 0.103362665 -0.35955375 1.7303336
  vertex 0.1461417 -0.3399146 1.7447047
  vertex 0.10371943 -0.27193332 1.7551966
 endloop
endfacet
facet normal -0.19074734 -0.26724976 0.9445597
 outer loop
  vertex 0.103362665 -0.35955375 1.7303336
  vertex 0.10371943 -0.27193332 1.7551966
  vertex 0.057035666 -0.30082673 1.7375941
 endloop
endfacet
facet normal 0.29856077 -0.3650308 0.88182425
 outer loop
  vertex 0.05417611 -0.17564905 1.7846994
  vertex 0.006987756 -0.07814235 1.841039
  vertex -0.013878798 -0.08677803 1.844529
 endloop
endfacet
facet normal -0.23930673 -0.177284 0.95462173
 outer loop
  vertex 0.16650777 -0.36777225 1.7446367
  vertex 0.1461417 -0.3399146 1.7447047
  vertex 0.103362665 -0.35955375 1.7303336
 endloop
endfacet
facet normal -0.23461324 -0.124830775 0.9640404
 outer loop
  vertex 0.16650777 -0.36777225 1.7446367
  vertex 0.103362665 -0.35955375 1.7303336
  vertex 0.14385726 -0.38957566 1.7363011
 endloop
endfacet
facet normal -0.28598285 -0.06831371 0.95579654
 outer loop
  vertex 0.14385726 -0.38957566 1.7363011
  vertex 0.17737131 -0.3847946 1.7466705
  vertex 0.16650777 -0.36777225 1.7446367
 endloop
endfacet
facet normal 0.08489455 0.21384242 0.9731723
 outer loop
  vertex 0.2032276 -0.27710095 1.7192092
  vertex 0.18413813 -0.32450134 1.7312901
  vertex 0.20957 -0.3044706 1.72467
 endloop
endfacet
facet normal 0.38285303 0.08037233 0.9203064
 outer loop
  vertex 0.18413813 -0.32450134 1.7312901
  vertex 0.2032276 -0.27710095 1.7192092
  vertex 0.1564965 -0.24087895 1.7354863
 endloop
endfacet
facet normal -0.15410422 0.3228764 0.9338109
 outer loop
  vertex 0.1564965 -0.24087895 1.7354863
  vertex 0.18924004 -0.23237877 1.7379508
  vertex 0.20705505 -0.21245085 1.7340004
 endloop
endfacet
facet normal -0.05781811 0.15437877 0.9863185
 outer loop
  vertex 0.1564965 -0.24087895 1.7354863
  vertex 0.20705505 -0.21245085 1.7340004
  vertex 0.1803901 -0.16834854 1.7255344
 endloop
endfacet
facet normal -0.27764317 -0.12803818 0.9521137
 outer loop
  vertex -0.03790811 -0.22991203 1.7457643
  vertex -0.14614546 -0.2129967 1.7164762
  vertex -0.07333629 -0.2694414 1.7301173
 endloop
endfacet
facet normal -0.3648638 -0.45725444 0.81104416
 outer loop
  vertex -0.10079315 -0.09385034 1.7941837
  vertex -0.14153518 -0.15222104 1.7429466
  vertex -0.03790811 -0.22991203 1.7457643
 endloop
endfacet
facet normal -0.29579866 -0.36249414 0.88379925
 outer loop
  vertex -0.03790811 -0.22991203 1.7457643
  vertex -0.14153518 -0.15222104 1.7429466
  vertex -0.14614546 -0.2129967 1.7164762
 endloop
endfacet
facet normal -0.2620074 -0.1061543 0.95920974
 outer loop
  vertex -0.14614546 -0.2129967 1.7164762
  vertex -0.12546733 -0.26458547 1.7164152
  vertex -0.07333629 -0.2694414 1.7301173
 endloop
endfacet
facet normal 0.49916646 -0.23957938 0.83272713
 outer loop
  vertex 0.12123558 -0.13268386 1.7568629
  vertex 0.006987756 -0.07814235 1.841039
  vertex 0.05417611 -0.17564905 1.7846994
 endloop
endfacet
facet normal 0.1901122 0.23521303 0.9531695
 outer loop
  vertex 0.16650777 -0.36777225 1.7446367
  vertex 0.17737131 -0.3847946 1.7466705
  vertex 0.1920818 -0.34676778 1.7343526
 endloop
endfacet
facet normal -0.01482772 -0.5661843 0.82414526
 outer loop
  vertex -0.03790811 -0.22991203 1.7457643
  vertex 0.05417611 -0.17564905 1.7846994
  vertex -0.013878798 -0.08677803 1.844529
 endloop
endfacet
facet normal 0.8310824 -0.5561494 2.1999875e-07
 outer loop
  vertex -0.09355046 -0.016957449 2.614613
  vertex -0.087603316 -0.0080703255 2.6267328
  vertex -0.1054052 -0.03467257 2.658496
 endloop
endfacet
facet normal 0.8310822 -0.5561496 0
 outer loop
  vertex -0.1054052 -0.03467257 2.658496
  vertex -0.087603316 -0.0080703255 2.6267328
  vertex -0.09858242 -0.024476947 2.6636353
 endloop
endfacet
facet normal 0.831082 -0.55614996 7.33982e-08
 outer loop
  vertex -0.087603316 -0.0080703255 2.6267328
  vertex -0.082624465 -0.0006301876 2.6133106
  vertex -0.07457659 0.011396153 2.6303704
 endloop
endfacet
facet normal 0.8310822 -0.55614954 3.897365e-07
 outer loop
  vertex -0.082624465 -0.0006301876 2.6133106
  vertex -0.087603316 -0.0080703255 2.6267328
  vertex -0.09355046 -0.016957449 2.614613
 endloop
endfacet
facet normal 0.8310818 -0.55615026 3.576182e-07
 outer loop
  vertex -0.07457659 0.011396153 2.6303704
  vertex -0.082624465 -0.0006301876 2.6133106
  vertex -0.07328844 0.013321086 2.623259
 endloop
endfacet
facet normal 0.83108205 -0.5561498 1.7268424e-07
 outer loop
  vertex -0.071237296 0.01638621 2.5807242
  vertex -0.082624465 -0.0006301876 2.6133106
  vertex -0.078507766 0.005521586 2.57272
 endloop
endfacet
facet normal 0.8310822 -0.55614954 2.3089731e-07
 outer loop
  vertex -0.078507766 0.005521586 2.57272
  vertex -0.082624465 -0.0006301876 2.6133106
  vertex -0.09355046 -0.016957449 2.614613
 endloop
endfacet
facet normal 0.83108217 -0.5561496 1.3735672e-07
 outer loop
  vertex -0.060835056 0.031930797 2.5410347
  vertex -0.056731638 0.038062744 2.5536814
  vertex -0.078507766 0.005521586 2.57272
 endloop
endfacet
facet normal 0.83108217 -0.5561497 -1.5527694e-07
 outer loop
  vertex -0.078507766 0.005521586 2.57272
  vertex -0.056731638 0.038062744 2.5536814
  vertex -0.071237296 0.01638621 2.5807242
 endloop
endfacet
facet normal 0.8310823 -0.5561494 5.369454e-07
 outer loop
  vertex -0.056731638 0.038062744 2.5536814
  vertex -0.04941982 0.04898915 2.5409055
  vertex -0.044250242 0.056714326 2.5545478
 endloop
endfacet
facet normal 0.8310821 -0.55614966 2.2341808e-07
 outer loop
  vertex -0.04941982 0.04898915 2.5409055
  vertex -0.056731638 0.038062744 2.5536814
  vertex -0.060835056 0.031930797 2.5410347
 endloop
endfacet
facet normal 0.8310822 -0.5561496 6.081382e-07
 outer loop
  vertex -0.044250242 0.056714326 2.5545478
  vertex -0.04941982 0.04898915 2.5409055
  vertex -0.04349684 0.057840165 2.546239
 endloop
endfacet
facet normal 0.8310821 -0.5561498 -2.9634467e-07
 outer loop
  vertex -0.053009536 0.043624867 2.5276203
  vertex -0.035191923 0.070250615 2.5174842
  vertex -0.04941982 0.04898915 2.5409055
 endloop
endfacet
facet normal 0.83108217 -0.5561497 -2.660136e-07
 outer loop
  vertex -0.053009536 0.043624867 2.5276203
  vertex -0.04941982 0.04898915 2.5409055
  vertex -0.060835056 0.031930797 2.5410347
 endloop
endfacet
facet normal 0.83108217 -0.5561496 1.14443544e-07
 outer loop
  vertex -0.040007554 0.063054375 2.508317
  vertex -0.035191923 0.070250615 2.5174842
  vertex -0.053009536 0.043624867 2.5276203
 endloop
endfacet
facet normal 0.8310822 -0.5561495 2.0696817e-07
 outer loop
  vertex -0.059671577 0.03366943 2.4897578
  vertex -0.053009536 0.043624867 2.5276203
  vertex -0.06433241 0.026704513 2.4896815
 endloop
endfacet
facet normal 0.83108234 -0.55614936 1.0820042e-07
 outer loop
  vertex -0.06433241 0.026704513 2.4896815
  vertex -0.053009536 0.043624867 2.5276203
  vertex -0.060835056 0.031930797 2.5410347
 endloop
endfacet
facet normal 0.83108234 -0.5561494 3.4122596e-07
 outer loop
  vertex -0.025460098 0.08479336 2.474669
  vertex -0.020564564 0.09210901 2.4812796
  vertex -0.040007554 0.063054375 2.508317
 endloop
endfacet
facet normal 0.8310823 -0.5561496 6.559662e-08
 outer loop
  vertex -0.020564564 0.09210901 2.4812796
  vertex -0.035191923 0.070250615 2.5174842
  vertex -0.040007554 0.063054375 2.508317
 endloop
endfacet
facet normal 0.8310822 -0.55614954 3.3389725e-07
 outer loop
  vertex -0.020564564 0.09210901 2.4812796
  vertex -0.014160335 0.10167916 2.465946
  vertex 0.012457844 0.14145605 2.4779081
 endloop
endfacet
facet normal 0.8310823 -0.5561495 4.789905e-07
 outer loop
  vertex -0.01893792 0.09453977 2.4608269
  vertex -0.020564564 0.09210901 2.4812796
  vertex -0.025460098 0.08479336 2.474669
 endloop
endfacet
facet normal 0.83108234 -0.55614936 4.9130654e-07
 outer loop
  vertex -0.020564564 0.09210901 2.4812796
  vertex -0.01893792 0.09453977 2.4608269
  vertex -0.014160335 0.10167916 2.465946
 endloop
endfacet
facet normal 0.83108187 -0.5561501 -3.4404135e-07
 outer loop
  vertex 0.0049743652 0.13027307 2.4171753
  vertex -0.01893792 0.09453977 2.4608269
  vertex 0.0018165521 0.1255542 2.411135
 endloop
endfacet
facet normal 0.83108217 -0.55614966 1.6762536e-07
 outer loop
  vertex -0.02035546 0.092421465 2.4482546
  vertex -0.01893792 0.09453977 2.4608269
  vertex -0.024752472 0.08585079 2.447574
 endloop
endfacet
facet normal 0.8310821 -0.5561497 2.0605457e-07
 outer loop
  vertex -0.024752472 0.08585079 2.447574
  vertex -0.01893792 0.09453977 2.4608269
  vertex -0.025460098 0.08479336 2.474669
 endloop
endfacet
facet normal 0.83108246 -0.55614936 5.135206e-07
 outer loop
  vertex -0.014160335 0.10167916 2.465946
  vertex -0.01893792 0.09453977 2.4608269
  vertex 0.0049743652 0.13027307 2.4171753
 endloop
endfacet
facet normal 0.8310822 -0.55614966 8.3282947e-07
 outer loop
  vertex 0.012457844 0.14145605 2.4779081
  vertex -0.014160335 0.10167916 2.465946
  vertex 0.011204872 0.13958366 2.4685833
 endloop
endfacet
facet normal -0.83108217 0.5561496 -1.1999936e-07
 outer loop
  vertex -0.09356524 -0.016947547 2.614613
  vertex -0.10541998 -0.034662668 2.658496
  vertex -0.0876181 -0.008060431 2.6267328
 endloop
endfacet
facet normal -0.83108246 0.55614924 -5.7769495e-07
 outer loop
  vertex -0.10541998 -0.034662668 2.658496
  vertex -0.09859721 -0.024467053 2.6636353
  vertex -0.0876181 -0.008060431 2.6267328
 endloop
endfacet
facet normal -0.8310824 0.5561494 -3.7747645e-07
 outer loop
  vertex -0.0876181 -0.008060431 2.6267328
  vertex -0.07459138 0.011406055 2.6303704
  vertex -0.08263925 -0.00062028953 2.6133106
 endloop
endfacet
facet normal -0.83108217 0.5561496 -1.4434687e-07
 outer loop
  vertex -0.08263925 -0.00062028953 2.6133106
  vertex -0.09356524 -0.016947547 2.614613
  vertex -0.0876181 -0.008060431 2.6267328
 endloop
endfacet
facet normal -0.8310823 0.55614936 -3.9593436e-07
 outer loop
  vertex -0.07459138 0.011406055 2.6303704
  vertex -0.07330324 0.013330991 2.623259
  vertex -0.08263925 -0.00062028953 2.6133106
 endloop
endfacet
facet normal -0.83108234 0.55614936 4.9338333e-08
 outer loop
  vertex -0.07125209 0.016396116 2.5807242
  vertex -0.07852256 0.0055314843 2.57272
  vertex -0.08263925 -0.00062028953 2.6133106
 endloop
endfacet
facet normal -0.8310822 0.55614966 7.388715e-08
 outer loop
  vertex -0.07852256 0.0055314843 2.57272
  vertex -0.09356524 -0.016947547 2.614613
  vertex -0.08263925 -0.00062028953 2.6133106
 endloop
endfacet
facet normal -0.83108217 0.5561496 -9.157112e-08
 outer loop
  vertex -0.06084985 0.031940695 2.5410347
  vertex -0.07852256 0.0055314843 2.57272
  vertex -0.056746427 0.03807265 2.5536814
 endloop
endfacet
facet normal -0.8310823 0.55614954 -2.329153e-07
 outer loop
  vertex -0.07852256 0.0055314843 2.57272
  vertex -0.07125209 0.016396116 2.5807242
  vertex -0.056746427 0.03807265 2.5536814
 endloop
endfacet
facet normal -0.8310822 0.55614966 -2.6847277e-07
 outer loop
  vertex -0.056746427 0.03807265 2.5536814
  vertex -0.04426503 0.05672422 2.5545478
  vertex -0.049434617 0.048999045 2.5409055
 endloop
endfacet
facet normal -0.8310821 0.5561496 -2.513454e-07
 outer loop
  vertex -0.049434617 0.048999045 2.5409055
  vertex -0.06084985 0.031940695 2.5410347
  vertex -0.056746427 0.03807265 2.5536814
 endloop
endfacet
facet normal -0.8310819 0.55614996 -5.1311633e-07
 outer loop
  vertex -0.04426503 0.05672422 2.5545478
  vertex -0.04351163 0.05785006 2.546239
  vertex -0.049434617 0.048999045 2.5409055
 endloop
endfacet
facet normal -0.83108217 0.55614966 8.89034e-08
 outer loop
  vertex -0.05302433 0.04363476 2.5276203
  vertex -0.049434617 0.048999045 2.5409055
  vertex -0.035206717 0.07026051 2.5174842
 endloop
endfacet
facet normal -0.8310821 0.5561496 1.0640546e-07
 outer loop
  vertex -0.05302433 0.04363476 2.5276203
  vertex -0.06084985 0.031940695 2.5410347
  vertex -0.049434617 0.048999045 2.5409055
 endloop
endfacet
facet normal -0.83108217 0.5561496 -7.62957e-08
 outer loop
  vertex -0.040022347 0.06306427 2.508317
  vertex -0.05302433 0.04363476 2.5276203
  vertex -0.035206717 0.07026051 2.5174842
 endloop
endfacet
facet normal -0.83108205 0.5561498 -1.8397179e-07
 outer loop
  vertex -0.059686374 0.033679325 2.4897578
  vertex -0.06434721 0.02671441 2.4896815
  vertex -0.05302433 0.04363476 2.5276203
 endloop
endfacet
facet normal -0.8310822 0.55614954 -6.311692e-08
 outer loop
  vertex -0.06434721 0.02671441 2.4896815
  vertex -0.06084985 0.031940695 2.5410347
  vertex -0.05302433 0.04363476 2.5276203
 endloop
endfacet
facet normal -0.83108234 0.5561494 -4.3428764e-07
 outer loop
  vertex -0.025474891 0.084803246 2.474669
  vertex -0.040022347 0.06306427 2.508317
  vertex -0.020579357 0.0921189 2.4812796
 endloop
endfacet
facet normal -0.83108217 0.5561496 -1.574319e-07
 outer loop
  vertex -0.020579357 0.0921189 2.4812796
  vertex -0.040022347 0.06306427 2.508317
  vertex -0.035206717 0.07026051 2.5174842
 endloop
endfacet
facet normal -0.8310822 0.5561496 -2.671177e-07
 outer loop
  vertex -0.020579357 0.0921189 2.4812796
  vertex 0.012443058 0.14146595 2.4779081
  vertex -0.014175128 0.10168905 2.465946
 endloop
endfacet
facet normal -0.83108246 0.55614924 -5.4741733e-08
 outer loop
  vertex -0.018952709 0.09454968 2.4608269
  vertex -0.025474891 0.084803246 2.474669
  vertex -0.020579357 0.0921189 2.4812796
 endloop
endfacet
facet normal -0.8310819 0.55615 5.7239692e-08
 outer loop
  vertex -0.020579357 0.0921189 2.4812796
  vertex -0.014175128 0.10168905 2.465946
  vertex -0.018952709 0.09454968 2.4608269
 endloop
endfacet
facet normal -0.8310821 0.55614966 -2.8670021e-08
 outer loop
  vertex 0.0049595796 0.130283 2.4171753
  vertex 0.0018017516 0.1255641 2.411135
  vertex -0.018952709 0.09454968 2.4608269
 endloop
endfacet
facet normal -0.8310824 0.55614936 4.09751e-07
 outer loop
  vertex -0.020370256 0.092431374 2.4482546
  vertex -0.024767265 0.0858607 2.447574
  vertex -0.018952709 0.09454968 2.4608269
 endloop
endfacet
facet normal -0.8310822 0.55614954 2.409018e-07
 outer loop
  vertex -0.024767265 0.0858607 2.447574
  vertex -0.025474891 0.084803246 2.474669
  vertex -0.018952709 0.09454968 2.4608269
 endloop
endfacet
facet normal -0.8310821 0.55614984 1.9562717e-07
 outer loop
  vertex -0.014175128 0.10168905 2.465946
  vertex 0.0049595796 0.130283 2.4171753
  vertex -0.018952709 0.09454968 2.4608269
 endloop
endfacet
facet normal -0.83108234 0.55614936 6.679986e-07
 outer loop
  vertex 0.012443058 0.14146595 2.4779081
  vertex 0.011190072 0.13959356 2.4685833
  vertex -0.014175128 0.10168905 2.465946
 endloop
endfacet
facet normal -0.43892837 -0.65624416 -0.6137471
 outer loop
  vertex -0.025460098 0.08479336 2.474669
  vertex -0.040007554 0.063054375 2.508317
  vertex -0.040022347 0.06306427 2.508317
 endloop
endfacet
facet normal -0.438686 -0.6563787 -0.6137766
 outer loop
  vertex -0.025460098 0.08479336 2.474669
  vertex -0.040022347 0.06306427 2.508317
  vertex -0.025474891 0.084803246 2.474669
 endloop
endfacet
facet normal 0.4049413 0.6057348 -0.68491447
 outer loop
  vertex 0.0049743652 0.13027307 2.4171753
  vertex 0.0018165521 0.1255542 2.411135
  vertex 0.0018017516 0.1255641 2.411135
 endloop
endfacet
facet normal 0.40606034 0.60498124 -0.684918
 outer loop
  vertex 0.0049743652 0.13027307 2.4171753
  vertex 0.0018017516 0.1255641 2.411135
  vertex 0.0049595796 0.130283 2.4171753
 endloop
endfacet
facet normal 0.24890237 0.372229 -0.8941439
 outer loop
  vertex -0.04349684 0.057840165 2.546239
  vertex -0.04941982 0.04898915 2.5409055
  vertex -0.049434617 0.048999045 2.5409055
 endloop
endfacet
facet normal 0.24899544 0.37217146 -0.89414185
 outer loop
  vertex -0.04349684 0.057840165 2.546239
  vertex -0.049434617 0.048999045 2.5409055
  vertex -0.04351163 0.05785006 2.546239
 endloop
endfacet
facet normal 0.455391 0.6784711 0.5764513
 outer loop
  vertex -0.014160335 0.10167916 2.465946
  vertex 0.0049743652 0.13027307 2.4171753
  vertex 0.0049595796 0.130283 2.4171753
 endloop
endfacet
facet normal 0.45405042 0.6793765 0.5764423
 outer loop
  vertex -0.014160335 0.10167916 2.465946
  vertex 0.0049595796 0.130283 2.4171753
  vertex -0.014175128 0.10168905 2.465946
 endloop
endfacet
facet normal 0.28366414 0.4236279 -0.86027557
 outer loop
  vertex -0.07328844 0.013321086 2.623259
  vertex -0.082624465 -0.0006301876 2.6133106
  vertex -0.08263925 -0.00062028953 2.6133106
 endloop
endfacet
facet normal 0.2836165 0.42366576 -0.8602727
 outer loop
  vertex -0.07328844 0.013321086 2.623259
  vertex -0.08263925 -0.00062028953 2.6133106
  vertex -0.07330324 0.013330991 2.623259
 endloop
endfacet
facet normal 0.3754143 0.561284 0.73758006
 outer loop
  vertex -0.04941982 0.04898915 2.5409055
  vertex -0.035191923 0.070250615 2.5174842
  vertex -0.035206717 0.07026051 2.5174842
 endloop
endfacet
facet normal 0.37534586 0.5613217 0.7375862
 outer loop
  vertex -0.04941982 0.04898915 2.5409055
  vertex -0.035206717 0.07026051 2.5174842
  vertex -0.049434617 0.048999045 2.5409055
 endloop
endfacet
facet normal -0.5550545 -0.8304903 -0.046907317
 outer loop
  vertex -0.024752472 0.08585079 2.447574
  vertex -0.025460098 0.08479336 2.474669
  vertex -0.025474891 0.084803246 2.474669
 endloop
endfacet
facet normal -0.5559239 -0.8299086 -0.04690805
 outer loop
  vertex -0.024752472 0.08585079 2.447574
  vertex -0.025474891 0.084803246 2.474669
  vertex -0.024767265 0.0858607 2.447574
 endloop
endfacet
facet normal 0.47102857 0.70361996 0.53202546
 outer loop
  vertex -0.082624465 -0.0006301876 2.6133106
  vertex -0.071237296 0.01638621 2.5807242
  vertex -0.07125209 0.016396116 2.5807242
 endloop
endfacet
facet normal 0.4711051 0.70355433 0.53204435
 outer loop
  vertex -0.082624465 -0.0006301876 2.6133106
  vertex -0.07125209 0.016396116 2.5807242
  vertex -0.08263925 -0.00062028953 2.6133106
 endloop
endfacet
facet normal 0.031527918 0.047113817 0.9983918
 outer loop
  vertex -0.020564564 0.09210901 2.4812796
  vertex 0.012457844 0.14145605 2.4779081
  vertex 0.012443058 0.14146595 2.4779081
 endloop
endfacet
facet normal 0.03150572 0.04713481 0.99839157
 outer loop
  vertex -0.020564564 0.09210901 2.4812796
  vertex 0.012443058 0.14146595 2.4779081
  vertex -0.020579357 0.0921189 2.4812796
 endloop
endfacet
facet normal 0.047738414 0.07126663 -0.9963142
 outer loop
  vertex -0.02035546 0.092421465 2.4482546
  vertex -0.024752472 0.08585079 2.447574
  vertex -0.024767265 0.0858607 2.447574
 endloop
endfacet
facet normal 0.047731154 0.07127172 -0.99631417
 outer loop
  vertex -0.02035546 0.092421465 2.4482546
  vertex -0.024767265 0.0858607 2.447574
  vertex -0.020370256 0.092431374 2.4482546
 endloop
endfacet
facet normal 0.44956133 0.67264813 0.5877407
 outer loop
  vertex -0.035191923 0.070250615 2.5174842
  vertex -0.020564564 0.09210901 2.4812796
  vertex -0.020579357 0.0921189 2.4812796
 endloop
endfacet
facet normal 0.4498479 0.6724696 0.58772576
 outer loop
  vertex -0.035191923 0.070250615 2.5174842
  vertex -0.020579357 0.0921189 2.4812796
  vertex -0.035206717 0.07026051 2.5174842
 endloop
endfacet
facet normal 0.03207865 0.047997102 -0.99833226
 outer loop
  vertex 0.011204872 0.13958366 2.4685833
  vertex -0.014160335 0.10167916 2.465946
  vertex -0.014175128 0.10168905 2.465946
 endloop
endfacet
facet normal 0.03208797 0.047993295 -0.99833214
 outer loop
  vertex 0.011204872 0.13958366 2.4685833
  vertex -0.014175128 0.10168905 2.465946
  vertex 0.011190072 0.13959356 2.4685833
 endloop
endfacet
facet normal -0.35397518 -0.5292302 -0.771114
 outer loop
  vertex -0.040007554 0.063054375 2.508317
  vertex -0.053009536 0.043624867 2.5276203
  vertex -0.05302433 0.04363476 2.5276203
 endloop
endfacet
facet normal -0.35395825 -0.5292113 -0.77113485
 outer loop
  vertex -0.040007554 0.063054375 2.508317
  vertex -0.05302433 0.04363476 2.5276203
  vertex -0.040022347 0.06306427 2.508317
 endloop
endfacet
facet normal 0.5402182 0.8080899 -0.23485121
 outer loop
  vertex 0.012457844 0.14145605 2.4779081
  vertex 0.011204872 0.13958366 2.4685833
  vertex 0.011190072 0.13959356 2.4685833
 endloop
endfacet
facet normal 0.5405942 0.80783784 -0.23485266
 outer loop
  vertex 0.012457844 0.14145605 2.4779081
  vertex 0.011190072 0.13959356 2.4685833
  vertex 0.012443058 0.14146595 2.4779081
 endloop
endfacet
facet normal -0.39258623 -0.5868846 -0.708126
 outer loop
  vertex -0.060835056 0.031930797 2.5410347
  vertex -0.078507766 0.005521586 2.57272
  vertex -0.07852256 0.0055314843 2.57272
 endloop
endfacet
facet normal -0.39264563 -0.5868551 -0.7081176
 outer loop
  vertex -0.060835056 0.031930797 2.5410347
  vertex -0.07852256 0.0055314843 2.57272
  vertex -0.06084985 0.031940695 2.5410347
 endloop
endfacet
facet normal 0.52996767 0.792557 -0.3016416
 outer loop
  vertex -0.053009536 0.043624867 2.5276203
  vertex -0.059671577 0.03366943 2.4897578
  vertex -0.059686374 0.033679325 2.4897578
 endloop
endfacet
facet normal 0.5300603 0.79249614 -0.30163857
 outer loop
  vertex -0.053009536 0.043624867 2.5276203
  vertex -0.059686374 0.033679325 2.4897578
  vertex -0.05302433 0.04363476 2.5276203
 endloop
endfacet
facet normal 0.548806 0.82031614 0.1609139
 outer loop
  vertex -0.044250242 0.056714326 2.5545478
  vertex -0.04349684 0.057840165 2.546239
  vertex -0.04351163 0.05785006 2.546239
 endloop
endfacet
facet normal 0.54880893 0.82031435 0.16091357
 outer loop
  vertex -0.044250242 0.056714326 2.5545478
  vertex -0.04351163 0.05785006 2.546239
  vertex -0.04426503 0.05672422 2.5545478
 endloop
endfacet
facet normal -0.46755192 -0.6979857 -0.54241234
 outer loop
  vertex -0.078507766 0.005521586 2.57272
  vertex -0.09355046 -0.016957449 2.614613
  vertex -0.09356524 -0.016947547 2.614613
 endloop
endfacet
facet normal -0.46705875 -0.69832593 -0.5423993
 outer loop
  vertex -0.078507766 0.005521586 2.57272
  vertex -0.09356524 -0.016947547 2.614613
  vertex -0.07852256 0.0055314843 2.57272
 endloop
endfacet
facet normal -0.4450927 -0.66429245 -0.60050654
 outer loop
  vertex 0.0018165521 0.1255542 2.411135
  vertex -0.01893792 0.09453977 2.4608269
  vertex -0.018952709 0.09454968 2.4608269
 endloop
endfacet
facet normal -0.4444678 -0.6647025 -0.6005156
 outer loop
  vertex 0.0018165521 0.1255542 2.411135
  vertex -0.018952709 0.09454968 2.4608269
  vertex 0.0018017516 0.1255641 2.411135
 endloop
endfacet
facet normal -0.5006023 -0.74732506 -0.4369239
 outer loop
  vertex -0.09355046 -0.016957449 2.614613
  vertex -0.1054052 -0.03467257 2.658496
  vertex -0.10541998 -0.034662668 2.658496
 endloop
endfacet
facet normal -0.50060475 -0.74731934 -0.436931
 outer loop
  vertex -0.09355046 -0.016957449 2.614613
  vertex -0.10541998 -0.034662668 2.658496
  vertex -0.09356524 -0.016947547 2.614613
 endloop
endfacet
facet normal 0.5289435 0.790133 0.30969107
 outer loop
  vertex -0.07457659 0.011396153 2.6303704
  vertex -0.07328844 0.013321086 2.623259
  vertex -0.07330324 0.013330991 2.623259
 endloop
endfacet
facet normal 0.52880615 0.7902245 0.3096923
 outer loop
  vertex -0.07457659 0.011396153 2.6303704
  vertex -0.07330324 0.013330991 2.623259
  vertex -0.07459138 0.011406055 2.6303704
 endloop
endfacet
facet normal 0.54534245 0.81432337 -0.1986933
 outer loop
  vertex -0.01893792 0.09453977 2.4608269
  vertex -0.02035546 0.092421465 2.4482546
  vertex -0.020370256 0.092431374 2.4482546
 endloop
endfacet
facet normal 0.5455266 0.8141998 -0.19869418
 outer loop
  vertex -0.01893792 0.09453977 2.4608269
  vertex -0.020370256 0.092431374 2.4482546
  vertex -0.018952709 0.09454968 2.4608269
 endloop
endfacet
facet normal -0.21477894 -0.32119802 0.922335
 outer loop
  vertex -0.1054052 -0.03467257 2.658496
  vertex -0.09858242 -0.024476947 2.6636353
  vertex -0.09859721 -0.024467053 2.6636353
 endloop
endfacet
facet normal -0.21504122 -0.3210245 0.9223343
 outer loop
  vertex -0.1054052 -0.03467257 2.658496
  vertex -0.09859721 -0.024467053 2.6636353
  vertex -0.10541998 -0.034662668 2.658496
 endloop
endfacet
facet normal 0.40054438 0.59802973 0.6942079
 outer loop
  vertex -0.071237296 0.01638621 2.5807242
  vertex -0.056731638 0.038062744 2.5536814
  vertex -0.056746427 0.03807265 2.5536814
 endloop
endfacet
facet normal 0.4003882 0.59814626 0.69419765
 outer loop
  vertex -0.071237296 0.01638621 2.5807242
  vertex -0.056746427 0.03807265 2.5536814
  vertex -0.07125209 0.016396116 2.5807242
 endloop
endfacet
facet normal 0.4904737 0.7327559 0.47170365
 outer loop
  vertex -0.09858242 -0.024476947 2.6636353
  vertex -0.087603316 -0.0080703255 2.6267328
  vertex -0.0876181 -0.008060431 2.6267328
 endloop
endfacet
facet normal 0.4901439 0.732989 0.4716844
 outer loop
  vertex -0.09858242 -0.024476947 2.6636353
  vertex -0.0876181 -0.008060431 2.6267328
  vertex -0.09859721 -0.024467053 2.6636353
 endloop
endfacet
facet normal 0.0050614793 0.007566502 -0.9999586
 outer loop
  vertex -0.059671577 0.03366943 2.4897578
  vertex -0.06433241 0.026704513 2.4896815
  vertex -0.06434721 0.02671441 2.4896815
 endloop
endfacet
facet normal 0.005060149 0.007567361 -0.9999586
 outer loop
  vertex -0.059671577 0.03366943 2.4897578
  vertex -0.06434721 0.02671441 2.4896815
  vertex -0.059686374 0.033679325 2.4897578
 endloop
endfacet
facet normal -0.021450901 -0.032063283 0.9992556
 outer loop
  vertex -0.056731638 0.038062744 2.5536814
  vertex -0.044250242 0.056714326 2.5545478
  vertex -0.04426503 0.05672422 2.5545478
 endloop
endfacet
facet normal -0.021466961 -0.032052565 0.99925566
 outer loop
  vertex -0.056731638 0.038062744 2.5536814
  vertex -0.04426503 0.05672422 2.5545478
  vertex -0.056746427 0.03807265 2.5536814
 endloop
endfacet
facet normal -0.085345596 -0.12753677 0.9881551
 outer loop
  vertex -0.087603316 -0.0080703255 2.6267328
  vertex -0.07457659 0.011396153 2.6303704
  vertex -0.07459138 0.011406055 2.6303704
 endloop
endfacet
facet normal -0.08534895 -0.12752299 0.98815656
 outer loop
  vertex -0.087603316 -0.0080703255 2.6267328
  vertex -0.07459138 0.011406055 2.6303704
  vertex -0.0876181 -0.008060431 2.6267328
 endloop
endfacet
facet normal -0.5519769 -0.824953 0.12154833
 outer loop
  vertex -0.06433241 0.026704513 2.4896815
  vertex -0.060835056 0.031930797 2.5410347
  vertex -0.06084985 0.031940695 2.5410347
 endloop
endfacet
facet normal -0.55188465 -0.82501465 0.121549316
 outer loop
  vertex -0.06433241 0.026704513 2.4896815
  vertex -0.06084985 0.031940695 2.5410347
  vertex -0.06434721 0.02671441 2.4896815
 endloop
endfacet
facet normal -0.624711 -0.70279527 0.34031606
 outer loop
  vertex -0.22075568 -0.01560046 2.8699322
  vertex -0.20497996 -0.09244757 2.7401924
  vertex -0.15970536 -0.116784304 2.7730436
 endloop
endfacet
facet normal -0.6316363 -0.70005935 0.33309513
 outer loop
  vertex -0.22075568 -0.01560046 2.8699322
  vertex -0.15970536 -0.116784304 2.7730436
  vertex -0.1339783 -0.07378623 2.912197
 endloop
endfacet
facet normal -0.26290175 -0.898375 0.35185945
 outer loop
  vertex -0.1129612 -0.14294133 2.7411852
  vertex -0.15970536 -0.116784304 2.7730436
  vertex -0.16841337 -0.13138765 2.7292516
 endloop
endfacet
facet normal -0.62080336 -0.7419651 0.2531619
 outer loop
  vertex -0.1326244 -0.047426485 2.992772
  vertex -0.22075568 -0.01560046 2.8699322
  vertex -0.1339783 -0.07378623 2.912197
 endloop
endfacet
facet normal -0.46248317 -0.8403547 0.28268936
 outer loop
  vertex -0.1326244 -0.047426485 2.992772
  vertex -0.1339783 -0.07378623 2.912197
  vertex -0.12073523 -0.05146938 3.0002046
 endloop
endfacet
facet normal -0.2539228 -0.9098771 0.32809564
 outer loop
  vertex -0.04923711 -0.115944386 2.8608675
  vertex -0.1339783 -0.07378623 2.912197
  vertex -0.15970536 -0.116784304 2.7730436
 endloop
endfacet
facet normal -0.2678224 -0.89939725 0.3454789
 outer loop
  vertex -0.04923711 -0.115944386 2.8608675
  vertex -0.15970536 -0.116784304 2.7730436
  vertex -0.1129612 -0.14294133 2.7411852
 endloop
endfacet
facet normal -0.2889219 -0.91672367 0.27593797
 outer loop
  vertex -0.12073523 -0.05146938 3.0002046
  vertex -0.1339783 -0.07378623 2.912197
  vertex -0.04923711 -0.115944386 2.8608675
 endloop
endfacet
facet normal -0.6118958 -0.7892771 0.05123733
 outer loop
  vertex -0.12073523 -0.05146938 3.0002046
  vertex -0.04923711 -0.115944386 2.8608675
  vertex -0.11104824 -0.059462402 2.992763
 endloop
endfacet
facet normal -0.62941146 -0.69094974 0.3555695
 outer loop
  vertex -0.20497996 -0.09244757 2.7401924
  vertex -0.16841337 -0.13138765 2.7292516
  vertex -0.15970536 -0.116784304 2.7730436
 endloop
endfacet
facet normal -0.70999885 0.54709685 0.44338086
 outer loop
  vertex -0.12313996 0.039473504 2.8977094
  vertex -0.20489493 0.029791003 2.7787402
  vertex -0.21288487 -0.006630477 2.8108869
 endloop
endfacet
facet normal -0.70747656 0.5563155 0.43587843
 outer loop
  vertex -0.12313996 0.039473504 2.8977094
  vertex -0.21288487 -0.006630477 2.8108869
  vertex -0.15141894 -0.029958917 2.9404268
 endloop
endfacet
facet normal -0.8908525 0.023796072 0.45366886
 outer loop
  vertex -0.229742 -0.041515052 2.779615
  vertex -0.21288487 -0.006630477 2.8108869
  vertex -0.2333494 0.00112458 2.7702947
 endloop
endfacet
facet normal -0.7630118 0.5344455 0.363567
 outer loop
  vertex -0.11761235 -0.03323368 3.01619
  vertex -0.12313996 0.039473504 2.8977094
  vertex -0.15141894 -0.029958917 2.9404268
 endloop
endfacet
facet normal -0.8649869 0.3041457 0.39911532
 outer loop
  vertex -0.11761235 -0.03323368 3.01619
  vertex -0.15141894 -0.029958917 2.9404268
  vertex -0.11770266 -0.042647466 3.023168
 endloop
endfacet
facet normal -0.9027283 0.009777537 0.4301
 outer loop
  vertex -0.17641892 -0.09324528 2.8893936
  vertex -0.15141894 -0.029958917 2.9404268
  vertex -0.21288487 -0.006630477 2.8108869
 endloop
endfacet
facet normal -0.89346343 0.030021701 0.44813147
 outer loop
  vertex -0.17641892 -0.09324528 2.8893936
  vertex -0.21288487 -0.006630477 2.8108869
  vertex -0.229742 -0.041515052 2.779615
 endloop
endfacet
facet normal -0.92174095 0.054496486 0.38395783
 outer loop
  vertex -0.11770266 -0.042647466 3.023168
  vertex -0.15141894 -0.029958917 2.9404268
  vertex -0.17641892 -0.09324528 2.8893936
 endloop
endfacet
facet normal -0.83825856 0.5173518 0.17224893
 outer loop
  vertex -0.11770266 -0.042647466 3.023168
  vertex -0.17641892 -0.09324528 2.8893936
  vertex -0.12364614 -0.049951453 3.0161815
 endloop
endfacet
facet normal -0.6950536 0.55541706 0.45652205
 outer loop
  vertex -0.20489493 0.029791003 2.7787402
  vertex -0.2333494 0.00112458 2.7702947
  vertex -0.21288487 -0.006630477 2.8108869
 endloop
endfacet
facet normal 0.95105654 0.30901706 -5.0345268e-08
 outer loop
  vertex 0.066408366 3.543295e-08 0.21748589
  vertex 0.066408366 0 0
  vertex 0.053725496 0.039033856 -6.3594228e-09
 endloop
endfacet
facet normal 0.95105654 0.30901703 -5.293116e-08
 outer loop
  vertex 0.066408366 3.543295e-08 0.21748589
  vertex 0.053725496 0.039033856 -6.3594228e-09
  vertex 0.053725496 0.039033893 0.21748589
 endloop
endfacet
facet normal 0.5877853 0.809017 -1.3857557e-07
 outer loop
  vertex 0.053725496 0.039033893 0.21748589
  vertex 0.053725496 0.039033856 -6.3594228e-09
  vertex 0.020521313 0.06315811 -1.0289763e-08
 endloop
endfacet
facet normal 0.5877853 0.809017 -1.3857557e-07
 outer loop
  vertex 0.053725496 0.039033893 0.21748589
  vertex 0.020521313 0.06315811 -1.0289763e-08
  vertex 0.020521313 0.06315815 0.21748587
 endloop
endfacet
facet normal 0 1 -1.7128882e-07
 outer loop
  vertex 0.020521313 0.06315815 0.21748587
  vertex 0.020521313 0.06315811 -1.0289763e-08
  vertex -0.020521313 0.06315811 -1.0289763e-08
 endloop
endfacet
facet normal 0 1 -1.7128882e-07
 outer loop
  vertex 0.020521313 0.06315815 0.21748587
  vertex -0.020521313 0.06315811 -1.0289763e-08
  vertex -0.020521313 0.06315815 0.21748587
 endloop
endfacet
facet normal -0.5877853 0.809017 -1.3857557e-07
 outer loop
  vertex -0.020521313 0.06315815 0.21748587
  vertex -0.020521313 0.06315811 -1.0289763e-08
  vertex -0.053725496 0.039033856 -6.3594228e-09
 endloop
endfacet
facet normal -0.5877853 0.809017 -1.3857557e-07
 outer loop
  vertex -0.020521313 0.06315815 0.21748587
  vertex -0.053725496 0.039033856 -6.3594228e-09
  vertex -0.053725496 0.039033893 0.21748589
 endloop
endfacet
facet normal -0.95105654 0.30901706 -5.2931167e-08
 outer loop
  vertex -0.053725496 0.039033893 0.21748589
  vertex -0.053725496 0.039033856 -6.3594228e-09
  vertex -0.066408366 0 0
 endloop
endfacet
facet normal -0.95105654 0.30901703 -5.0345264e-08
 outer loop
  vertex -0.053725496 0.039033893 0.21748589
  vertex -0.066408366 0 0
  vertex -0.066408366 3.543295e-08 0.21748589
 endloop
endfacet
facet normal -0.95105654 -0.30901706 5.0345268e-08
 outer loop
  vertex -0.066408366 3.543295e-08 0.21748589
  vertex -0.066408366 0 0
  vertex -0.053725496 -0.039033856 6.3594228e-09
 endloop
endfacet
facet normal -0.95105654 -0.30901706 5.2931167e-08
 outer loop
  vertex -0.066408366 3.543295e-08 0.21748589
  vertex -0.053725496 -0.039033856 6.3594228e-09
  vertex -0.053725496 -0.03903382 0.21748589
 endloop
endfacet
facet normal -0.5877853 -0.809017 1.3857557e-07
 outer loop
  vertex -0.053725496 -0.03903382 0.21748589
  vertex -0.053725496 -0.039033856 6.3594228e-09
  vertex -0.020521313 -0.06315811 1.0289763e-08
 endloop
endfacet
facet normal -0.5877853 -0.809017 1.3857557e-07
 outer loop
  vertex -0.053725496 -0.03903382 0.21748589
  vertex -0.020521313 -0.06315811 1.0289763e-08
  vertex -0.020521313 -0.06315807 0.2174859
 endloop
endfacet
facet normal 0 -1 1.7128882e-07
 outer loop
  vertex -0.020521313 -0.06315807 0.2174859
  vertex -0.020521313 -0.06315811 1.0289763e-08
  vertex 0.020521313 -0.06315811 1.0289763e-08
 endloop
endfacet
facet normal 0 -1 1.7128882e-07
 outer loop
  vertex -0.020521313 -0.06315807 0.2174859
  vertex 0.020521313 -0.06315811 1.0289763e-08
  vertex 0.020521313 -0.06315807 0.2174859
 endloop
endfacet
facet normal 0.5877853 -0.809017 1.3857557e-07
 outer loop
  vertex 0.020521313 -0.06315807 0.2174859
  vertex 0.020521313 -0.06315811 1.0289763e-08
  vertex 0.053725496 -0.039033856 6.3594228e-09
 endloop
endfacet
facet normal 0.5877853 -0.809017 1.3857557e-07
 outer loop
  vertex 0.020521313 -0.06315807 0.2174859
  vertex 0.053725496 -0.039033856 6.3594228e-09
  vertex 0.053725496 -0.03903382 0.21748589
 endloop
endfacet
facet normal 0.95105654 -0.30901706 5.2931167e-08
 outer loop
  vertex 0.053725496 -0.03903382 0.21748589
  vertex 0.053725496 -0.039033856 6.3594228e-09
  vertex 0.066408366 0 0
 endloop
endfacet
facet normal 0.95105654 -0.30901706 5.0345268e-08
 outer loop
  vertex 0.053725496 -0.03903382 0.21748589
  vertex 0.066408366 0 0
  vertex 0.066408366 3.543295e-08 0.21748589
 endloop
endfacet
facet normal 0.9510563 0.30901694 0.0006897797
 outer loop
  vertex 0.06628688 -0.000121912715 0.43962505
  vertex 0.066408366 3.543295e-08 0.21748589
  vertex 0.053725496 0.039033893 0.21748589
 endloop
endfacet
facet normal 0.95060754 0.31039372 0.0009578369
 outer loop
  vertex 0.06628688 -0.000121912715 0.43962505
  vertex 0.053725496 0.039033893 0.21748589
  vertex 0.053555515 0.03886325 0.4414827
 endloop
endfacet
facet normal 0.58778495 0.80901647 0.0010623657
 outer loop
  vertex 0.053555515 0.03886325 0.4414827
  vertex 0.053725496 0.039033893 0.21748589
  vertex 0.020521313 0.06315815 0.21748587
 endloop
endfacet
facet normal 0.5882265 0.8086956 0.0009624557
 outer loop
  vertex 0.053555515 0.03886325 0.4414827
  vertex 0.020521313 0.06315815 0.21748587
  vertex 0.020367758 0.063004 0.4408534
 endloop
endfacet
facet normal -0 0.9999997 0.00069009594
 outer loop
  vertex 0.020367758 0.063004 0.4408534
  vertex 0.020521313 0.06315815 0.21748587
  vertex -0.020521313 0.06315815 0.21748587
 endloop
endfacet
facet normal 0.001815175 0.9999983 0.00035781375
 outer loop
  vertex 0.020367758 0.063004 0.4408534
  vertex -0.020521313 0.06315815 0.21748587
  vertex -0.020599788 0.063079394 0.43797752
 endloop
endfacet
facet normal -0.58778524 0.80901694 7.975679e-05
 outer loop
  vertex -0.020599788 0.063079394 0.43797752
  vertex -0.020521313 0.06315815 0.21748587
  vertex -0.053725496 0.039033893 0.21748589
 endloop
endfacet
facet normal -0.5873164 0.8093574 -2.782144e-05
 outer loop
  vertex -0.020599788 0.063079394 0.43797752
  vertex -0.053725496 0.039033893 0.21748589
  vertex -0.053698916 0.039060622 0.43395355
 endloop
endfacet
facet normal -0.95105654 0.30901703 7.862295e-05
 outer loop
  vertex -0.053698916 0.039060622 0.43395355
  vertex -0.053725496 0.039033893 0.21748589
  vertex -0.066408366 3.543295e-08 0.21748589
 endloop
endfacet
facet normal -0.9515247 0.30757225 0.0003668154
 outer loop
  vertex -0.053698916 0.039060622 0.43395355
  vertex -0.066408366 3.543295e-08 0.21748589
  vertex -0.06628688 0.00012205445 0.4303185
 endloop
endfacet
facet normal -0.95105624 -0.30901694 0.0007200446
 outer loop
  vertex -0.06628688 0.00012205445 0.4303185
  vertex -0.066408366 3.543295e-08 0.21748589
  vertex -0.053725496 -0.03903382 0.21748589
 endloop
endfacet
facet normal -0.9505797 -0.31047872 0.0010171018
 outer loop
  vertex -0.06628688 0.00012205445 0.4303185
  vertex -0.053725496 -0.03903382 0.21748589
  vertex -0.053555515 -0.038863108 0.42846087
 endloop
endfacet
facet normal -0.5877849 -0.80901647 0.0011281943
 outer loop
  vertex -0.053555515 -0.038863108 0.42846087
  vertex -0.053725496 -0.03903382 0.21748589
  vertex -0.020521313 -0.06315807 0.2174859
 endloop
endfacet
facet normal -0.588251 -0.80867773 0.0010162203
 outer loop
  vertex -0.053555515 -0.038863108 0.42846087
  vertex -0.020521313 -0.06315807 0.2174859
  vertex -0.020367758 -0.06300386 0.42909017
 endloop
endfacet
facet normal 0 -0.9999997 0.0007287758
 outer loop
  vertex -0.020367758 -0.06300386 0.42909017
  vertex -0.020521313 -0.06315807 0.2174859
  vertex 0.020521313 -0.06315807 0.2174859
 endloop
endfacet
facet normal -0.0018661383 -0.9999982 0.00036817393
 outer loop
  vertex -0.020367758 -0.06300386 0.42909017
  vertex 0.020521313 -0.06315807 0.2174859
  vertex 0.020599788 -0.06307925 0.43196604
 endloop
endfacet
facet normal 0.5877853 -0.80901694 8.224519e-05
 outer loop
  vertex 0.020599788 -0.06307925 0.43196604
  vertex 0.020521313 -0.06315807 0.2174859
  vertex 0.053725496 -0.03903382 0.21748589
 endloop
endfacet
facet normal 0.5873208 -0.8093543 -2.7312848e-05
 outer loop
  vertex 0.020599788 -0.06307925 0.43196604
  vertex 0.053725496 -0.03903382 0.21748589
  vertex 0.053698916 -0.03906048 0.43599
 endloop
endfacet
facet normal 0.95105654 -0.30901703 7.798502e-05
 outer loop
  vertex 0.053698916 -0.03906048 0.43599
  vertex 0.053725496 -0.03903382 0.21748589
  vertex 0.066408366 3.543295e-08 0.21748589
 endloop
endfacet
facet normal 0.95150506 -0.30763292 0.0003515017
 outer loop
  vertex 0.053698916 -0.03906048 0.43599
  vertex 0.066408366 3.543295e-08 0.21748589
  vertex 0.06628688 -0.000121912715 0.43962505
 endloop
endfacet
facet normal 0.9486444 0.3059694 0.08035371
 outer loop
  vertex 0.051621493 -0.01149748 0.65607816
  vertex 0.06628688 -0.000121912715 0.43962505
  vertex 0.053555515 0.03886325 0.4414827
 endloop
endfacet
facet normal 0.9486443 0.3059696 0.080353744
 outer loop
  vertex 0.051621493 -0.01149748 0.65607816
  vertex 0.053555515 0.03886325 0.4414827
  vertex 0.039529726 0.025529133 0.65784246
 endloop
endfacet
facet normal 0.5848897 0.8063672 0.0876121
 outer loop
  vertex 0.039529726 0.025529133 0.65784246
  vertex 0.053555515 0.03886325 0.4414827
  vertex 0.020367758 0.063004 0.4408534
 endloop
endfacet
facet normal 0.58488965 0.80636734 0.08761213
 outer loop
  vertex 0.039529726 0.025529133 0.65784246
  vertex 0.020367758 0.063004 0.4408534
  vertex 0.008009268 0.04845709 0.65724474
 endloop
endfacet
facet normal -0.0028608728 0.9977549 0.06691069
 outer loop
  vertex 0.008009268 0.04845709 0.65724474
  vertex 0.020367758 0.063004 0.4408534
  vertex -0.020599788 0.063079394 0.43797752
 endloop
endfacet
facet normal -0.002860795 0.9977548 0.066910684
 outer loop
  vertex 0.008009268 0.04845709 0.65724474
  vertex -0.020599788 0.063079394 0.43797752
  vertex -0.030900136 0.048528697 0.65451336
 endloop
endfacet
facet normal -0.58920395 0.8075582 0.026238285
 outer loop
  vertex -0.030900136 0.048528697 0.65451336
  vertex -0.020599788 0.063079394 0.43797752
  vertex -0.053698916 0.039060622 0.43395355
 endloop
endfacet
facet normal -0.58920395 0.80755824 0.026238285
 outer loop
  vertex -0.030900136 0.048528697 0.65451336
  vertex -0.053698916 0.039060622 0.43395355
  vertex -0.06233642 0.025716588 0.65069157
 endloop
endfacet
facet normal -0.9508288 0.30914214 -0.018859562
 outer loop
  vertex -0.06233642 0.025716588 0.65069157
  vertex -0.053698916 0.039060622 0.43395355
  vertex -0.06628688 0.00012205445 0.4303185
 endloop
endfacet
facet normal -0.9508288 0.30914208 -0.018859558
 outer loop
  vertex -0.06233642 0.025716588 0.65069157
  vertex -0.06628688 0.00012205445 0.4303185
  vertex -0.07429198 -0.011265773 0.64723915
 endloop
endfacet
facet normal -0.9500644 -0.30782136 -0.051220495
 outer loop
  vertex -0.07429198 -0.011265773 0.64723915
  vertex -0.06628688 0.00012205445 0.4303185
  vertex -0.053555515 -0.038863108 0.42846087
 endloop
endfacet
facet normal -0.9500645 -0.30782136 -0.051220495
 outer loop
  vertex -0.07429198 -0.011265773 0.64723915
  vertex -0.053555515 -0.038863108 0.42846087
  vertex -0.06220022 -0.04829239 0.6454748
 endloop
endfacet
facet normal -0.58650726 -0.80783117 -0.058463767
 outer loop
  vertex -0.06220022 -0.04829239 0.6454748
  vertex -0.053555515 -0.038863108 0.42846087
  vertex -0.020367758 -0.06300386 0.42909017
 endloop
endfacet
facet normal -0.58650726 -0.80783117 -0.058463756
 outer loop
  vertex -0.06220022 -0.04829239 0.6454748
  vertex -0.020367758 -0.06300386 0.42909017
  vertex -0.03067976 -0.07122035 0.6460725
 endloop
endfacet
facet normal 0.0008146189 -0.9992849 -0.03780131
 outer loop
  vertex -0.03067976 -0.07122035 0.6460725
  vertex -0.020367758 -0.06300386 0.42909017
  vertex 0.020599788 -0.06307925 0.43196604
 endloop
endfacet
facet normal 0.00081474 -0.999285 -0.037801288
 outer loop
  vertex -0.03067976 -0.07122035 0.6460725
  vertex 0.020599788 -0.06307925 0.43196604
  vertex 0.008229654 -0.07129195 0.6488039
 endloop
endfacet
facet normal 0.5870906 -0.8095162 0.0028319573
 outer loop
  vertex 0.008229654 -0.07129195 0.6488039
  vertex 0.020599788 -0.06307925 0.43196604
  vertex 0.053698916 -0.03906048 0.43599
 endloop
endfacet
facet normal 0.5870905 -0.8095164 0.0028319135
 outer loop
  vertex 0.008229654 -0.07129195 0.6488039
  vertex 0.053698916 -0.03906048 0.43599
  vertex 0.039665945 -0.048479848 0.65262574
 endloop
endfacet
facet normal 0.94910187 -0.31129903 0.04794444
 outer loop
  vertex 0.039665945 -0.048479848 0.65262574
  vertex 0.053698916 -0.03906048 0.43599
  vertex 0.06628688 -0.000121912715 0.43962505
 endloop
endfacet
facet normal 0.9491019 -0.3112986 0.047944546
 outer loop
  vertex 0.039665945 -0.048479848 0.65262574
  vertex 0.06628688 -0.000121912715 0.43962505
  vertex 0.051621493 -0.01149748 0.65607816
 endloop
endfacet
facet normal 0.94851035 0.30582568 0.08245529
 outer loop
  vertex 0.03702482 -0.022768809 0.8657937
  vertex 0.051621493 -0.01149748 0.65607816
  vertex 0.039529726 0.025529133 0.65784246
 endloop
endfacet
facet normal 0.94718707 0.30966532 0.083331145
 outer loop
  vertex 0.03702482 -0.022768809 0.8657937
  vertex 0.039529726 0.025529133 0.65784246
  vertex 0.025595067 0.012333221 0.86526847
 endloop
endfacet
facet normal 0.5846975 0.8061802 0.090566486
 outer loop
  vertex 0.025595067 0.012333221 0.86526847
  vertex 0.039529726 0.025529133 0.65784246
  vertex 0.008009268 0.04845709 0.65724474
 endloop
endfacet
facet normal 0.5866354 0.8048162 0.09016577
 outer loop
  vertex 0.025595067 0.012333221 0.86526847
  vertex 0.008009268 0.04845709 0.65724474
  vertex -0.0042704926 0.034029577 0.8659186
 endloop
endfacet
facet normal -0.0029935758 0.99762607 0.06879878
 outer loop
  vertex -0.0042704926 0.034029577 0.8659186
  vertex 0.008009268 0.04845709 0.65724474
  vertex -0.030900136 0.048528697 0.65451336
 endloop
endfacet
facet normal 0.0030004599 0.9976777 0.06804726
 outer loop
  vertex -0.0042704926 0.034029577 0.8659186
  vertex -0.030900136 0.048528697 0.65451336
  vertex -0.041164227 0.034032967 0.86749566
 endloop
endfacet
facet normal -0.5892249 0.80753225 0.026565176
 outer loop
  vertex -0.041164227 0.034032967 0.86749566
  vertex -0.030900136 0.048528697 0.65451336
  vertex -0.06233642 0.025716588 0.65069157
 endloop
endfacet
facet normal -0.5868109 0.809298 0.0262617
 outer loop
  vertex -0.041164227 0.034032967 0.86749566
  vertex -0.06233642 0.025716588 0.65069157
  vertex -0.07099398 0.012342108 0.8693974
 endloop
endfacet
facet normal -0.9508345 0.30913234 -0.018734876
 outer loop
  vertex -0.07099398 0.012342108 0.8693974
  vertex -0.06233642 0.025716588 0.65069157
  vertex -0.07429198 -0.011265773 0.64723915
 endloop
endfacet
facet normal -0.9513862 0.30744138 -0.018546999
 outer loop
  vertex -0.07099398 0.012342108 0.8693974
  vertex -0.07429198 -0.011265773 0.64723915
  vertex -0.0823658 -0.022757834 0.8708973
 endloop
endfacet
facet normal -0.95010227 -0.30788627 -0.05011758
 outer loop
  vertex -0.0823658 -0.022757834 0.8708973
  vertex -0.07429198 -0.011265773 0.64723915
  vertex -0.06220022 -0.04829239 0.6454748
 endloop
endfacet
facet normal -0.949461 -0.30990416 -0.049831633
 outer loop
  vertex -0.0823658 -0.022757834 0.8708973
  vertex -0.06220022 -0.04829239 0.6454748
  vertex -0.07093606 -0.05785987 0.8714225
 endloop
endfacet
facet normal -0.58658046 -0.8078906 -0.05688817
 outer loop
  vertex -0.07093606 -0.05785987 0.8714225
  vertex -0.06220022 -0.04829239 0.6454748
  vertex -0.03067976 -0.07122035 0.6460725
 endloop
endfacet
facet normal -0.5875994 -0.8071336 -0.057115074
 outer loop
  vertex -0.07093606 -0.05785987 0.8714225
  vertex -0.03067976 -0.07122035 0.6460725
  vertex -0.041070484 -0.079556234 0.8707724
 endloop
endfacet
facet normal 0.0007610442 -0.9993136 -0.037037183
 outer loop
  vertex -0.041070484 -0.079556234 0.8707724
  vertex -0.03067976 -0.07122035 0.6460725
  vertex 0.008229654 -0.07129195 0.6488039
 endloop
endfacet
facet normal -0.0016983472 -0.9992921 -0.03758262
 outer loop
  vertex -0.041070484 -0.079556234 0.8707724
  vertex 0.008229654 -0.07129195 0.6488039
  vertex -0.0041767387 -0.079559624 0.86919534
 endloop
endfacet
facet normal 0.5871028 -0.809508 0.0026819604
 outer loop
  vertex -0.0041767387 -0.079559624 0.86919534
  vertex 0.008229654 -0.07129195 0.6488039
  vertex 0.039665945 -0.048479848 0.65262574
 endloop
endfacet
facet normal 0.5882331 -0.80868584 0.0030287756
 outer loop
  vertex -0.0041767387 -0.079559624 0.86919534
  vertex 0.039665945 -0.048479848 0.65262574
  vertex 0.025653027 -0.05786876 0.8672937
 endloop
endfacet
facet normal 0.94907314 -0.31132585 0.048336383
 outer loop
  vertex 0.025653027 -0.05786876 0.8672937
  vertex 0.039665945 -0.048479848 0.65262574
  vertex 0.051621493 -0.01149748 0.65607816
 endloop
endfacet
facet normal 0.950762 -0.30590546 0.049734052
 outer loop
  vertex 0.025653027 -0.05786876 0.8672937
  vertex 0.051621493 -0.01149748 0.65607816
  vertex 0.03702482 -0.022768809 0.8657937
 endloop
endfacet
facet normal 0.9507382 0.30925432 -0.021413846
 outer loop
  vertex 0.040410165 -0.018121287 1.0832158
  vertex 0.03702482 -0.022768809 0.8657937
  vertex 0.025595067 0.012333221 0.86526847
 endloop
endfacet
facet normal 0.9508508 0.30890438 -0.021470398
 outer loop
  vertex 0.040410165 -0.018121287 1.0832158
  vertex 0.025595067 0.012333221 0.86526847
  vertex 0.029667133 0.01491286 1.0827209
 endloop
endfacet
facet normal 0.58732724 0.80908734 -0.020596638
 outer loop
  vertex 0.029667133 0.01491286 1.0827209
  vertex 0.025595067 0.012333221 0.86526847
  vertex -0.0042704926 0.034029577 0.8659186
 endloop
endfacet
facet normal 0.5876221 0.8088716 -0.020661818
 outer loop
  vertex 0.029667133 0.01491286 1.0827209
  vertex -0.0042704926 0.034029577 0.8659186
  vertex 0.0015718017 0.035338927 1.0833321
 endloop
endfacet
facet normal -0.00016535775 0.9999819 -0.0060178437
 outer loop
  vertex 0.0015718017 0.035338927 1.0833321
  vertex -0.0042704926 0.034029577 0.8659186
  vertex -0.041164227 0.034032967 0.86749566
 endloop
endfacet
facet normal 0.00019869725 0.9999814 -0.0060899244
 outer loop
  vertex 0.0015718017 0.035338927 1.0833321
  vertex -0.041164227 0.034032967 0.86749566
  vertex -0.033144366 0.03535486 1.0848156
 endloop
endfacet
facet normal -0.58732814 0.8091756 0.01675247
 outer loop
  vertex -0.033144366 0.03535486 1.0848156
  vertex -0.041164227 0.034032967 0.86749566
  vertex -0.07099398 0.012342108 0.8693974
 endloop
endfacet
facet normal -0.58703464 0.80938995 0.016678002
 outer loop
  vertex -0.033144366 0.03535486 1.0848156
  vertex -0.07099398 0.012342108 0.8693974
  vertex -0.061220977 0.014954571 1.0866052
 endloop
endfacet
facet normal -0.9501028 0.30948585 0.039026402
 outer loop
  vertex -0.061220977 0.014954571 1.0866052
  vertex -0.07099398 0.012342108 0.8693974
  vertex -0.0823658 -0.022757834 0.8708973
 endloop
endfacet
facet normal -0.9499927 0.3098328 0.03895496
 outer loop
  vertex -0.061220977 0.014954571 1.0866052
  vertex -0.0823658 -0.022757834 0.8708973
  vertex -0.07193371 -0.01806974 1.088017
 endloop
endfacet
facet normal -0.949791 -0.30848348 0.05229608
 outer loop
  vertex -0.07193371 -0.01806974 1.088017
  vertex -0.0823658 -0.022757834 0.8708973
  vertex -0.07093606 -0.05785987 0.8714225
 endloop
endfacet
facet normal -0.9499071 -0.30813664 0.052231826
 outer loop
  vertex -0.07193371 -0.01806974 1.088017
  vertex -0.07093606 -0.05785987 0.8714225
  vertex -0.06119068 -0.051103897 1.0885118
 endloop
endfacet
facet normal -0.58623236 -0.8085058 0.05147791
 outer loop
  vertex -0.06119068 -0.051103897 1.0885118
  vertex -0.07093606 -0.05785987 0.8714225
  vertex -0.041070484 -0.079556234 0.8707724
 endloop
endfacet
facet normal -0.5865319 -0.8082921 0.051422313
 outer loop
  vertex -0.06119068 -0.051103897 1.0885118
  vertex -0.041070484 -0.079556234 0.8707724
  vertex -0.03309534 -0.07152997 1.0879008
 endloop
endfacet
facet normal 0.0014849161 -0.9993183 0.036885794
 outer loop
  vertex -0.03309534 -0.07152997 1.0879008
  vertex -0.041070484 -0.079556234 0.8707724
  vertex -0.0041767387 -0.079559624 0.86919534
 endloop
endfacet
facet normal 0.0011157921 -0.9993206 0.036837067
 outer loop
  vertex -0.03309534 -0.07152997 1.0879008
  vertex -0.0041767387 -0.079559624 0.86919534
  vertex 0.0016208364 -0.0715459 1.0864171
 endloop
endfacet
facet normal 0.5886391 -0.8082729 0.014108153
 outer loop
  vertex 0.0016208364 -0.0715459 1.0864171
  vertex -0.0041767387 -0.079559624 0.86919534
  vertex 0.025653027 -0.05786876 0.8672937
 endloop
endfacet
facet normal 0.5883407 -0.8084908 0.014061826
 outer loop
  vertex 0.0016208364 -0.0715459 1.0864171
  vertex 0.025653027 -0.05786876 0.8672937
  vertex 0.029697452 -0.051145602 1.0846276
 endloop
endfacet
facet normal 0.9511841 -0.30851614 -0.008156985
 outer loop
  vertex 0.029697452 -0.051145602 1.0846276
  vertex 0.025653027 -0.05786876 0.8672937
  vertex 0.03702482 -0.022768809 0.8657937
 endloop
endfacet
facet normal 0.9510698 -0.30886707 -0.008206314
 outer loop
  vertex 0.029697452 -0.051145602 1.0846276
  vertex 0.03702482 -0.022768809 0.8657937
  vertex 0.040410165 -0.018121287 1.0832158
 endloop
endfacet
facet normal 0.95086586 0.30892384 -0.02049844
 outer loop
  vertex 0.043711856 -0.013434986 1.3069975
  vertex 0.040410165 -0.018121287 1.0832158
  vertex 0.029667133 0.01491286 1.0827209
 endloop
endfacet
facet normal 0.9507596 0.30925393 -0.020450065
 outer loop
  vertex 0.043711856 -0.013434986 1.3069975
  vertex 0.029667133 0.01491286 1.0827209
  vertex 0.03363807 0.017528022 1.3068843
 endloop
endfacet
facet normal 0.58764344 0.8088766 -0.01984641
 outer loop
  vertex 0.03363807 0.017528022 1.3068843
  vertex 0.029667133 0.01491286 1.0827209
  vertex 0.0015718017 0.035338927 1.0833321
 endloop
endfacet
facet normal 0.5890502 0.8078457 -0.02013032
 outer loop
  vertex 0.03363807 0.017528022 1.3068843
  vertex 0.0015718017 0.035338927 1.0833321
  vertex 0.0073341196 0.036666993 1.3052444
 endloop
endfacet
facet normal 0.000202976 0.999982 -0.0059898044
 outer loop
  vertex 0.0073341196 0.036666993 1.3052444
  vertex 0.0015718017 0.035338927 1.0833321
  vertex -0.033144366 0.03535486 1.0848156
 endloop
endfacet
facet normal 0.0006128982 0.9999814 -0.0060650767
 outer loop
  vertex 0.0073341196 0.036666993 1.3052444
  vertex -0.033144366 0.03535486 1.0848156
  vertex -0.025152786 0.036671497 1.3027041
 endloop
endfacet
facet normal -0.5870366 0.80938935 0.016640065
 outer loop
  vertex -0.025152786 0.036671497 1.3027041
  vertex -0.033144366 0.03535486 1.0848156
  vertex -0.061220977 0.014954571 1.0866052
 endloop
endfacet
facet normal -0.58980703 0.8073588 0.017306529
 outer loop
  vertex -0.025152786 0.036671497 1.3027041
  vertex -0.061220977 0.014954571 1.0866052
  vertex -0.051413737 0.017539801 1.3002338
 endloop
endfacet
facet normal -0.94994736 0.30985674 0.03986034
 outer loop
  vertex -0.051413737 0.017539801 1.3002338
  vertex -0.061220977 0.014954571 1.0866052
  vertex -0.07193371 -0.01806974 1.088017
 endloop
endfacet
facet normal -0.951325 0.30548668 0.04072684
 outer loop
  vertex -0.051413737 0.017539801 1.3002338
  vertex -0.07193371 -0.01806974 1.088017
  vertex -0.061417963 -0.013420427 1.298777
 endloop
endfacet
facet normal -0.9498167 -0.30807796 0.05418667
 outer loop
  vertex -0.061417963 -0.013420427 1.298777
  vertex -0.07193371 -0.01806974 1.088017
  vertex -0.06119068 -0.051103897 1.0885118
 endloop
endfacet
facet normal -0.9495916 -0.30875003 0.054307364
 outer loop
  vertex -0.061417963 -0.013420427 1.298777
  vertex -0.06119068 -0.051103897 1.0885118
  vertex -0.05134418 -0.04438344 1.2988902
 endloop
endfacet
facet normal -0.5864487 -0.8082329 0.053266693
 outer loop
  vertex -0.05134418 -0.04438344 1.2988902
  vertex -0.06119068 -0.051103897 1.0885118
  vertex -0.03309534 -0.07152997 1.0879008
 endloop
endfacet
facet normal -0.58967793 -0.805918 0.05268954
 outer loop
  vertex -0.05134418 -0.04438344 1.2988902
  vertex -0.03309534 -0.07152997 1.0879008
  vertex -0.025040222 -0.06352243 1.3005302
 endloop
endfacet
facet normal 0.0011479559 -0.9992926 0.03758948
 outer loop
  vertex -0.025040222 -0.06352243 1.3005302
  vertex -0.03309534 -0.07152997 1.0879008
  vertex 0.0016208364 -0.0715459 1.0864171
 endloop
endfacet
facet normal -0.0030367032 -0.9993081 0.03706899
 outer loop
  vertex -0.025040222 -0.06352243 1.3005302
  vertex 0.0016208364 -0.0715459 1.0864171
  vertex 0.007446689 -0.06352692 1.3030704
 endloop
endfacet
facet normal 0.5883421 -0.80848914 0.014103921
 outer loop
  vertex 0.007446689 -0.06352692 1.3030704
  vertex 0.0016208364 -0.0715459 1.0864171
  vertex 0.029697452 -0.051145602 1.0846276
 endloop
endfacet
facet normal 0.58791083 -0.80880386 0.014042146
 outer loop
  vertex 0.007446689 -0.06352692 1.3030704
  vertex 0.029697452 -0.051145602 1.0846276
  vertex 0.033707656 -0.04439522 1.3055407
 endloop
endfacet
facet normal 0.95107746 -0.30885336 -0.007827226
 outer loop
  vertex 0.033707656 -0.04439522 1.3055407
  vertex 0.029697452 -0.051145602 1.0846276
  vertex 0.040410165 -0.018121287 1.0832158
 endloop
endfacet
facet normal 0.95163274 -0.3071437 -0.00760844
 outer loop
  vertex 0.033707656 -0.04439522 1.3055407
  vertex 0.040410165 -0.018121287 1.0832158
  vertex 0.043711856 -0.013434986 1.3069975
 endloop
endfacet
facet normal 0.9480515 0.30872825 0.076714806
 outer loop
  vertex 0.027332565 -0.016974173 1.5236579
  vertex 0.043711856 -0.013434986 1.3069975
  vertex 0.03363807 0.017528022 1.3068843
 endloop
endfacet
facet normal 0.94820946 0.30826038 0.07664493
 outer loop
  vertex 0.027332565 -0.016974173 1.5236579
  vertex 0.03363807 0.017528022 1.3068843
  vertex 0.017993594 0.011778364 1.523554
 endloop
endfacet
facet normal 0.5845568 0.8088505 0.063671574
 outer loop
  vertex 0.017993594 0.011778364 1.523554
  vertex 0.03363807 0.017528022 1.3068843
  vertex 0.0073341196 0.036666993 1.3052444
 endloop
endfacet
facet normal 0.5849613 0.8085623 0.06361897
 outer loop
  vertex 0.017993594 0.011778364 1.523554
  vertex 0.0073341196 0.036666993 1.3052444
  vertex -0.0064198617 0.029560208 1.5220324
 endloop
endfacet
facet normal -0.0024115434 0.99946517 0.032611668
 outer loop
  vertex -0.0064198617 0.029560208 1.5220324
  vertex 0.0073341196 0.036666993 1.3052444
  vertex -0.025152786 0.036671497 1.3027041
 endloop
endfacet
facet normal -0.0019140078 0.9994676 0.032569252
 outer loop
  vertex -0.0064198617 0.029560208 1.5220324
  vertex -0.025152786 0.036671497 1.3027041
  vertex -0.036582693 0.029579295 1.5196741
 endloop
endfacet
facet normal -0.5885447 0.8084517 -0.004578093
 outer loop
  vertex -0.036582693 0.029579295 1.5196741
  vertex -0.025152786 0.036671497 1.3027041
  vertex -0.051413737 0.017539801 1.3002338
 endloop
endfacet
facet normal -0.58814216 0.8087444 -0.004621352
 outer loop
  vertex -0.036582693 0.029579295 1.5196741
  vertex -0.051413737 0.017539801 1.3002338
  vertex -0.060973722 0.0118283285 1.5173801
 endloop
endfacet
facet normal -0.95054847 0.30873927 -0.033727832
 outer loop
  vertex -0.060973722 0.0118283285 1.5173801
  vertex -0.051413737 0.017539801 1.3002338
  vertex -0.061417963 -0.013420427 1.298777
 endloop
endfacet
facet normal -0.95039344 0.30921054 -0.033782575
 outer loop
  vertex -0.060973722 0.0118283285 1.5173801
  vertex -0.061417963 -0.013420427 1.298777
  vertex -0.07027641 -0.01691242 1.5160265
 endloop
endfacet
facet normal -0.94998074 -0.30923516 -0.043706425
 outer loop
  vertex -0.07027641 -0.01691242 1.5160265
  vertex -0.061417963 -0.013420427 1.298777
  vertex -0.05134418 -0.04438344 1.2988902
 endloop
endfacet
facet normal -0.95013005 -0.30876577 -0.04377883
 outer loop
  vertex -0.07027641 -0.01691242 1.5160265
  vertex -0.05134418 -0.04438344 1.2988902
  vertex -0.060937423 -0.04566497 1.5161304
 endloop
endfacet
facet normal -0.58682066 -0.80913526 -0.030686973
 outer loop
  vertex -0.060937423 -0.04566497 1.5161304
  vertex -0.05134418 -0.04438344 1.2988902
  vertex -0.025040222 -0.06352243 1.3005302
 endloop
endfacet
facet normal -0.58721477 -0.8088458 -0.030776577
 outer loop
  vertex -0.060937423 -0.04566497 1.5161304
  vertex -0.025040222 -0.06352243 1.3005302
  vertex -0.036523964 -0.06344682 1.517652
 endloop
endfacet
facet normal -0.00016483989 -0.99999994 0.00033951222
 outer loop
  vertex -0.036523964 -0.06344682 1.517652
  vertex -0.025040222 -0.06352243 1.3005302
  vertex 0.007446689 -0.06352692 1.3030704
 endloop
endfacet
facet normal -0.00065159006 -0.9999997 0.00023977047
 outer loop
  vertex -0.036523964 -0.06344682 1.517652
  vertex 0.007446689 -0.06352692 1.3030704
  vertex -0.0063611222 -0.06346591 1.5200102
 endloop
endfacet
facet normal 0.5861084 -0.8093629 0.03753233
 outer loop
  vertex -0.0063611222 -0.06346591 1.5200102
  vertex 0.007446689 -0.06352692 1.3030704
  vertex 0.033707656 -0.04439522 1.3055407
 endloop
endfacet
facet normal 0.58571607 -0.8096514 0.037433386
 outer loop
  vertex -0.0063611222 -0.06346591 1.5200102
  vertex 0.033707656 -0.04439522 1.3055407
  vertex 0.018029917 -0.045714933 1.5223043
 endloop
endfacet
facet normal 0.9485127 -0.30963296 0.06671741
 outer loop
  vertex 0.018029917 -0.045714933 1.5223043
  vertex 0.033707656 -0.04439522 1.3055407
  vertex 0.043711856 -0.013434986 1.3069975
 endloop
endfacet
facet normal 0.9483662 -0.31010002 0.066629924
 outer loop
  vertex 0.018029917 -0.045714933 1.5223043
  vertex 0.043711856 -0.013434986 1.3069975
  vertex 0.027332565 -0.016974173 1.5236579
 endloop
endfacet
facet normal 0.9482097 0.30826044 0.076640904
 outer loop
  vertex 0.010923758 -0.02048579 1.7407937
  vertex 0.027332565 -0.016974173 1.5236579
  vertex 0.017993594 0.011778364 1.523554
 endloop
endfacet
facet normal 0.94788873 0.30921334 0.07677198
 outer loop
  vertex 0.010923758 -0.02048579 1.7407937
  vertex 0.017993594 0.011778364 1.523554
  vertex 0.0023962401 0.006046347 1.7392182
 endloop
endfacet
facet normal 0.5849474 0.8085584 0.06379501
 outer loop
  vertex 0.0023962401 0.006046347 1.7392182
  vertex 0.017993594 0.011778364 1.523554
  vertex -0.0064198617 0.029560208 1.5220324
 endloop
endfacet
facet normal 0.5839702 0.8092555 0.06391015
 outer loop
  vertex 0.0023962401 0.006046347 1.7392182
  vertex -0.0064198617 0.029560208 1.5220324
  vertex -0.020068085 0.02245438 1.7367179
 endloop
endfacet
facet normal -0.0019443545 0.9994549 0.03295712
 outer loop
  vertex -0.020068085 0.02245438 1.7367179
  vertex -0.0064198617 0.029560208 1.5220324
  vertex -0.036582693 0.029579295 1.5196741
 endloop
endfacet
facet normal -0.002331251 0.99945307 0.032986507
 outer loop
  vertex -0.020068085 0.02245438 1.7367179
  vertex -0.036582693 0.029579295 1.5196741
  vertex -0.047888592 0.022471009 1.7342479
 endloop
endfacet
facet normal -0.5881692 0.8087269 -0.0041995724
 outer loop
  vertex -0.047888592 0.022471009 1.7342479
  vertex -0.036582693 0.029579295 1.5196741
  vertex -0.060973722 0.0118283285 1.5173801
 endloop
endfacet
facet normal -0.58753467 0.8091877 -0.004260469
 outer loop
  vertex -0.047888592 0.022471009 1.7342479
  vertex -0.060973722 0.0118283285 1.5173801
  vertex -0.07043881 0.0060898787 1.7327516
 endloop
endfacet
facet normal -0.950405 0.30920234 -0.033529624
 outer loop
  vertex -0.07043881 0.0060898787 1.7327516
  vertex -0.060973722 0.0118283285 1.5173801
  vertex -0.07027641 -0.01691242 1.5160265
 endloop
endfacet
facet normal -0.95001864 0.3103738 -0.033653665
 outer loop
  vertex -0.07043881 0.0060898787 1.7327516
  vertex -0.07027641 -0.01691242 1.5160265
  vertex -0.07910531 -0.020431984 1.7328005
 endloop
endfacet
facet normal -0.95013297 -0.30876642 -0.04371075
 outer loop
  vertex -0.07910531 -0.020431984 1.7328005
  vertex -0.07027641 -0.01691242 1.5160265
  vertex -0.060937423 -0.04566497 1.5161304
 endloop
endfacet
facet normal -0.9503606 -0.30805036 -0.04381323
 outer loop
  vertex -0.07910531 -0.020431984 1.7328005
  vertex -0.060937423 -0.04566497 1.5161304
  vertex -0.0705778 -0.046964128 1.734376
 endloop
endfacet
facet normal -0.5872162 -0.8088457 -0.030753458
 outer loop
  vertex -0.0705778 -0.046964128 1.734376
  vertex -0.060937423 -0.04566497 1.5161304
  vertex -0.036523964 -0.06344682 1.517652
 endloop
endfacet
facet normal -0.5873094 -0.8087773 -0.030773304
 outer loop
  vertex -0.0705778 -0.046964128 1.734376
  vertex -0.036523964 -0.06344682 1.517652
  vertex -0.048113465 -0.06337217 1.7368761
 endloop
endfacet
facet normal -0.0006567515 -0.99999976 0.00030578725
 outer loop
  vertex -0.048113465 -0.06337217 1.7368761
  vertex -0.036523964 -0.06344682 1.517652
  vertex -0.0063611222 -0.06346591 1.5200102
 endloop
endfacet
facet normal -0.0006254348 -0.99999976 0.00031181652
 outer loop
  vertex -0.048113465 -0.06337217 1.7368761
  vertex -0.0063611222 -0.06346591 1.5200102
  vertex -0.020292949 -0.0633888 1.7393463
 endloop
endfacet
facet normal 0.58571154 -0.8096521 0.03748796
 outer loop
  vertex -0.020292949 -0.0633888 1.7393463
  vertex -0.0063611222 -0.06346591 1.5200102
  vertex 0.018029917 -0.045714933 1.5223043
 endloop
endfacet
facet normal 0.585683 -0.8096732 0.0374812
 outer loop
  vertex -0.020292949 -0.0633888 1.7393463
  vertex 0.018029917 -0.045714933 1.5223043
  vertex 0.0022572756 -0.047007665 1.7408426
 endloop
endfacet
facet normal 0.94836754 -0.31009957 0.06661252
 outer loop
  vertex 0.0022572756 -0.047007665 1.7408426
  vertex 0.018029917 -0.045714933 1.5223043
  vertex 0.027332565 -0.016974173 1.5236579
 endloop
endfacet
facet normal 0.9484608 -0.3098031 0.06666428
 outer loop
  vertex 0.0022572756 -0.047007665 1.7408426
  vertex 0.027332565 -0.016974173 1.5236579
  vertex 0.010923758 -0.02048579 1.7407937
 endloop
endfacet
facet normal 0.94818795 0.3091104 0.073419094
 outer loop
  vertex -0.0074769943 -0.015443122 1.9572037
  vertex 0.010923758 -0.02048579 1.7407937
  vertex 0.0023962401 0.006046347 1.7392182
 endloop
endfacet
facet normal 0.9476755 0.3106476 0.07354743
 outer loop
  vertex -0.0074769943 -0.015443122 1.9572037
  vertex 0.0023962401 0.006046347 1.7392182
  vertex -0.015268788 0.008666715 1.9557683
 endloop
endfacet
facet normal 0.5866306 0.8089596 0.03806543
 outer loop
  vertex -0.015268788 0.008666715 1.9557683
  vertex 0.0023962401 0.006046347 1.7392182
  vertex -0.020068085 0.02245438 1.7367179
 endloop
endfacet
facet normal 0.5853144 0.8099082 0.038153984
 outer loop
  vertex -0.015268788 0.008666715 1.9557683
  vertex -0.020068085 0.02245438 1.7367179
  vertex -0.03571687 0.023551524 1.9534941
 endloop
endfacet
facet normal 0.0010404204 0.999987 -0.0049860156
 outer loop
  vertex -0.03571687 0.023551524 1.9534941
  vertex -0.020068085 0.02245438 1.7367179
  vertex -0.047888592 0.022471009 1.7342479
 endloop
endfacet
facet normal -0.0005817008 0.99998784 -0.004895965
 outer loop
  vertex -0.03571687 0.023551524 1.9534941
  vertex -0.047888592 0.022471009 1.7342479
  vertex -0.061010767 0.023525821 1.9512496
 endloop
endfacet
facet normal -0.5855598 0.80967396 -0.039344728
 outer loop
  vertex -0.061010767 0.023525821 1.9512496
  vertex -0.047888592 0.022471009 1.7342479
  vertex -0.07043881 0.0060898787 1.7327516
 endloop
endfacet
facet normal -0.586874 0.80872816 -0.039212547
 outer loop
  vertex -0.061010767 0.023525821 1.9512496
  vertex -0.07043881 0.0060898787 1.7327516
  vertex -0.081489064 0.008599414 1.9498923
 endloop
endfacet
facet normal -0.94928634 0.31010094 -0.051892925
 outer loop
  vertex -0.081489064 0.008599414 1.9498923
  vertex -0.07043881 0.0060898787 1.7327516
  vertex -0.07910531 -0.020431984 1.7328005
 endloop
endfacet
facet normal -0.9497947 0.30857375 -0.051694278
 outer loop
  vertex -0.081489064 0.008599414 1.9498923
  vertex -0.07910531 -0.020431984 1.7328005
  vertex -0.08932977 -0.015526315 1.9499406
 endloop
endfacet
facet normal -0.9506986 -0.30780262 -0.037811555
 outer loop
  vertex -0.08932977 -0.015526315 1.9499406
  vertex -0.07910531 -0.020431984 1.7328005
  vertex -0.0705778 -0.046964128 1.734376
 endloop
endfacet
facet normal -0.95021486 -0.3093249 -0.037547465
 outer loop
  vertex -0.08932977 -0.015526315 1.9499406
  vertex -0.0705778 -0.046964128 1.734376
  vertex -0.08153798 -0.039636157 1.951376
 endloop
endfacet
facet normal -0.5896406 -0.80766183 -0.0025071115
 outer loop
  vertex -0.08153798 -0.039636157 1.951376
  vertex -0.0705778 -0.046964128 1.734376
  vertex -0.048113465 -0.06337217 1.7368761
 endloop
endfacet
facet normal -0.58835864 -0.80859715 -0.0022038687
 outer loop
  vertex -0.08153798 -0.039636157 1.951376
  vertex -0.048113465 -0.06337217 1.7368761
  vertex -0.061089892 -0.054520976 1.9536502
 endloop
endfacet
facet normal -0.004197283 -0.9991689 0.04054624
 outer loop
  vertex -0.061089892 -0.054520976 1.9536502
  vertex -0.048113465 -0.06337217 1.7368761
  vertex -0.020292949 -0.0633888 1.7393463
 endloop
endfacet
facet normal -0.0026088692 -0.999162 0.040848337
 outer loop
  vertex -0.061089892 -0.054520976 1.9536502
  vertex -0.020292949 -0.0633888 1.7393463
  vertex -0.03579599 -0.05449526 1.9558947
 endloop
endfacet
facet normal 0.58281136 -0.8091431 0.0749555
 outer loop
  vertex -0.03579599 -0.05449526 1.9558947
  vertex -0.020292949 -0.0633888 1.7393463
  vertex 0.0022572756 -0.047007665 1.7408426
 endloop
endfacet
facet normal 0.5840963 -0.80819184 0.075215995
 outer loop
  vertex -0.03579599 -0.05449526 1.9558947
  vertex 0.0022572756 -0.047007665 1.7408426
  vertex -0.015317681 -0.039568856 1.957252
 endloop
endfacet
facet normal 0.94693804 -0.3092671 0.087533034
 outer loop
  vertex -0.015317681 -0.039568856 1.957252
  vertex 0.0022572756 -0.047007665 1.7408426
  vertex 0.010923758 -0.02048579 1.7407937
 endloop
endfacet
facet normal 0.947421 -0.30772936 0.08772716
 outer loop
  vertex -0.015317681 -0.039568856 1.957252
  vertex 0.010923758 -0.02048579 1.7407937
  vertex -0.0074769943 -0.015443122 1.9572037
 endloop
endfacet
facet normal 0.9476852 0.31064415 0.073437564
 outer loop
  vertex -0.025901055 -0.01047636 2.17395
  vertex -0.0074769943 -0.015443122 1.9572037
  vertex -0.015268788 0.008666715 1.9557683
 endloop
endfacet
facet normal 0.9478032 0.3102899 0.07341224
 outer loop
  vertex -0.025901055 -0.01047636 2.17395
  vertex -0.015268788 0.008666715 1.9557683
  vertex -0.033041578 0.011207238 2.1744895
 endloop
endfacet
facet normal 0.5853144 0.8099082 0.038153965
 outer loop
  vertex -0.033041578 0.011207238 2.1744895
  vertex -0.015268788 0.008666715 1.9557683
  vertex -0.03571687 0.023551524 1.9534941
 endloop
endfacet
facet normal 0.5849443 0.81017464 0.03817333
 outer loop
  vertex -0.033041578 0.011207238 2.1744895
  vertex -0.03571687 0.023551524 1.9534941
  vertex -0.05151672 0.024595385 2.1734467
 endloop
endfacet
facet normal -0.00059125765 0.9999884 -0.0047882656
 outer loop
  vertex -0.05151672 0.024595385 2.1734467
  vertex -0.03571687 0.023551524 1.9534941
  vertex -0.061010767 0.023525821 1.9512496
 endloop
endfacet
facet normal -0.0004595268 0.99998844 -0.0047938945
 outer loop
  vertex -0.05151672 0.024595385 2.1734467
  vertex -0.061010767 0.023525821 1.9512496
  vertex -0.0742696 0.024574256 2.17122
 endloop
endfacet
facet normal -0.586873 0.8087281 -0.039228674
 outer loop
  vertex -0.0742696 0.024574256 2.17122
  vertex -0.061010767 0.023525821 1.9512496
  vertex -0.081489064 0.008599414 1.9498923
 endloop
endfacet
facet normal -0.5865658 0.8089497 -0.03925469
 outer loop
  vertex -0.0742696 0.024574256 2.17122
  vertex -0.081489064 0.008599414 1.9498923
  vertex -0.0926094 0.011151918 2.16866
 endloop
endfacet
facet normal -0.94978565 0.3085704 -0.051879525
 outer loop
  vertex -0.0926094 0.011151918 2.16866
  vertex -0.081489064 0.008599414 1.9498923
  vertex -0.08932977 -0.015526315 1.9499406
 endloop
endfacet
facet normal -0.95008624 0.30766144 -0.051773157
 outer loop
  vertex -0.0926094 0.011151918 2.16866
  vertex -0.08932977 -0.015526315 1.9499406
  vertex -0.099530935 -0.010544744 2.1667445
 endloop
endfacet
facet normal -0.95021194 -0.30932724 -0.037602328
 outer loop
  vertex -0.099530935 -0.010544744 2.1667445
  vertex -0.08932977 -0.015526315 1.9499406
  vertex -0.08153798 -0.039636157 1.951376
 endloop
endfacet
facet normal -0.9494417 -0.31173018 -0.037213393
 outer loop
  vertex -0.099530935 -0.010544744 2.1667445
  vertex -0.08153798 -0.039636157 1.951376
  vertex -0.09239041 -0.032228347 2.166205
 endloop
endfacet
facet normal -0.58838546 -0.80857843 -0.0018415473
 outer loop
  vertex -0.09239041 -0.032228347 2.166205
  vertex -0.08153798 -0.039636157 1.951376
  vertex -0.061089892 -0.054520976 1.9536502
 endloop
endfacet
facet normal -0.58673054 -0.80978096 -0.0014717426
 outer loop
  vertex -0.09239041 -0.032228347 2.166205
  vertex -0.061089892 -0.054520976 1.9536502
  vertex -0.07391526 -0.0456165 2.1672478
 endloop
endfacet
facet normal -0.002666024 -0.99913526 0.041491974
 outer loop
  vertex -0.07391526 -0.0456165 2.1672478
  vertex -0.061089892 -0.054520976 1.9536502
  vertex -0.03579599 -0.05449526 1.9558947
 endloop
endfacet
facet normal -0.0031242748 -0.9991374 0.04140941
 outer loop
  vertex -0.07391526 -0.0456165 2.1672478
  vertex -0.03579599 -0.05449526 1.9558947
  vertex -0.05116237 -0.045595367 2.1694744
 endloop
endfacet
facet normal 0.58405393 -0.8081775 0.0756977
 outer loop
  vertex -0.05116237 -0.045595367 2.1694744
  vertex -0.03579599 -0.05449526 1.9558947
  vertex -0.015317681 -0.039568856 1.957252
 endloop
endfacet
facet normal 0.58204955 -0.8096577 0.07531712
 outer loop
  vertex -0.05116237 -0.045595367 2.1694744
  vertex -0.015317681 -0.039568856 1.957252
  vertex -0.032822564 -0.03217303 2.1720345
 endloop
endfacet
facet normal 0.94741404 -0.30772692 0.087811016
 outer loop
  vertex -0.032822564 -0.03217303 2.1720345
  vertex -0.015317681 -0.039568856 1.957252
  vertex -0.0074769943 -0.015443122 1.9572037
 endloop
endfacet
facet normal 0.94677174 -0.30976358 0.08757663
 outer loop
  vertex -0.032822564 -0.03217303 2.1720345
  vertex -0.0074769943 -0.015443122 1.9572037
  vertex -0.025901055 -0.01047636 2.17395
 endloop
endfacet
facet normal 0.9455968 0.30884498 0.10228099
 outer loop
  vertex -0.04623018 -0.019768212 2.389952
  vertex -0.025901055 -0.01047636 2.17395
  vertex -0.033041578 0.011207238 2.1744895
 endloop
endfacet
facet normal 0.94655406 0.30601463 0.10193268
 outer loop
  vertex -0.04623018 -0.019768212 2.389952
  vertex -0.033041578 0.011207238 2.1744895
  vertex -0.052425455 -0.0007647434 2.390431
 endloop
endfacet
facet normal 0.5804297 0.8085211 0.0969271
 outer loop
  vertex -0.052425455 -0.0007647434 2.390431
  vertex -0.033041578 0.011207238 2.1744895
  vertex -0.05151672 0.024595385 2.1734467
 endloop
endfacet
facet normal 0.58287984 0.80677986 0.09673386
 outer loop
  vertex -0.052425455 -0.0007647434 2.390431
  vertex -0.05151672 0.024595385 2.1734467
  vertex -0.068566486 0.011005521 2.389524
 endloop
endfacet
facet normal -0.0070153424 0.99803793 0.062216576
 outer loop
  vertex -0.068566486 0.011005521 2.389524
  vertex -0.05151672 0.024595385 2.1734467
  vertex -0.0742696 0.024574256 2.17122
 endloop
endfacet
facet normal -0.0040054447 0.99805945 0.062139276
 outer loop
  vertex -0.068566486 0.011005521 2.389524
  vertex -0.0742696 0.024574256 2.17122
  vertex -0.08848796 0.011046742 2.3875778
 endloop
endfacet
facet normal -0.59160316 0.8061469 0.011525066
 outer loop
  vertex -0.08848796 0.011046742 2.3875778
  vertex -0.0742696 0.024574256 2.17122
  vertex -0.0926094 0.011151918 2.16866
 endloop
endfacet
facet normal -0.58917457 0.8079242 0.0114802
 outer loop
  vertex -0.08848796 0.011046742 2.3875778
  vertex -0.0926094 0.011151918 2.16866
  vertex -0.10458054 -0.00065682747 2.3853357
 endloop
endfacet
facet normal -0.9511639 0.30659872 -0.035841428
 outer loop
  vertex -0.10458054 -0.00065682747 2.3853357
  vertex -0.0926094 0.011151918 2.16866
  vertex -0.099530935 -0.010544744 2.1667445
 endloop
endfacet
facet normal -0.9502331 0.30945882 -0.0359493
 outer loop
  vertex -0.10458054 -0.00065682747 2.3853357
  vertex -0.099530935 -0.010544744 2.1667445
  vertex -0.11069741 -0.019634822 2.383654
 endloop
endfacet
facet normal -0.9484624 -0.31079468 -0.061851244
 outer loop
  vertex -0.11069741 -0.019634822 2.383654
  vertex -0.099530935 -0.010544744 2.1667445
  vertex -0.09239041 -0.032228347 2.166205
 endloop
endfacet
facet normal -0.9493776 -0.30793923 -0.062093664
 outer loop
  vertex -0.11069741 -0.019634822 2.383654
  vertex -0.09239041 -0.032228347 2.166205
  vertex -0.104502134 -0.038638297 2.3831751
 endloop
endfacet
facet normal -0.5837542 -0.8099612 -0.05651504
 outer loop
  vertex -0.104502134 -0.038638297 2.3831751
  vertex -0.09239041 -0.032228347 2.166205
  vertex -0.07391526 -0.0456165 2.1672478
 endloop
endfacet
facet normal -0.58615226 -0.8081996 -0.05691167
 outer loop
  vertex -0.104502134 -0.038638297 2.3831751
  vertex -0.07391526 -0.0456165 2.1672478
  vertex -0.08836109 -0.050408565 2.384082
 endloop
endfacet
facet normal 0.0030707663 -0.9997557 -0.021890143
 outer loop
  vertex -0.08836109 -0.050408565 2.384082
  vertex -0.07391526 -0.0456165 2.1672478
  vertex -0.05116237 -0.045595367 2.1694744
 endloop
endfacet
facet normal 0.000119874225 -0.9997491 -0.022401484
 outer loop
  vertex -0.08836109 -0.050408565 2.384082
  vertex -0.05116237 -0.045595367 2.1694744
  vertex -0.06843962 -0.050449785 2.3860283
 endloop
endfacet
facet normal 0.58773255 -0.8085437 0.028766008
 outer loop
  vertex -0.06843962 -0.050449785 2.3860283
  vertex -0.05116237 -0.045595367 2.1694744
  vertex -0.032822564 -0.03217303 2.1720345
 endloop
endfacet
facet normal 0.58535856 -0.8102832 0.028222306
 outer loop
  vertex -0.06843962 -0.050449785 2.3860283
  vertex -0.032822564 -0.03217303 2.1720345
  vertex -0.052347038 -0.038746215 2.3882704
 endloop
endfacet
facet normal 0.94795984 -0.30913794 0.0761964
 outer loop
  vertex -0.052347038 -0.038746215 2.3882704
  vertex -0.032822564 -0.03217303 2.1720345
  vertex -0.025901055 -0.01047636 2.17395
 endloop
endfacet
facet normal 0.9470727 -0.31196266 0.07571432
 outer loop
  vertex -0.052347038 -0.038746215 2.3882704
  vertex -0.025901055 -0.01047636 2.17395
  vertex -0.04623018 -0.019768212 2.389952
 endloop
endfacet
facet normal 0.9465292 0.30599964 0.10220876
 outer loop
  vertex -0.06650792 -0.028912552 2.605116
  vertex -0.04623018 -0.019768212 2.389952
  vertex -0.052425455 -0.0007647434 2.390431
 endloop
endfacet
facet normal 0.9466585 0.30561367 0.10216663
 outer loop
  vertex -0.06650792 -0.028912552 2.605116
  vertex -0.052425455 -0.0007647434 2.390431
  vertex -0.07183662 -0.0126203215 2.6057553
 endloop
endfacet
facet normal 0.58285815 0.8067679 0.09696372
 outer loop
  vertex -0.07183662 -0.0126203215 2.6057553
  vertex -0.052425455 -0.0007647434 2.390431
  vertex -0.068566486 0.011005521 2.389524
 endloop
endfacet
facet normal 0.58342624 0.8063615 0.09692791
 outer loop
  vertex -0.07183662 -0.0126203215 2.6057553
  vertex -0.068566486 0.011005521 2.389524
  vertex -0.08571181 -0.002543502 2.6054416
 endloop
endfacet
facet normal -0.00402208 0.9980488 0.062309075
 outer loop
  vertex -0.08571181 -0.002543502 2.6054416
  vertex -0.068566486 0.011005521 2.389524
  vertex -0.08848796 0.011046742 2.3875778
 endloop
endfacet
facet normal -0.0034535113 0.99805135 0.062302
 outer loop
  vertex -0.08571181 -0.002543502 2.6054416
  vertex -0.08848796 0.011046742 2.3875778
  vertex -0.102833614 -0.0025311015 2.6042938
 endloop
endfacet
facet normal -0.5891861 0.8079139 0.011616441
 outer loop
  vertex -0.102833614 -0.0025311015 2.6042938
  vertex -0.08848796 0.011046742 2.3875778
  vertex -0.10458054 -0.00065682747 2.3853357
 endloop
endfacet
facet normal -0.5889666 0.8080739 0.0116160605
 outer loop
  vertex -0.102833614 -0.0025311015 2.6042938
  vertex -0.10458054 -0.00065682747 2.3853357
  vertex -0.11666211 -0.012587851 2.6027508
 endloop
endfacet
facet normal -0.95024073 0.30945003 -0.035822466
 outer loop
  vertex -0.11666211 -0.012587851 2.6027508
  vertex -0.10458054 -0.00065682747 2.3853357
  vertex -0.11069741 -0.019634822 2.383654
 endloop
endfacet
facet normal -0.95022565 0.30949625 -0.035823543
 outer loop
  vertex -0.11666211 -0.012587851 2.6027508
  vertex -0.11069741 -0.019634822 2.383654
  vertex -0.121915266 -0.028872414 2.6014018
 endloop
endfacet
facet normal -0.9493838 -0.30794427 -0.06197408
 outer loop
  vertex -0.121915266 -0.028872414 2.6014018
  vertex -0.11069741 -0.019634822 2.383654
  vertex -0.104502134 -0.038638297 2.3831751
 endloop
endfacet
facet normal -0.9493436 -0.30806985 -0.061965253
 outer loop
  vertex -0.121915266 -0.028872414 2.6014018
  vertex -0.104502134 -0.038638297 2.3831751
  vertex -0.116586566 -0.04516464 2.6007624
 endloop
endfacet
facet normal -0.5861604 -0.8082018 -0.056795698
 outer loop
  vertex -0.116586566 -0.04516464 2.6007624
  vertex -0.104502134 -0.038638297 2.3831751
  vertex -0.08836109 -0.050408565 2.384082
 endloop
endfacet
facet normal -0.58584195 -0.808436 -0.056748554
 outer loop
  vertex -0.116586566 -0.04516464 2.6007624
  vertex -0.08836109 -0.050408565 2.384082
  vertex -0.10271138 -0.055241473 2.6010761
 endloop
endfacet
facet normal 0.00010599891 -0.99975216 -0.02225955
 outer loop
  vertex -0.10271138 -0.055241473 2.6010761
  vertex -0.08836109 -0.050408565 2.384082
  vertex -0.06843962 -0.050449785 2.3860283
 endloop
endfacet
facet normal 0.000761432 -0.99975425 -0.022155134
 outer loop
  vertex -0.10271138 -0.055241473 2.6010761
  vertex -0.06843962 -0.050449785 2.3860283
  vertex -0.085589565 -0.055253867 2.6022239
 endloop
endfacet
facet normal 0.58533645 -0.81029207 0.028426943
 outer loop
  vertex -0.085589565 -0.055253867 2.6022239
  vertex -0.06843962 -0.050449785 2.3860283
  vertex -0.052347038 -0.038746215 2.3882704
 endloop
endfacet
facet normal 0.5858354 -0.80992764 0.028532578
 outer loop
  vertex -0.085589565 -0.055253867 2.6022239
  vertex -0.052347038 -0.038746215 2.3882704
  vertex -0.07176109 -0.045197118 2.603767
 endloop
endfacet
facet normal 0.9470464 -0.3119778 0.07598019
 outer loop
  vertex -0.07176109 -0.045197118 2.603767
  vertex -0.052347038 -0.038746215 2.3882704
  vertex -0.04623018 -0.019768212 2.389952
 endloop
endfacet
facet normal 0.9470976 -0.311816 0.07600553
 outer loop
  vertex -0.07176109 -0.045197118 2.603767
  vertex -0.04623018 -0.019768212 2.389952
  vertex -0.06650792 -0.028912552 2.605116
 endloop
endfacet
facet normal 0.9477644 0.30652192 0.088243596
 outer loop
  vertex -0.0817141 -0.03777946 2.799235
  vertex -0.06650792 -0.028912552 2.605116
  vertex -0.07183662 -0.0126203215 2.6057553
 endloop
endfacet
facet normal 0.9480164 0.3057664 0.08815821
 outer loop
  vertex -0.0817141 -0.03777946 2.799235
  vertex -0.07183662 -0.0126203215 2.6057553
  vertex -0.08597391 -0.02472016 2.7997487
 endloop
endfacet
facet normal 0.583715 0.8066323 0.09284994
 outer loop
  vertex -0.08597391 -0.02472016 2.7997487
  vertex -0.07183662 -0.0126203215 2.6057553
  vertex -0.08571181 -0.002543502 2.6054416
 endloop
endfacet
facet normal 0.5843652 0.80616736 0.09279776
 outer loop
  vertex -0.08597391 -0.02472016 2.7997487
  vertex -0.08571181 -0.002543502 2.6054416
  vertex -0.09708649 -0.016636161 2.799498
 endloop
endfacet
facet normal -0.0041168425 0.99738246 0.072190024
 outer loop
  vertex -0.09708649 -0.016636161 2.799498
  vertex -0.08571181 -0.002543502 2.6054416
  vertex -0.102833614 -0.0025311015 2.6042938
 endloop
endfacet
facet normal -0.0033159298 0.99738705 0.07216677
 outer loop
  vertex -0.09708649 -0.016636161 2.799498
  vertex -0.102833614 -0.0025311015 2.6042938
  vertex -0.110807225 -0.016615275 2.798579
 endloop
endfacet
facet normal -0.59030974 0.8064504 0.034234665
 outer loop
  vertex -0.110807225 -0.016615275 2.798579
  vertex -0.102833614 -0.0025311015 2.6042938
  vertex -0.11666211 -0.012587851 2.6027508
 endloop
endfacet
facet normal -0.58966297 0.80692387 0.034225058
 outer loop
  vertex -0.110807225 -0.016615275 2.798579
  vertex -0.11666211 -0.012587851 2.6027508
  vertex -0.12189527 -0.024665477 2.7973428
 endloop
endfacet
facet normal -0.9515297 0.3074882 -0.006504793
 outer loop
  vertex -0.12189527 -0.024665477 2.7973428
  vertex -0.11666211 -0.012587851 2.6027508
  vertex -0.121915266 -0.028872414 2.6014018
 endloop
endfacet
facet normal -0.9512831 0.30824965 -0.0065211663
 outer loop
  vertex -0.12189527 -0.024665477 2.7973428
  vertex -0.121915266 -0.028872414 2.6014018
  vertex -0.12611535 -0.03771187 2.7962613
 endloop
endfacet
facet normal -0.95028704 -0.30945557 -0.034520805
 outer loop
  vertex -0.12611535 -0.03771187 2.7962613
  vertex -0.121915266 -0.028872414 2.6014018
  vertex -0.116586566 -0.04516464 2.6007624
 endloop
endfacet
facet normal -0.9505329 -0.3086949 -0.034561787
 outer loop
  vertex -0.12611535 -0.03771187 2.7962613
  vertex -0.116586566 -0.04516464 2.6007624
  vertex -0.12185554 -0.050771173 2.7957478
 endloop
endfacet
facet normal -0.5866007 -0.80893135 -0.03911106
 outer loop
  vertex -0.12185554 -0.050771173 2.7957478
  vertex -0.116586566 -0.04516464 2.6007624
  vertex -0.10271138 -0.055241473 2.6010761
 endloop
endfacet
facet normal -0.587243 -0.80846167 -0.039185006
 outer loop
  vertex -0.12185554 -0.050771173 2.7957478
  vertex -0.10271138 -0.055241473 2.6010761
  vertex -0.11074296 -0.058855176 2.7959983
 endloop
endfacet
facet normal 0.0005173685 -0.99982846 -0.018514708
 outer loop
  vertex -0.11074296 -0.058855176 2.7959983
  vertex -0.10271138 -0.055241473 2.6010761
  vertex -0.085589565 -0.055253867 2.6022239
 endloop
endfacet
facet normal -0.00027468553 -0.99982667 -0.01861749
 outer loop
  vertex -0.11074296 -0.058855176 2.7959983
  vertex -0.085589565 -0.055253867 2.6022239
  vertex -0.09702221 -0.05887606 2.7969174
 endloop
endfacet
facet normal 0.58663297 -0.80962086 0.019385159
 outer loop
  vertex -0.09702221 -0.05887606 2.7969174
  vertex -0.085589565 -0.055253867 2.6022239
  vertex -0.07176109 -0.045197118 2.603767
 endloop
endfacet
facet normal 0.58599514 -0.8100854 0.01926884
 outer loop
  vertex -0.09702221 -0.05887606 2.7969174
  vertex -0.07176109 -0.045197118 2.603767
  vertex -0.08593418 -0.050825853 2.7981536
 endloop
endfacet
facet normal 0.9485172 -0.31096095 0.060153816
 outer loop
  vertex -0.08593418 -0.050825853 2.7981536
  vertex -0.07176109 -0.045197118 2.603767
  vertex -0.06650792 -0.028912552 2.605116
 endloop
endfacet
facet normal 0.94827706 -0.3117135 0.060044214
 outer loop
  vertex -0.08593418 -0.050825853 2.7981536
  vertex -0.06650792 -0.028912552 2.605116
  vertex -0.0817141 -0.03777946 2.799235
 endloop
endfacet
facet normal 0.9479869 0.30574083 0.08856364
 outer loop
  vertex -0.096893966 -0.046546195 2.9919853
  vertex -0.0817141 -0.03777946 2.799235
  vertex -0.08597391 -0.02472016 2.7997487
 endloop
endfacet
facet normal 0.9488859 0.30301446 0.088305175
 outer loop
  vertex -0.096893966 -0.046546195 2.9919853
  vertex -0.08597391 -0.02472016 2.7997487
  vertex -0.10010869 -0.036756136 2.9929352
 endloop
endfacet
facet normal 0.5843525 0.8061556 0.092980415
 outer loop
  vertex -0.10010869 -0.036756136 2.9929352
  vertex -0.08597391 -0.02472016 2.7997487
  vertex -0.09708649 -0.016636161 2.799498
 endloop
endfacet
facet normal 0.5867995 0.80439293 0.09283529
 outer loop
  vertex -0.10010869 -0.036756136 2.9929352
  vertex -0.09708649 -0.016636161 2.799498
  vertex -0.108483456 -0.030725658 2.9936185
 endloop
endfacet
facet normal -0.0033179673 0.9973849 0.07219662
 outer loop
  vertex -0.108483456 -0.030725658 2.9936185
  vertex -0.09708649 -0.016636161 2.799498
  vertex -0.110807225 -0.016615275 2.798579
 endloop
endfacet
facet normal -0.0020526324 0.9973894 0.07218186
 outer loop
  vertex -0.108483456 -0.030725658 2.9936185
  vertex -0.110807225 -0.016615275 2.798579
  vertex -0.118819386 -0.030758196 2.9937742
 endloop
endfacet
facet normal -0.58966494 0.80692095 0.034261744
 outer loop
  vertex -0.118819386 -0.030758196 2.9937742
  vertex -0.110807225 -0.016615275 2.798579
  vertex -0.12189527 -0.024665477 2.7973428
 endloop
endfacet
facet normal -0.5896797 0.8069101 0.03426164
 outer loop
  vertex -0.118819386 -0.030758196 2.9937742
  vertex -0.12189527 -0.024665477 2.7973428
  vertex -0.1271685 -0.036841325 2.993343
 endloop
endfacet
facet normal -0.9512855 0.30824414 -0.0064449925
 outer loop
  vertex -0.1271685 -0.036841325 2.993343
  vertex -0.12189527 -0.024665477 2.7973428
  vertex -0.12611535 -0.03771187 2.7962613
 endloop
endfacet
facet normal -0.95127875 0.30826464 -0.006445047
 outer loop
  vertex -0.1271685 -0.036841325 2.993343
  vertex -0.12611535 -0.03771187 2.7962613
  vertex -0.13034174 -0.046651494 2.9924898
 endloop
endfacet
facet normal -0.9505335 -0.3086961 -0.034536008
 outer loop
  vertex -0.13034174 -0.046651494 2.9924898
  vertex -0.12611535 -0.03771187 2.7962613
  vertex -0.12185554 -0.050771173 2.7957478
 endloop
endfacet
facet normal -0.95051146 -0.30876443 -0.034533627
 outer loop
  vertex -0.13034174 -0.046651494 2.9924898
  vertex -0.12185554 -0.050771173 2.7957478
  vertex -0.12712702 -0.056441557 2.99154
 endloop
endfacet
facet normal -0.5872415 -0.80846083 -0.039224822
 outer loop
  vertex -0.12712702 -0.056441557 2.99154
  vertex -0.12185554 -0.050771173 2.7957478
  vertex -0.11074296 -0.058855176 2.7959983
 endloop
endfacet
facet normal -0.5859975 -0.80936843 -0.039109398
 outer loop
  vertex -0.12712702 -0.056441557 2.99154
  vertex -0.11074296 -0.058855176 2.7959983
  vertex -0.11875225 -0.062472027 2.9908566
 endloop
endfacet
facet normal -0.0002778956 -0.99982756 -0.018569663
 outer loop
  vertex -0.11875225 -0.062472027 2.9908566
  vertex -0.11074296 -0.058855176 2.7959983
  vertex -0.09702221 -0.05887606 2.7969174
 endloop
endfacet
facet normal 0.0028722067 -0.99982995 -0.018216748
 outer loop
  vertex -0.11875225 -0.062472027 2.9908566
  vertex -0.09702221 -0.05887606 2.7969174
  vertex -0.10841632 -0.062439494 2.9907007
 endloop
endfacet
facet normal 0.5859708 -0.81009614 0.019557357
 outer loop
  vertex -0.10841632 -0.062439494 2.9907007
  vertex -0.09702221 -0.05887606 2.7969174
  vertex -0.08593418 -0.050825853 2.7981536
 endloop
endfacet
facet normal 0.58808255 -0.80855614 0.01989681
 outer loop
  vertex -0.10841632 -0.062439494 2.9907007
  vertex -0.08593418 -0.050825853 2.7981536
  vertex -0.1000672 -0.056356363 2.991132
 endloop
endfacet
facet normal 0.9482387 -0.31173986 0.060511425
 outer loop
  vertex -0.1000672 -0.056356363 2.991132
  vertex -0.08593418 -0.050825853 2.7981536
  vertex -0.0817141 -0.03777946 2.799235
 endloop
endfacet
facet normal 0.9481685 -0.31195885 0.060483508
 outer loop
  vertex -0.1000672 -0.056356363 2.991132
  vertex -0.0817141 -0.03777946 2.799235
  vertex -0.096893966 -0.046546195 2.9919853
 endloop
endfacet
facet normal 0.015338837 -0.091567054 0.9956808
 outer loop
  vertex -0.1000672 -0.056356363 2.991132
  vertex -0.096893966 -0.046546195 2.9919853
  vertex -0.10010869 -0.036756136 2.9929352
 endloop
endfacet
facet normal 0.01528599 -0.09159122 0.9956793
 outer loop
  vertex -0.10010869 -0.036756136 2.9929352
  vertex -0.108483456 -0.030725658 2.9936185
  vertex -0.118819386 -0.030758196 2.9937742
 endloop
endfacet
facet normal 0.015299603 -0.091554515 0.99568254
 outer loop
  vertex -0.118819386 -0.030758196 2.9937742
  vertex -0.1271685 -0.036841325 2.993343
  vertex -0.13034174 -0.046651494 2.9924898
 endloop
endfacet
facet normal 0.015292667 -0.09158213 0.99568015
 outer loop
  vertex -0.13034174 -0.046651494 2.9924898
  vertex -0.12712702 -0.056441557 2.99154
  vertex -0.11875225 -0.062472027 2.9908566
 endloop
endfacet
facet normal 0.015308928 -0.09160597 0.9956777
 outer loop
  vertex -0.11875225 -0.062472027 2.9908566
  vertex -0.10841632 -0.062439494 2.9907007
  vertex -0.1000672 -0.056356363 2.991132
 endloop
endfacet
facet normal 0.015293776 -0.0915672 0.9956814
 outer loop
  vertex -0.1000672 -0.056356363 2.991132
  vertex -0.10010869 -0.036756136 2.9929352
  vertex -0.118819386 -0.030758196 2.9937742
 endloop
endfacet
facet normal 0.015315208 -0.09156573 0.9956812
 outer loop
  vertex -0.118819386 -0.030758196 2.9937742
  vertex -0.13034174 -0.046651494 2.9924898
  vertex -0.11875225 -0.062472027 2.9908566
 endloop
endfacet
facet normal 0.015295725 -0.0915658 0.9956816
 outer loop
  vertex -0.118819386 -0.030758196 2.9937742
  vertex -0.11875225 -0.062472027 2.9908566
  vertex -0.1000672 -0.056356363 2.991132
 endloop
endfacet
endsolid 
